# Pipeline Activity Log - ResNet152 with RAM+SSD+Redis Caching
# FETCH: timestamp,worker_id,image_idx,fetch_time,source (RAM|SSD|REDIS|S3)
# PROCESS: timestamp,main_id,batch_size,indices
FETCH,1762987782.728,53729,8,0.369,S3
FETCH,1762987782.728,53728,734,0.376,S3
FETCH,1762987782.737,53726,800,0.413,S3
FETCH,1762987782.753,53727,435,0.394,S3
FETCH,1762987782.771,53729,791,0.042,S3
FETCH,1762987782.779,53728,984,0.050,S3
FETCH,1762987782.801,53726,486,0.064,S3
FETCH,1762987782.841,53729,6,0.070,S3
FETCH,1762987782.847,53728,329,0.068,S3
FETCH,1762987782.869,53726,20,0.067,S3
FETCH,1762987782.873,53727,218,0.120,S3
FETCH,1762987782.879,53729,106,0.038,S3
FETCH,1762987782.957,53729,369,0.078,S3
FETCH,1762987782.964,53728,941,0.117,S3
FETCH,1762987782.988,53726,693,0.120,S3
FETCH,1762987783.059,53728,904,0.094,S3
FETCH,1762987783.068,53726,71,0.080,S3
FETCH,1762987783.079,53727,834,0.205,S3
FETCH,1762987783.129,53727,279,0.050,S3
FETCH,1762987783.129,53728,551,0.070,S3
FETCH,1762987783.146,53726,822,0.078,S3
FETCH,1762987783.166,53729,58,0.209,S3
FETCH,1762987783.193,53727,97,0.064,S3
FETCH,1762987783.193,53728,787,0.064,S3
FETCH,1762987783.216,53729,161,0.050,S3
FETCH,1762987783.228,53726,454,0.082,S3
FETCH,1762987783.255,53728,157,0.062,S3
FETCH,1762987783.255,53727,490,0.062,S3
FETCH,1762987783.262,53729,794,0.046,S3
FETCH,1762987783.286,53726,720,0.057,S3
FETCH,1762987783.330,53729,639,0.068,S3
FETCH,1762987783.332,53728,736,0.077,S3
FETCH,1762987783.332,53726,239,0.047,S3
FETCH,1762987783.336,53727,322,0.081,S3
FETCH,1762987783.397,53727,888,0.061,S3
FETCH,1762987783.397,53726,495,0.065,S3
FETCH,1762987783.397,53729,765,0.067,S3
FETCH,1762987783.404,53728,924,0.072,S3
FETCH,1762987783.448,53728,644,0.045,S3
FETCH,1762987783.449,53726,713,0.051,S3
FETCH,1762987783.449,53727,801,0.052,S3
FETCH,1762987783.452,53729,305,0.055,S3
FETCH,1762987783.493,53729,43,0.040,S3
FETCH,1762987783.515,53726,990,0.067,S3
FETCH,1762987783.515,53728,735,0.067,S3
FETCH,1762987783.516,53727,121,0.067,S3
FETCH,1762987783.545,53729,880,0.052,S3
FETCH,1762987783.572,53727,23,0.057,S3
FETCH,1762987783.573,53726,526,0.058,S3
FETCH,1762987783.573,53728,997,0.058,S3
FETCH,1762987783.594,53729,362,0.049,S3
FETCH,1762987783.617,53727,597,0.044,S3
FETCH,1762987783.625,53728,530,0.051,S3
FETCH,1762987783.628,53726,298,0.055,S3
FETCH,1762987783.656,53729,812,0.061,S3
FETCH,1762987783.675,53727,710,0.058,S3
FETCH,1762987783.681,53726,502,0.053,S3
FETCH,1762987783.714,53729,422,0.058,S3
FETCH,1762987783.714,53728,805,0.089,S3
FETCH,1762987783.740,53726,969,0.060,S3
FETCH,1762987783.740,53727,714,0.065,S3
FETCH,1762987783.762,53728,378,0.048,S3
FETCH,1762987783.805,53729,538,0.091,S3
FETCH,1762987783.813,53728,338,0.051,S3
FETCH,1762987783.826,53726,138,0.086,S3
FETCH,1762987783.826,53727,585,0.086,S3
FETCH,1762987783.867,53728,37,0.053,S3
FETCH,1762987783.875,53729,887,0.070,S3
FETCH,1762987783.885,53727,959,0.058,S3
FETCH,1762987783.910,53726,629,0.084,S3
FETCH,1762987783.915,53728,875,0.048,S3
FETCH,1762987783.939,53727,509,0.054,S3
FETCH,1762987783.967,53728,952,0.051,S3
FETCH,1762987783.967,53726,224,0.057,S3
FETCH,1762987783.967,53729,827,0.092,S3
FETCH,1762987783.994,53727,910,0.055,S3
FETCH,1762987784.018,53728,840,0.052,S3
FETCH,1762987784.019,53726,534,0.052,S3
FETCH,1762987784.027,53729,400,0.060,S3
FETCH,1762987784.046,53727,770,0.052,S3
FETCH,1762987784.069,53726,841,0.050,S3
FETCH,1762987784.082,53728,234,0.063,S3
FETCH,1762987784.095,53729,154,0.068,S3
FETCH,1762987784.124,53727,932,0.078,S3
FETCH,1762987784.145,53726,889,0.076,S3
FETCH,1762987784.148,53728,392,0.066,S3
FETCH,1762987784.159,53729,102,0.064,S3
FETCH,1762987784.173,53727,460,0.049,S3
FETCH,1762987784.204,53729,292,0.044,S3
FETCH,1762987784.209,53728,286,0.062,S3
FETCH,1762987784.239,53727,927,0.066,S3
FETCH,1762987784.239,53726,475,0.094,S3
FETCH,1762987784.249,53729,76,0.045,S3
FETCH,1762987784.299,53727,731,0.060,S3
FETCH,1762987784.303,53726,515,0.064,S3
FETCH,1762987784.303,53728,885,0.094,S3
FETCH,1762987784.316,53729,21,0.067,S3
FETCH,1762987784.348,53727,496,0.049,S3
FETCH,1762987784.357,53729,520,0.040,S3
FETCH,1762987784.375,53728,768,0.071,S3
FETCH,1762987784.375,53726,535,0.072,S3
FETCH,1762987784.417,53727,19,0.069,S3
FETCH,1762987784.424,53728,215,0.048,S3
FETCH,1762987784.424,53729,615,0.067,S3
FETCH,1762987784.446,53726,853,0.070,S3
FETCH,1762987784.473,53728,282,0.050,S3
FETCH,1762987784.477,53727,41,0.060,S3
FETCH,1762987784.479,53729,69,0.055,S3
FETCH,1762987784.506,53726,330,0.061,S3
FETCH,1762987784.521,53728,749,0.047,S3
FETCH,1762987784.548,53729,477,0.069,S3
FETCH,1762987784.569,53726,482,0.063,S3
FETCH,1762987784.570,53728,697,0.049,S3
FETCH,1762987784.570,53727,850,0.092,S3
FETCH,1762987784.599,53729,453,0.051,S3
FETCH,1762987784.627,53728,380,0.058,S3
FETCH,1762987784.627,53726,191,0.058,S3
FETCH,1762987784.639,53729,533,0.040,S3
FETCH,1762987784.689,53729,50,0.050,S3
FETCH,1762987784.694,53726,877,0.066,S3
FETCH,1762987784.695,53728,449,0.068,S3
FETCH,1762987784.701,53727,660,0.131,S3
FETCH,1762987784.747,53729,582,0.058,S3
FETCH,1762987784.748,53726,418,0.053,S3
FETCH,1762987784.773,53727,313,0.072,S3
FETCH,1762987784.783,53728,205,0.087,S3
FETCH,1762987784.809,53726,721,0.061,S3
FETCH,1762987784.824,53729,707,0.077,S3
FETCH,1762987784.845,53728,662,0.063,S3
FETCH,1762987784.876,53726,153,0.067,S3
FETCH,1762987784.879,53727,878,0.107,S3
FETCH,1762987784.892,53728,42,0.047,S3
FETCH,1762987784.930,53727,52,0.050,S3
FETCH,1762987784.930,53729,272,0.105,S3
FETCH,1762987784.938,53728,640,0.046,S3
FETCH,1762987784.938,53726,995,0.062,S3
FETCH,1762987784.971,53729,603,0.042,S3
FETCH,1762987784.996,53727,92,0.066,S3
FETCH,1762987785.016,53726,175,0.078,S3
FETCH,1762987785.055,53728,473,0.117,S3
FETCH,1762987785.055,53729,185,0.084,S3
FETCH,1762987785.056,53727,192,0.060,S3
FETCH,1762987785.071,53726,701,0.055,S3
FETCH,1762987785.113,53729,316,0.057,S3
FETCH,1762987785.118,53727,429,0.063,S3
FETCH,1762987785.138,53726,762,0.067,S3
FETCH,1762987785.145,53728,722,0.089,S3
FETCH,1762987785.153,53729,772,0.040,S3
FETCH,1762987785.174,53727,547,0.055,S3
FETCH,1762987785.191,53728,836,0.046,S3
FETCH,1762987785.191,53726,264,0.052,S3
FETCH,1762987785.194,53729,902,0.041,S3
FETCH,1762987785.219,53727,120,0.045,S3
FETCH,1762987785.248,53728,623,0.057,S3
FETCH,1762987785.278,53729,792,0.083,S3
FETCH,1762987785.284,53727,752,0.065,S3
FETCH,1762987785.298,53728,677,0.050,S3
FETCH,1762987785.332,53729,922,0.054,S3
FETCH,1762987785.344,53727,3,0.060,S3
FETCH,1762987785.352,53728,256,0.054,S3
FETCH,1762987785.364,53726,355,0.174,S3
FETCH,1762987785.393,53729,570,0.061,S3
FETCH,1762987785.446,53728,182,0.094,S3
FETCH,1762987785.446,53729,911,0.053,S3
FETCH,1762987785.446,53726,725,0.082,S3
FETCH,1762987785.461,53727,462,0.116,S3
FETCH,1762987785.496,53729,70,0.050,S3
FETCH,1762987785.496,53728,470,0.050,S3
FETCH,1762987785.537,53726,268,0.091,S3
FETCH,1762987785.537,53727,743,0.077,S3
FETCH,1762987785.546,53728,575,0.049,S3
FETCH,1762987785.556,53729,266,0.060,S3
FETCH,1762987785.596,53729,612,0.039,S3
FETCH,1762987785.608,53727,86,0.070,S3
FETCH,1762987785.608,53728,813,0.063,S3
FETCH,1762987785.614,53726,930,0.076,S3
FETCH,1762987785.669,53728,866,0.060,S3
FETCH,1762987785.669,53729,516,0.073,S3
FETCH,1762987785.673,53727,492,0.065,S3
FETCH,1762987785.732,53726,173,0.118,S3
FETCH,1762987785.733,53727,814,0.060,S3
FETCH,1762987785.750,53728,978,0.081,S3
FETCH,1762987785.750,53729,474,0.081,S3
FETCH,1762987785.798,53727,388,0.066,S3
FETCH,1762987785.798,53726,733,0.066,S3
FETCH,1762987785.799,53729,169,0.049,S3
FETCH,1762987785.799,53728,966,0.049,S3
FETCH,1762987785.845,53729,104,0.046,S3
FETCH,1762987785.850,53727,363,0.052,S3
FETCH,1762987785.850,53726,600,0.052,S3
FETCH,1762987785.898,53729,790,0.053,S3
FETCH,1762987785.903,53728,936,0.104,S3
FETCH,1762987785.968,53729,568,0.070,S3
FETCH,1762987785.984,53727,678,0.134,S3
FETCH,1762987785.984,53726,964,0.134,S3
FETCH,1762987785.985,53728,65,0.082,S3
FETCH,1762987786.033,53729,310,0.065,S3
FETCH,1762987786.047,53726,979,0.062,S3
FETCH,1762987786.055,53727,970,0.071,S3
FETCH,1762987786.080,53729,563,0.047,S3
FETCH,1762987786.112,53726,645,0.065,S3
FETCH,1762987786.121,53727,862,0.066,S3
FETCH,1762987786.134,53728,716,0.149,S3
FETCH,1762987786.196,53729,56,0.116,S3
FETCH,1762987786.196,53728,808,0.063,S3
FETCH,1762987786.196,53726,407,0.084,S3
FETCH,1762987786.197,53727,955,0.076,S3
FETCH,1762987786.246,53728,93,0.050,S3
FETCH,1762987786.246,53727,238,0.049,S3
FETCH,1762987786.254,53729,641,0.057,S3
FETCH,1762987786.254,53726,207,0.057,S3
FETCH,1762987786.326,53726,426,0.072,S3
FETCH,1762987786.326,53729,144,0.072,S3
FETCH,1762987786.327,53728,32,0.081,S3
FETCH,1762987786.346,53727,285,0.099,S3
FETCH,1762987786.366,53729,373,0.039,S3
FETCH,1762987786.378,53728,705,0.051,S3
FETCH,1762987786.385,53726,724,0.059,S3
FETCH,1762987786.394,53727,39,0.048,S3
FETCH,1762987786.428,53728,751,0.050,S3
FETCH,1762987786.450,53726,550,0.065,S3
FETCH,1762987786.450,53729,739,0.085,S3
FETCH,1762987786.463,53727,423,0.070,S3
FETCH,1762987786.476,53728,249,0.048,S3
FETCH,1762987786.495,53729,726,0.045,S3
FETCH,1762987786.530,53726,199,0.080,S3
FETCH,1762987786.549,53728,975,0.073,S3
FETCH,1762987786.557,53729,184,0.062,S3
FETCH,1762987786.557,53727,383,0.094,S3
FETCH,1762987786.584,53726,896,0.054,S3
FETCH,1762987786.610,53727,860,0.052,S3
FETCH,1762987786.610,53728,367,0.061,S3
FETCH,1762987786.611,53729,105,0.055,S3
FETCH,1762987786.647,53726,189,0.063,S3
FETCH,1762987786.654,53729,746,0.043,S3
FETCH,1762987786.662,53728,838,0.053,S3
FETCH,1762987786.695,53726,472,0.048,S3
FETCH,1762987786.696,53727,654,0.086,S3
FETCH,1762987786.760,53728,619,0.097,S3
FETCH,1762987786.760,53727,599,0.064,S3
FETCH,1762987786.769,53729,438,0.115,S3
FETCH,1762987786.783,53726,717,0.088,S3
FETCH,1762987786.835,53726,929,0.052,S3
FETCH,1762987786.835,53729,107,0.066,S3
FETCH,1762987786.836,53727,257,0.076,S3
FETCH,1762987786.864,53728,281,0.104,S3
FETCH,1762987786.904,53729,89,0.069,S3
FETCH,1762987786.911,53728,90,0.047,S3
FETCH,1762987786.911,53726,843,0.075,S3
FETCH,1762987786.954,53729,248,0.050,S3
FETCH,1762987786.961,53727,289,0.125,S3
FETCH,1762987786.987,53728,376,0.076,S3
FETCH,1762987787.009,53726,826,0.098,S3
FETCH,1762987787.018,53727,900,0.056,S3
FETCH,1762987787.024,53729,352,0.070,S3
FETCH,1762987787.051,53728,128,0.064,S3
FETCH,1762987787.070,53727,346,0.052,S3
FETCH,1762987787.083,53729,553,0.059,S3
FETCH,1762987787.092,53726,347,0.084,S3
FETCH,1762987787.098,53728,417,0.046,S3
FETCH,1762987787.119,53727,368,0.049,S3
FETCH,1762987787.132,53729,661,0.048,S3
FETCH,1762987787.150,53726,500,0.058,S3
FETCH,1762987787.166,53728,306,0.068,S3
FETCH,1762987787.194,53729,489,0.063,S3
FETCH,1762987787.210,53727,158,0.091,S3
FETCH,1762987787.225,53726,341,0.075,S3
FETCH,1762987787.234,53728,981,0.068,S3
FETCH,1762987787.241,53729,51,0.046,S3
FETCH,1762987787.268,53727,616,0.057,S3
FETCH,1762987787.284,53726,797,0.059,S3
FETCH,1762987787.293,53728,85,0.059,S3
FETCH,1762987787.293,53729,926,0.053,S3
FETCH,1762987787.337,53727,394,0.069,S3
FETCH,1762987787.375,53729,522,0.081,S3
FETCH,1762987787.385,53728,618,0.092,S3
FETCH,1762987787.404,53727,80,0.067,S3
FETCH,1762987787.480,53728,403,0.095,S3
FETCH,1762987787.480,53727,665,0.076,S3
FETCH,1762987787.480,53729,655,0.106,S3
FETCH,1762987787.481,53726,709,0.196,S3
FETCH,1762987787.549,53729,221,0.068,S3
FETCH,1762987787.549,53728,803,0.068,S3
FETCH,1762987787.549,53727,847,0.068,S3
FETCH,1762987787.576,53726,62,0.096,S3
FETCH,1762987787.605,53729,937,0.056,S3
FETCH,1762987787.609,53727,604,0.061,S3
FETCH,1762987787.631,53728,740,0.082,S3
FETCH,1762987787.660,53729,708,0.056,S3
FETCH,1762987787.661,53726,130,0.084,S3
FETCH,1762987787.665,53727,694,0.055,S3
FETCH,1762987787.715,53727,178,0.050,S3
FETCH,1762987787.716,53726,956,0.054,S3
FETCH,1762987787.716,53728,758,0.085,S3
FETCH,1762987787.743,53729,98,0.082,S3
FETCH,1762987787.773,53727,754,0.058,S3
FETCH,1762987787.792,53728,730,0.076,S3
FETCH,1762987787.793,53726,412,0.077,S3
FETCH,1762987787.823,53729,871,0.080,S3
FETCH,1762987787.848,53727,556,0.075,S3
FETCH,1762987787.848,53728,34,0.057,S3
FETCH,1762987787.876,53729,977,0.053,S3
FETCH,1762987787.891,53726,587,0.098,S3
FETCH,1762987787.923,53728,844,0.075,S3
FETCH,1762987787.929,53727,572,0.081,S3
FETCH,1762987787.949,53729,832,0.072,S3
FETCH,1762987787.949,53726,210,0.057,S3
FETCH,1762987787.988,53728,562,0.065,S3
FETCH,1762987787.998,53727,786,0.068,S3
FETCH,1762987788.001,53726,999,0.052,S3
FETCH,1762987788.007,53729,307,0.058,S3
FETCH,1762987788.037,53728,881,0.049,S3
FETCH,1762987788.046,53729,240,0.039,S3
FETCH,1762987788.072,53727,5,0.074,S3
FETCH,1762987788.072,53726,763,0.071,S3
FETCH,1762987788.115,53728,610,0.077,S3
FETCH,1762987788.122,53726,342,0.050,S3
FETCH,1762987788.122,53729,614,0.076,S3
FETCH,1762987788.122,53727,918,0.050,S3
FETCH,1762987788.170,53728,795,0.056,S3
FETCH,1762987788.170,53729,142,0.048,S3
FETCH,1762987788.184,53726,190,0.063,S3
FETCH,1762987788.185,53727,501,0.062,S3
FETCH,1762987788.213,53729,675,0.042,S3
FETCH,1762987788.220,53728,608,0.049,S3
FETCH,1762987788.264,53726,468,0.080,S3
FETCH,1762987788.264,53729,283,0.052,S3
FETCH,1762987788.272,53727,290,0.088,S3
FETCH,1762987788.272,53728,531,0.053,S3
FETCH,1762987788.304,53729,829,0.039,S3
FETCH,1762987788.311,53726,111,0.047,S3
FETCH,1762987788.336,53727,499,0.063,S3
FETCH,1762987788.351,53729,846,0.047,S3
FETCH,1762987788.351,53728,925,0.079,S3
FETCH,1762987788.387,53726,141,0.076,S3
FETCH,1762987788.406,53727,602,0.070,S3
FETCH,1762987788.418,53728,122,0.067,S3
FETCH,1762987788.464,53727,155,0.057,S3
FETCH,1762987788.476,53726,683,0.088,S3
FETCH,1762987788.499,53728,555,0.081,S3
FETCH,1762987788.499,53729,903,0.148,S3
FETCH,1762987788.521,53727,370,0.057,S3
FETCH,1762987788.530,53726,402,0.054,S3
FETCH,1762987788.556,53729,851,0.057,S3
FETCH,1762987788.563,53728,79,0.064,S3
FETCH,1762987788.582,53726,170,0.052,S3
FETCH,1762987788.598,53729,335,0.042,S3
FETCH,1762987788.601,53727,358,0.081,S3
FETCH,1762987788.639,53728,421,0.076,S3
FETCH,1762987788.648,53726,741,0.066,S3
FETCH,1762987788.657,53729,584,0.059,S3
FETCH,1762987788.692,53727,635,0.090,S3
FETCH,1762987788.694,53728,68,0.055,S3
FETCH,1762987788.702,53729,445,0.045,S3
FETCH,1762987788.715,53726,864,0.066,S3
FETCH,1762987788.738,53727,483,0.047,S3
FETCH,1762987788.747,53728,971,0.053,S3
FETCH,1762987788.784,53729,627,0.083,S3
FETCH,1762987788.796,53726,561,0.081,S3
FETCH,1762987788.796,53727,348,0.058,S3
FETCH,1762987788.796,53728,96,0.049,S3
FETCH,1762987788.831,53729,517,0.047,S3
FETCH,1762987788.853,53728,696,0.056,S3
FETCH,1762987788.865,53726,620,0.069,S3
FETCH,1762987788.893,53729,409,0.062,S3
FETCH,1762987788.914,53727,180,0.118,S3
FETCH,1762987788.921,53726,133,0.056,S3
FETCH,1762987788.921,53728,784,0.068,S3
FETCH,1762987788.934,53729,275,0.041,S3
FETCH,1762987788.972,53727,773,0.058,S3
FETCH,1762987788.972,53728,94,0.051,S3
FETCH,1762987788.972,53726,611,0.052,S3
FETCH,1762987789.027,53728,963,0.055,S3
FETCH,1762987789.038,53727,583,0.067,S3
FETCH,1762987789.078,53728,537,0.051,S3
FETCH,1762987789.096,53727,428,0.058,S3
FETCH,1762987789.125,53728,336,0.047,S3
FETCH,1762987789.150,53726,783,0.177,S3
FETCH,1762987789.161,53727,308,0.064,S3
FETCH,1762987789.210,53727,699,0.049,S3
FETCH,1762987789.230,53726,831,0.080,S3
FETCH,1762987789.255,53728,737,0.131,S3
FETCH,1762987789.277,53729,83,0.179,S3
FETCH,1762987789.279,53726,646,0.050,S3
FETCH,1762987789.294,53727,915,0.084,S3
FETCH,1762987789.311,53728,236,0.056,S3
FETCH,1762987789.345,53726,867,0.066,S3
FETCH,1762987789.351,53729,148,0.074,S3
FETCH,1762987789.401,53729,360,0.051,S3
FETCH,1762987789.403,53727,854,0.109,S3
FETCH,1762987789.451,53729,465,0.049,S3
FETCH,1762987789.472,53726,914,0.127,S3
FETCH,1762987789.499,53729,913,0.048,S3
FETCH,1762987789.507,53727,951,0.103,S3
FETCH,1762987789.549,53729,727,0.050,S3
FETCH,1762987789.553,53727,375,0.047,S3
FETCH,1762987789.553,53726,393,0.081,S3
FETCH,1762987789.606,53729,676,0.057,S3
FETCH,1762987789.617,53727,796,0.064,S3
FETCH,1762987789.623,53726,624,0.069,S3
FETCH,1762987789.638,53728,950,0.164,S3
FETCH,1762987789.662,53729,140,0.056,S3
FETCH,1762987789.667,53727,487,0.049,S3
FETCH,1762987789.690,53726,513,0.067,S3
FETCH,1762987789.728,53728,225,0.090,S3
FETCH,1762987789.728,53727,440,0.061,S3
FETCH,1762987789.736,53729,339,0.073,S3
FETCH,1762987789.764,53726,989,0.074,S3
FETCH,1762987789.790,53728,243,0.061,S3
FETCH,1762987789.828,53729,879,0.092,S3
FETCH,1762987789.856,53726,532,0.092,S3
FETCH,1762987789.856,53728,679,0.066,S3
FETCH,1762987789.921,53729,631,0.094,S3
FETCH,1762987789.947,53728,81,0.091,S3
FETCH,1762987789.964,53726,916,0.108,S3
FETCH,1762987789.984,53729,718,0.062,S3
FETCH,1762987790.014,53726,222,0.050,S3
FETCH,1762987790.029,53727,209,0.299,S3
FETCH,1762987790.037,53729,674,0.053,S3
FETCH,1762987790.062,53728,565,0.114,S3
FETCH,1762987790.068,53727,60,0.038,S3
FETCH,1762987790.103,53729,982,0.066,S3
FETCH,1762987790.117,53728,945,0.056,S3
FETCH,1762987790.117,53727,389,0.050,S3
FETCH,1762987790.166,53727,247,0.049,S3
FETCH,1762987790.169,53729,277,0.066,S3
PROCESS,1762987790.176,53722,100,800,486,20,693,71,822,454,720,239,495,713,990,526,298,502,969,138,629,224,534,841,889,475,515,535,853,330,482,191,877,418,721,153,995,175,701,762,264,355,725,268,930,173,733,600,964,979,645,407,207,426,724,550,199,896,189,472,717,929,843,826,347,500,341,797,709,62,130,956,412,587,210,999,763,342,190,468,111,141,683,402,170,741,864,561,620,133,611,783,831,646,867,914,393,624,513,989,532,916,222
FETCH,1762987790.184,53728,745,0.067,S3
FETCH,1762987790.272,53727,295,0.105,S3
FETCH,1762987790.272,53729,986,0.103,S3
FETCH,1762987790.273,53728,954,0.089,S3
FETCH,1762987790.332,53729,101,0.060,S3
FETCH,1762987790.342,53727,788,0.070,S3
FETCH,1762987790.367,53726,24,0.197,S3
FETCH,1762987790.418,53727,188,0.076,S3
FETCH,1762987790.426,53728,605,0.153,S3
FETCH,1762987790.426,53729,874,0.095,S3
FETCH,1762987790.428,53726,259,0.061,S3
FETCH,1762987790.459,53727,287,0.040,S3
FETCH,1762987790.500,53729,260,0.074,S3
FETCH,1762987790.513,53726,177,0.085,S3
FETCH,1762987790.523,53727,443,0.063,S3
FETCH,1762987790.523,53728,398,0.097,S3
FETCH,1762987790.564,53727,408,0.041,S3
FETCH,1762987790.570,53726,842,0.057,S3
FETCH,1762987790.579,53728,869,0.056,S3
FETCH,1762987790.623,53726,411,0.053,S3
FETCH,1762987790.630,53728,331,0.050,S3
FETCH,1762987790.644,53727,728,0.080,S3
FETCH,1762987790.683,53726,147,0.060,S3
FETCH,1762987790.683,53729,325,0.183,S3
FETCH,1762987790.694,53727,543,0.050,S3
FETCH,1762987790.694,53728,868,0.064,S3
FETCH,1762987790.742,53727,567,0.048,S3
FETCH,1762987790.759,53729,87,0.075,S3
FETCH,1762987790.759,53726,413,0.075,S3
FETCH,1762987790.785,53728,168,0.091,S3
FETCH,1762987790.802,53727,174,0.060,S3
FETCH,1762987790.811,53729,326,0.053,S3
FETCH,1762987790.830,53726,692,0.071,S3
FETCH,1762987790.837,53728,324,0.052,S3
FETCH,1762987790.872,53727,484,0.070,S3
FETCH,1762987790.883,53726,459,0.053,S3
FETCH,1762987790.901,53728,777,0.064,S3
FETCH,1762987790.926,53729,461,0.114,S3
FETCH,1762987790.926,53727,103,0.054,S3
FETCH,1762987790.926,53726,481,0.043,S3
FETCH,1762987790.965,53727,939,0.039,S3
FETCH,1762987790.965,53728,685,0.065,S3
FETCH,1762987790.975,53729,811,0.050,S3
FETCH,1762987790.981,53726,194,0.055,S3
FETCH,1762987791.003,53727,374,0.038,S3
FETCH,1762987791.025,53728,933,0.060,S3
FETCH,1762987791.025,53729,793,0.050,S3
FETCH,1762987791.041,53726,931,0.060,S3
FETCH,1762987791.042,53727,303,0.038,S3
FETCH,1762987791.073,53729,653,0.048,S3
FETCH,1762987791.079,53728,45,0.054,S3
FETCH,1762987791.080,53727,340,0.038,S3
FETCH,1762987791.094,53726,304,0.053,S3
FETCH,1762987791.133,53727,729,0.054,S3
FETCH,1762987791.157,53729,77,0.084,S3
FETCH,1762987791.160,53728,113,0.081,S3
FETCH,1762987791.163,53726,571,0.070,S3
FETCH,1762987791.190,53727,524,0.057,S3
FETCH,1762987791.239,53727,579,0.048,S3
FETCH,1762987791.239,53729,164,0.082,S3
FETCH,1762987791.239,53728,621,0.079,S3
FETCH,1762987791.239,53726,799,0.076,S3
FETCH,1762987791.280,53727,40,0.042,S3
FETCH,1762987791.286,53729,127,0.047,S3
FETCH,1762987791.309,53728,229,0.070,S3
FETCH,1762987791.320,53727,757,0.040,S3
PROCESS,1762987791.355,53722,100,435,218,834,279,97,490,322,888,801,121,23,597,710,714,585,959,509,910,770,932,460,927,731,496,19,41,850,660,313,878,52,92,192,429,547,120,752,3,462,743,86,492,814,388,363,678,970,862,955,238,285,39,423,383,860,654,599,257,289,900,346,368,158,616,394,80,665,847,604,694,178,754,556,572,786,5,918,501,290,499,602,155,370,358,635,483,348,180,773,583,428,308,699,915,854,951,375,796,487,440
FETCH,1762987791.361,53726,27,0.122,S3
FETCH,1762987791.361,53728,830,0.052,S3
FETCH,1762987791.361,53729,544,0.075,S3
FETCH,1762987791.373,53727,742,0.053,S3
FETCH,1762987791.426,53729,923,0.066,S3
FETCH,1762987791.427,53728,255,0.066,S3
FETCH,1762987791.427,53726,233,0.066,S3
FETCH,1762987791.427,53727,195,0.053,S3
FETCH,1762987791.474,53726,226,0.048,S3
FETCH,1762987791.481,53729,18,0.055,S3
FETCH,1762987791.488,53727,432,0.061,S3
FETCH,1762987791.537,53727,385,0.049,S3
FETCH,1762987791.538,53726,546,0.064,S3
FETCH,1762987791.545,53728,230,0.119,S3
FETCH,1762987791.574,53727,684,0.037,S3
FETCH,1762987791.585,53729,245,0.104,S3
FETCH,1762987791.594,53726,494,0.055,S3
FETCH,1762987791.614,53727,690,0.040,S3
PROCESS,1762987791.629,53722,100,734,984,329,941,904,551,787,157,736,924,644,735,997,530,805,378,338,37,875,952,840,234,392,286,885,768,215,282,749,697,380,449,205,662,42,640,473,722,836,623,677,256,182,470,575,813,866,978,966,936,65,716,808,93,32,705,751,249,975,367,838,619,281,90,376,128,417,306,981,85,618,403,803,740,758,730,34,844,562,881,610,795,608,531,925,122,555,79,421,68,971,96,696,784,94,963,537,336,737,236
FETCH,1762987791.629,53728,909,0.084,S3
FETCH,1762987791.644,53729,511,0.059,S3
FETCH,1762987791.656,53727,382,0.042,S3
FETCH,1762987791.663,53726,778,0.069,S3
FETCH,1762987791.685,53728,33,0.056,S3
FETCH,1762987791.723,53729,163,0.079,S3
FETCH,1762987791.723,53727,626,0.067,S3
FETCH,1762987791.746,53728,820,0.061,S3
FETCH,1762987791.747,53726,250,0.083,S3
FETCH,1762987791.764,53727,769,0.041,S3
FETCH,1762987791.773,53729,598,0.050,S3
FETCH,1762987791.801,53726,99,0.054,S3
FETCH,1762987791.801,53727,596,0.037,S3
FETCH,1762987791.825,53729,818,0.052,S3
FETCH,1762987791.849,53726,351,0.048,S3
FETCH,1762987791.849,53727,528,0.048,S3
FETCH,1762987791.849,53728,548,0.102,S3
FETCH,1762987791.876,53729,246,0.052,S3
PROCESS,1762987791.882,53722,100,8,791,6,106,369,58,161,794,639,765,305,43,880,362,812,422,538,887,827,400,154,102,292,76,21,520,615,69,477,453,533,50,582,707,272,603,185,316,772,902,792,922,570,911,70,266,612,516,474,169,104,790,568,310,563,56,641,144,373,739,726,184,105,746,438,107,89,248,352,553,661,489,51,926,522,655,221,937,708,98,871,977,832,307,240,614,142,675,283,829,846,903,851,335,584,445,627,517,409,275
FETCH,1762987791.896,53727,748,0.047,S3
FETCH,1762987791.903,53728,908,0.054,S3
FETCH,1762987791.926,53726,750,0.078,S3
FETCH,1762987791.926,53729,437,0.050,S3
FETCH,1762987791.938,53727,588,0.042,S3
FETCH,1762987791.959,53728,273,0.055,S3
FETCH,1762987792.019,53729,525,0.093,S3
FETCH,1762987792.019,53728,280,0.060,S3
FETCH,1762987792.030,53727,44,0.092,S3
FETCH,1762987792.049,53726,208,0.122,S3
FETCH,1762987792.072,53729,480,0.053,S3
FETCH,1762987792.088,53728,576,0.069,S3
FETCH,1762987792.093,53726,448,0.045,S3
FETCH,1762987792.097,53727,151,0.067,S3
FETCH,1762987792.120,53729,59,0.047,S3
FETCH,1762987792.134,53726,779,0.040,S3
FETCH,1762987792.136,53727,581,0.039,S3
FETCH,1762987792.146,53728,395,0.058,S3
FETCH,1762987792.206,53728,201,0.060,S3
FETCH,1762987792.236,53727,657,0.100,S3
FETCH,1762987792.236,53726,91,0.103,S3
FETCH,1762987792.264,53729,849,0.144,S3
FETCH,1762987792.292,53727,84,0.055,S3
FETCH,1762987792.306,53728,78,0.100,S3
FETCH,1762987792.306,53726,948,0.070,S3
FETCH,1762987792.330,53729,577,0.066,S3
FETCH,1762987792.352,53727,53,0.060,S3
FETCH,1762987792.386,53726,442,0.080,S3
FETCH,1762987792.386,53729,549,0.056,S3
FETCH,1762987792.386,53728,13,0.080,S3
FETCH,1762987792.418,53727,436,0.066,S3
FETCH,1762987792.441,53728,907,0.054,S3
FETCH,1762987792.483,53726,802,0.097,S3
FETCH,1762987792.490,53729,785,0.104,S3
FETCH,1762987792.502,53728,651,0.061,S3
FETCH,1762987792.538,53726,124,0.055,S3
FETCH,1762987792.555,53729,592,0.065,S3
FETCH,1762987792.584,53726,935,0.046,S3
FETCH,1762987792.592,53728,219,0.090,S3
FETCH,1762987792.601,53727,9,0.183,S3
FETCH,1762987792.630,53726,419,0.045,S3
FETCH,1762987792.643,53729,433,0.088,S3
FETCH,1762987792.651,53727,899,0.050,S3
FETCH,1762987792.672,53728,560,0.080,S3
FETCH,1762987792.674,53726,262,0.044,S3
FETCH,1762987792.711,53727,974,0.060,S3
FETCH,1762987792.711,53729,798,0.068,S3
FETCH,1762987792.723,53726,420,0.050,S3
FETCH,1762987792.728,53728,17,0.055,S3
FETCH,1762987792.763,53729,371,0.051,S3
FETCH,1762987792.763,53727,848,0.051,S3
FETCH,1762987792.784,53726,893,0.060,S3
FETCH,1762987792.810,53727,82,0.047,S3
FETCH,1762987792.831,53729,311,0.068,S3
FETCH,1762987792.857,53726,162,0.074,S3
FETCH,1762987792.858,53727,206,0.049,S3
FETCH,1762987792.867,53728,137,0.139,S3
FETCH,1762987792.913,53726,523,0.055,S3
FETCH,1762987792.913,53727,968,0.055,S3
FETCH,1762987792.934,53728,38,0.067,S3
FETCH,1762987792.950,53727,253,0.037,S3
FETCH,1762987792.995,53728,263,0.061,S3
FETCH,1762987792.995,53727,0,0.045,S3
FETCH,1762987792.995,53726,833,0.082,S3
FETCH,1762987792.995,53729,493,0.164,S3
FETCH,1762987793.054,53728,998,0.059,S3
FETCH,1762987793.054,53727,906,0.059,S3
FETCH,1762987793.070,53729,747,0.074,S3
FETCH,1762987793.077,53726,271,0.082,S3
FETCH,1762987793.100,53727,323,0.045,S3
FETCH,1762987793.130,53729,807,0.060,S3
FETCH,1762987793.138,53728,884,0.084,S3
FETCH,1762987793.138,53727,647,0.038,S3
FETCH,1762987793.141,53726,825,0.064,S3
FETCH,1762987793.192,53729,578,0.062,S3
FETCH,1762987793.192,53726,723,0.051,S3
FETCH,1762987793.196,53728,28,0.058,S3
FETCH,1762987793.244,53729,66,0.052,S3
FETCH,1762987793.246,53727,302,0.108,S3
FETCH,1762987793.248,53726,112,0.056,S3
FETCH,1762987793.297,53728,630,0.101,S3
FETCH,1762987793.297,53727,181,0.051,S3
FETCH,1762987793.298,53726,688,0.050,S3
FETCH,1762987793.315,53729,636,0.071,S3
FETCH,1762987793.346,53726,586,0.047,S3
FETCH,1762987793.360,53727,197,0.062,S3
FETCH,1762987793.378,53729,702,0.063,S3
FETCH,1762987793.384,53728,48,0.086,S3
FETCH,1762987793.406,53727,467,0.046,S3
FETCH,1762987793.406,53726,294,0.060,S3
FETCH,1762987793.434,53729,960,0.056,S3
FETCH,1762987793.448,53727,485,0.043,S3
FETCH,1762987793.455,53726,529,0.049,S3
FETCH,1762987793.481,53728,146,0.097,S3
FETCH,1762987793.506,53727,232,0.058,S3
FETCH,1762987793.506,53729,518,0.073,S3
FETCH,1762987793.508,53726,776,0.053,S3
FETCH,1762987793.542,53728,643,0.061,S3
FETCH,1762987793.570,53729,512,0.064,S3
FETCH,1762987793.571,53727,47,0.064,S3
FETCH,1762987793.585,53726,204,0.077,S3
FETCH,1762987793.593,53728,668,0.051,S3
FETCH,1762987793.615,53727,669,0.044,S3
FETCH,1762987793.618,53729,828,0.048,S3
FETCH,1762987793.642,53726,293,0.057,S3
FETCH,1762987793.644,53728,220,0.051,S3
FETCH,1762987793.653,53727,457,0.037,S3
FETCH,1762987793.666,53729,622,0.048,S3
FETCH,1762987793.687,53726,994,0.045,S3
FETCH,1762987793.700,53727,967,0.047,S3
FETCH,1762987793.704,53728,759,0.060,S3
FETCH,1762987793.741,53727,406,0.041,S3
FETCH,1762987793.741,53729,397,0.075,S3
FETCH,1762987793.762,53726,444,0.075,S3
FETCH,1762987793.771,53728,391,0.068,S3
FETCH,1762987793.803,53726,415,0.041,S3
FETCH,1762987793.812,53729,366,0.071,S3
FETCH,1762987793.814,53727,217,0.073,S3
FETCH,1762987793.831,53728,22,0.059,S3
FETCH,1762987793.852,53726,761,0.049,S3
FETCH,1762987793.867,53727,214,0.053,S3
FETCH,1762987793.878,53729,809,0.066,S3
FETCH,1762987793.883,53728,580,0.052,S3
FETCH,1762987793.901,53726,861,0.049,S3
FETCH,1762987793.923,53727,333,0.055,S3
FETCH,1762987793.927,53729,671,0.048,S3
FETCH,1762987793.948,53726,865,0.047,S3
FETCH,1762987793.963,53728,872,0.080,S3
FETCH,1762987793.964,53727,901,0.041,S3
FETCH,1762987794.009,53727,126,0.045,S3
FETCH,1762987794.010,53729,712,0.083,S3
FETCH,1762987794.010,53726,377,0.062,S3
FETCH,1762987794.025,53728,508,0.063,S3
FETCH,1762987794.048,53727,876,0.039,S3
FETCH,1762987794.076,53726,469,0.066,S3
FETCH,1762987794.090,53727,25,0.042,S3
FETCH,1762987794.094,53728,356,0.068,S3
FETCH,1762987794.133,53727,590,0.043,S3
FETCH,1762987794.147,53729,57,0.138,S3
FETCH,1762987794.156,53728,361,0.062,S3
FETCH,1762987794.181,53727,270,0.048,S3
FETCH,1762987794.190,53726,782,0.114,S3
FETCH,1762987794.219,53729,193,0.071,S3
FETCH,1762987794.239,53727,806,0.058,S3
FETCH,1762987794.245,53728,441,0.089,S3
FETCH,1762987794.275,53727,991,0.036,S3
FETCH,1762987794.303,53728,606,0.058,S3
FETCH,1762987794.311,53727,706,0.036,S3
FETCH,1762987794.320,53729,815,0.101,S3
FETCH,1762987794.329,53726,223,0.140,S3
FETCH,1762987794.355,53728,498,0.052,S3
FETCH,1762987794.358,53727,972,0.047,S3
FETCH,1762987794.405,53727,451,0.046,S3
FETCH,1762987794.405,53729,942,0.085,S3
FETCH,1762987794.410,53726,574,0.081,S3
FETCH,1762987794.411,53728,364,0.055,S3
FETCH,1762987794.444,53727,405,0.039,S3
FETCH,1762987794.458,53726,386,0.048,S3
FETCH,1762987794.459,53729,414,0.054,S3
FETCH,1762987794.474,53728,858,0.063,S3
FETCH,1762987794.513,53727,334,0.069,S3
FETCH,1762987794.513,53726,870,0.055,S3
FETCH,1762987794.532,53729,424,0.073,S3
FETCH,1762987794.547,53728,649,0.073,S3
FETCH,1762987794.581,53727,949,0.068,S3
FETCH,1762987794.603,53728,150,0.055,S3
FETCH,1762987794.628,53729,29,0.096,S3
FETCH,1762987794.634,53727,242,0.053,S3
FETCH,1762987794.657,53726,318,0.144,S3
FETCH,1762987794.684,53727,756,0.049,S3
FETCH,1762987794.685,53729,156,0.057,S3
FETCH,1762987794.699,53728,309,0.096,S3
FETCH,1762987794.710,53726,159,0.053,S3
FETCH,1762987794.747,53727,350,0.063,S3
FETCH,1762987794.759,53728,202,0.060,S3
FETCH,1762987794.770,53726,944,0.060,S3
FETCH,1762987794.773,53729,775,0.088,S3
FETCH,1762987794.818,53728,564,0.059,S3
FETCH,1762987794.835,53729,883,0.062,S3
FETCH,1762987794.836,53726,545,0.066,S3
FETCH,1762987794.842,53727,947,0.095,S3
FETCH,1762987794.884,53727,617,0.042,S3
FETCH,1762987794.899,53726,566,0.064,S3
FETCH,1762987794.900,53728,379,0.082,S3
FETCH,1762987794.952,53726,344,0.052,S3
FETCH,1762987794.954,53728,464,0.054,S3
FETCH,1762987794.985,53727,315,0.100,S3
FETCH,1762987795.008,53729,961,0.173,S3
FETCH,1762987795.024,53727,95,0.039,S3
FETCH,1762987795.028,53728,557,0.074,S3
FETCH,1762987795.041,53726,859,0.088,S3
FETCH,1762987795.080,53727,46,0.056,S3
FETCH,1762987795.097,53726,213,0.056,S3
FETCH,1762987795.106,53729,176,0.098,S3
FETCH,1762987795.122,53727,823,0.042,S3
FETCH,1762987795.128,53728,399,0.099,S3
FETCH,1762987795.155,53729,940,0.048,S3
FETCH,1762987795.171,53727,609,0.049,S3
FETCH,1762987795.181,53726,434,0.084,S3
FETCH,1762987795.213,53727,542,0.042,S3
FETCH,1762987795.231,53726,135,0.050,S3
FETCH,1762987795.231,53729,297,0.076,S3
FETCH,1762987795.251,53728,301,0.123,S3
FETCH,1762987795.259,53727,118,0.045,S3
FETCH,1762987795.273,53726,212,0.042,S3
FETCH,1762987795.299,53727,54,0.040,S3
FETCH,1762987795.299,53729,353,0.069,S3
FETCH,1762987795.302,53728,136,0.051,S3
FETCH,1762987795.337,53726,401,0.064,S3
FETCH,1762987795.337,53727,244,0.038,S3
FETCH,1762987795.349,53729,278,0.050,S3
FETCH,1762987795.360,53728,252,0.058,S3
FETCH,1762987795.403,53729,648,0.053,S3
FETCH,1762987795.403,53726,317,0.067,S3
FETCH,1762987795.436,53728,958,0.076,S3
FETCH,1762987795.465,53729,591,0.062,S3
FETCH,1762987795.482,53726,10,0.079,S3
FETCH,1762987795.495,53728,666,0.059,S3
FETCH,1762987795.512,53727,183,0.175,S3
FETCH,1762987795.517,53729,149,0.052,S3
FETCH,1762987795.536,53726,817,0.054,S3
FETCH,1762987795.546,53728,589,0.051,S3
FETCH,1762987795.568,53729,7,0.051,S3
FETCH,1762987795.598,53726,447,0.062,S3
FETCH,1762987795.620,53729,804,0.051,S3
FETCH,1762987795.620,53728,938,0.073,S3
FETCH,1762987795.668,53729,988,0.048,S3
FETCH,1762987795.693,53728,359,0.073,S3
FETCH,1762987795.693,53726,753,0.095,S3
FETCH,1762987795.694,53727,165,0.179,S3
FETCH,1762987795.726,53729,410,0.058,S3
FETCH,1762987795.755,53727,921,0.062,S3
FETCH,1762987795.755,53728,839,0.062,S3
FETCH,1762987795.767,53726,700,0.073,S3
FETCH,1762987795.788,53729,504,0.061,S3
FETCH,1762987795.805,53728,594,0.049,S3
FETCH,1762987795.839,53729,663,0.051,S3
FETCH,1762987795.839,53726,479,0.073,S3
FETCH,1762987795.902,53726,503,0.062,S3
FETCH,1762987795.902,53728,681,0.097,S3
FETCH,1762987795.993,53729,638,0.153,S3
FETCH,1762987795.993,53726,686,0.091,S3
FETCH,1762987795.993,53727,507,0.238,S3
FETCH,1762987795.993,53728,962,0.091,S3
FETCH,1762987796.041,53729,131,0.048,S3
FETCH,1762987796.041,53727,198,0.048,S3
FETCH,1762987796.054,53728,288,0.061,S3
FETCH,1762987796.066,53726,235,0.073,S3
FETCH,1762987796.106,53728,539,0.052,S3
FETCH,1762987796.115,53729,488,0.074,S3
FETCH,1762987796.138,53726,856,0.072,S3
FETCH,1762987796.148,53727,354,0.107,S3
FETCH,1762987796.161,53728,425,0.054,S3
FETCH,1762987796.176,53729,67,0.060,S3
FETCH,1762987796.192,53726,166,0.054,S3
FETCH,1762987796.204,53727,992,0.056,S3
FETCH,1762987796.220,53728,31,0.059,S3
FETCH,1762987796.227,53729,299,0.051,S3
FETCH,1762987796.268,53726,450,0.075,S3
FETCH,1762987796.284,53728,276,0.064,S3
FETCH,1762987796.290,53729,703,0.063,S3
FETCH,1762987796.309,53727,766,0.104,S3
FETCH,1762987796.315,53726,996,0.047,S3
FETCH,1762987796.357,53729,49,0.067,S3
FETCH,1762987796.358,53728,12,0.073,S3
FETCH,1762987796.386,53727,343,0.077,S3
FETCH,1762987796.412,53726,810,0.097,S3
FETCH,1762987796.422,53728,680,0.064,S3
FETCH,1762987796.433,53727,816,0.047,S3
FETCH,1762987796.466,53726,455,0.055,S3
FETCH,1762987796.504,53727,88,0.071,S3
FETCH,1762987796.524,53726,125,0.058,S3
FETCH,1762987796.529,53728,625,0.108,S3
FETCH,1762987796.570,53727,116,0.066,S3
FETCH,1762987796.589,53728,26,0.059,S3
FETCH,1762987796.589,53726,558,0.065,S3
FETCH,1762987796.615,53727,139,0.045,S3
FETCH,1762987796.656,53727,672,0.041,S3
FETCH,1762987796.690,53726,767,0.102,S3
FETCH,1762987796.702,53728,682,0.113,S3
FETCH,1762987796.741,53727,855,0.085,S3
FETCH,1762987796.760,53726,595,0.069,S3
FETCH,1762987796.764,53728,143,0.062,S3
FETCH,1762987796.796,53727,755,0.055,S3
FETCH,1762987796.808,53726,458,0.049,S3
FETCH,1762987796.841,53727,320,0.044,S3
FETCH,1762987796.868,53726,845,0.059,S3
FETCH,1762987796.887,53727,934,0.046,S3
FETCH,1762987796.928,53726,463,0.060,S3
PROCESS,1762987796.933,53722,100,24,259,177,842,411,147,413,692,459,481,194,931,304,571,799,27,233,226,546,494,778,250,99,351,750,208,448,779,91,948,442,802,124,935,419,262,420,893,162,523,833,271,825,723,112,688,586,294,529,776,204,293,994,444,415,761,861,865,377,469,782,223,574,386,870,318,159,944,545,566,344,859,213,434,135,212,401,317,10,817,447,753,700,479,503,686,235,856,166,450,996,810,455,125,558,767,595,458,845,463
FETCH,1762987796.936,53727,821,0.049,S3
FETCH,1762987796.989,53727,886,0.053,S3
FETCH,1762987797.077,53727,30,0.088,S3
FETCH,1762987797.105,53726,540,0.175,S3
FETCH,1762987797.124,53727,898,0.048,S3
FETCH,1762987797.163,53726,980,0.057,S3
FETCH,1762987797.170,53727,328,0.046,S3
PROCESS,1762987797.202,53722,100,209,60,389,247,295,788,188,287,443,408,728,543,567,174,484,103,939,374,303,340,729,524,579,40,757,742,195,432,385,684,690,382,626,769,596,528,748,588,44,151,581,657,84,53,436,9,899,974,848,82,206,968,253,0,906,323,647,302,181,197,467,485,232,47,669,457,967,406,217,214,333,901,126,876,25,590,270,806,991,706,972,451,405,334,949,242,756,350,947,617,315,95,46,823,609,542,118,54,244,183
FETCH,1762987797.219,53727,552,0.049,S3
FETCH,1762987797.232,53726,634,0.069,S3
FETCH,1762987797.272,53727,73,0.053,S3
FETCH,1762987797.284,53726,912,0.052,S3
FETCH,1762987797.331,53727,196,0.058,S3
FETCH,1762987797.334,53726,569,0.049,S3
FETCH,1762987797.388,53727,466,0.058,S3
FETCH,1762987797.406,53726,404,0.072,S3
PROCESS,1762987797.451,53722,100,950,225,243,679,81,565,945,745,954,605,398,869,331,868,168,324,777,685,933,45,113,621,229,830,255,230,909,33,820,548,908,273,280,576,395,201,78,13,907,651,219,560,17,137,38,263,998,884,28,630,48,146,643,668,220,759,391,22,580,872,508,356,361,441,606,498,364,858,649,150,309,202,564,379,464,557,399,301,136,252,958,666,589,938,359,839,594,681,962,288,539,425,31,276,12,680,625,26,682,143
FETCH,1762987797.465,53726,160,0.059,S3
FETCH,1762987797.513,53727,687,0.125,S3
FETCH,1762987797.531,53726,123,0.065,S3
FETCH,1762987797.574,53727,384,0.061,S3
FETCH,1762987797.581,53726,613,0.050,S3
FETCH,1762987797.633,53727,134,0.060,S3
FETCH,1762987797.637,53726,74,0.056,S3
FETCH,1762987797.685,53727,2,0.051,S3
PROCESS,1762987797.701,53722,100,83,148,360,465,913,727,676,140,339,879,631,718,674,982,277,986,101,874,260,325,87,326,461,811,793,653,77,164,127,544,923,18,245,511,163,598,818,246,437,525,480,59,849,577,549,785,592,433,798,371,311,493,747,807,578,66,636,702,960,518,512,828,622,397,366,809,671,712,57,193,815,942,414,424,29,156,775,883,961,176,940,297,353,278,648,591,149,7,804,988,410,504,663,638,131,488,67,299,703,49
FETCH,1762987797.702,53726,254,0.066,S3
FETCH,1762987797.745,53727,396,0.061,S3
FETCH,1762987797.761,53726,689,0.059,S3
FETCH,1762987797.810,53726,987,0.048,S3
FETCH,1762987797.869,53726,61,0.059,S3
FETCH,1762987797.876,53727,427,0.130,S3
FETCH,1762987797.927,53726,895,0.059,S3
FETCH,1762987797.927,53727,63,0.052,S3
FETCH,1762987797.982,53727,145,0.055,S3
FETCH,1762987798.017,53726,527,0.090,S3
FETCH,1762987798.039,53727,16,0.056,S3
FETCH,1762987798.083,53727,35,0.044,S3
FETCH,1762987798.083,53726,187,0.066,S3
FETCH,1762987798.128,53727,251,0.045,S3
FETCH,1762987798.166,53726,431,0.083,S3
FETCH,1762987798.185,53727,771,0.057,S3
FETCH,1762987798.231,53727,953,0.046,S3
FETCH,1762987798.235,53726,506,0.069,S3
FETCH,1762987798.310,53726,652,0.075,S3
FETCH,1762987798.311,53727,857,0.080,S3
FETCH,1762987798.380,53727,670,0.069,S3
FETCH,1762987798.419,53726,200,0.109,S3
FETCH,1762987798.426,53727,764,0.046,S3
FETCH,1762987798.475,53726,416,0.056,S3
FETCH,1762987798.475,53727,110,0.049,S3
FETCH,1762987798.532,53726,314,0.057,S3
FETCH,1762987798.551,53727,993,0.076,S3
FETCH,1762987798.590,53726,819,0.058,S3
FETCH,1762987798.590,53727,456,0.039,S3
FETCH,1762987798.635,53727,715,0.044,S3
FETCH,1762987798.666,53726,296,0.075,S3
FETCH,1762987798.687,53727,117,0.052,S3
FETCH,1762987798.712,53726,514,0.046,S3
FETCH,1762987798.786,53727,650,0.099,S3
FETCH,1762987798.798,53726,719,0.086,S3
FETCH,1762987798.846,53726,1,0.047,S3
FETCH,1762987798.891,53727,471,0.105,S3
FETCH,1762987798.899,53726,390,0.053,S3
FETCH,1762987798.951,53726,15,0.053,S3
FETCH,1762987798.981,53727,439,0.090,S3
FETCH,1762987799.013,53726,114,0.062,S3
FETCH,1762987799.029,53727,75,0.048,S3
FETCH,1762987799.076,53726,349,0.062,S3
FETCH,1762987799.091,53727,695,0.062,S3
FETCH,1762987799.128,53726,890,0.052,S3
FETCH,1762987799.136,53727,36,0.045,S3
FETCH,1762987799.199,53726,628,0.071,S3
FETCH,1762987799.213,53727,667,0.076,S3
FETCH,1762987799.263,53727,119,0.050,S3
FETCH,1762987799.267,53726,491,0.068,S3
FETCH,1762987799.308,53727,319,0.045,S3
FETCH,1762987799.315,53726,337,0.047,S3
FETCH,1762987799.363,53727,203,0.055,S3
FETCH,1762987799.392,53726,673,0.077,S3
FETCH,1762987799.425,53727,115,0.062,S3
FETCH,1762987799.463,53726,774,0.071,S3
FETCH,1762987799.515,53726,365,0.052,S3
FETCH,1762987799.532,53727,852,0.107,S3
FETCH,1762987799.566,53726,837,0.050,S3
FETCH,1762987799.586,53727,14,0.054,S3
FETCH,1762987799.636,53727,985,0.050,S3
FETCH,1762987799.685,53727,372,0.048,S3
FETCH,1762987799.689,53726,983,0.123,S3
FETCH,1762987799.750,53726,446,0.060,S3
FETCH,1762987799.750,53727,11,0.065,S3
FETCH,1762987799.832,53726,171,0.082,S3
FETCH,1762987799.862,53727,873,0.112,S3
FETCH,1762987799.899,53726,905,0.066,S3
FETCH,1762987799.957,53726,863,0.058,S3
FETCH,1762987799.957,53727,973,0.095,S3
FETCH,1762987800.030,53727,430,0.073,S3
FETCH,1762987800.049,53726,284,0.092,S3
FETCH,1762987800.084,53727,744,0.054,S3
FETCH,1762987800.113,53726,231,0.064,S3
FETCH,1762987800.136,53727,738,0.051,S3
FETCH,1762987800.187,53727,781,0.051,S3
FETCH,1762987800.191,53726,928,0.078,S3
FETCH,1762987800.291,53727,291,0.104,S3
FETCH,1762987800.308,53726,698,0.117,S3
FETCH,1762987800.352,53727,659,0.061,S3
FETCH,1762987800.372,53726,976,0.064,S3
FETCH,1762987800.404,53727,332,0.052,S3
FETCH,1762987800.419,53726,760,0.047,S3
FETCH,1762987800.518,53726,216,0.099,S3
FETCH,1762987800.559,53727,476,0.155,S3
FETCH,1762987800.611,53726,642,0.093,S3
FETCH,1762987800.613,53727,897,0.054,S3
FETCH,1762987800.663,53727,732,0.050,S3
FETCH,1762987800.665,53726,664,0.053,S3
FETCH,1762987800.742,53727,274,0.079,S3
FETCH,1762987800.748,53726,892,0.083,S3
FETCH,1762987800.794,53727,387,0.051,S3
FETCH,1762987800.824,53726,258,0.076,S3
FETCH,1762987800.871,53727,167,0.078,S3
FETCH,1762987800.918,53726,882,0.094,S3
FETCH,1762987800.972,53726,519,0.053,S3
FETCH,1762987800.972,53727,109,0.101,S3
FETCH,1762987801.029,53726,179,0.057,S3
FETCH,1762987801.030,53727,919,0.057,S3
FETCH,1762987801.179,53727,300,0.149,S3
FETCH,1762987801.205,53726,505,0.176,S3
FETCH,1762987801.289,53727,452,0.110,S3
FETCH,1762987801.321,53726,536,0.116,S3
FETCH,1762987801.355,53727,64,0.066,S3
FETCH,1762987801.374,53726,632,0.052,S3
FETCH,1762987801.417,53727,704,0.062,S3
FETCH,1762987801.431,53726,894,0.057,S3
FETCH,1762987801.486,53727,345,0.069,S3
FETCH,1762987801.539,53727,55,0.052,S3
FETCH,1762987801.539,53726,72,0.107,S3
FETCH,1762987801.584,53727,824,0.046,S3
FETCH,1762987801.624,53726,559,0.085,S3
FETCH,1762987801.645,53727,312,0.060,S3
FETCH,1762987801.704,53727,554,0.059,S3
FETCH,1762987801.706,53726,100,0.082,S3
FETCH,1762987801.772,53726,920,0.066,S3
FETCH,1762987801.772,53727,261,0.068,S3
FETCH,1762987801.820,53727,917,0.047,S3
FETCH,1762987801.824,53726,267,0.051,S3
FETCH,1762987801.878,53727,607,0.059,S3
FETCH,1762987801.881,53726,108,0.057,S3
FETCH,1762987801.931,53727,227,0.053,S3
FETCH,1762987801.991,53727,381,0.060,S3
FETCH,1762987802.002,53726,946,0.121,S3
FETCH,1762987802.045,53727,541,0.054,S3
FETCH,1762987802.049,53726,241,0.047,S3
FETCH,1762987802.100,53727,269,0.055,S3
FETCH,1762987802.102,53726,521,0.053,S3
FETCH,1762987802.153,53727,186,0.053,S3
FETCH,1762987802.153,53726,129,0.051,S3
FETCH,1762987802.209,53727,228,0.055,S3
FETCH,1762987802.209,53726,478,0.055,S3
FETCH,1762987802.267,53726,573,0.058,S3
FETCH,1762987802.296,53727,656,0.087,S3
FETCH,1762987802.321,53726,321,0.054,S3
FETCH,1762987802.356,53727,497,0.060,S3
FETCH,1762987802.392,53726,658,0.072,S3
FETCH,1762987802.465,53726,172,0.072,S3
FETCH,1762987802.532,53726,891,0.067,S3
FETCH,1762987802.632,53726,510,0.100,S3
FETCH,1762987802.741,53726,132,0.108,S3
FETCH,1762987802.819,53726,327,0.077,S3
FETCH,1762987802.926,53726,637,0.107,S3
FETCH,1762987803.001,53726,780,0.075,S3
FETCH,1762987803.108,53726,265,0.107,S3
FETCH,1762987803.182,53726,965,0.073,S3
FETCH,1762987803.305,53726,633,0.123,S3
FETCH,1762987803.372,53726,789,0.066,S3
FETCH,1762987803.478,53726,691,0.107,S3
FETCH,1762987803.550,53726,957,0.072,S3
FETCH,1762987803.632,53726,593,0.082,S3
FETCH,1762987803.788,53726,211,0.155,S3
FETCH,1762987803.850,53726,237,0.062,S3
FETCH,1762987803.927,53726,152,0.077,S3
FETCH,1762987803.976,53726,943,0.048,S3
FETCH,1762987804.047,53726,601,0.071,S3
FETCH,1762987804.113,53726,4,0.066,S3
FETCH,1762987804.181,53726,711,0.068,S3
FETCH,1762987804.274,53726,835,0.093,S3
FETCH,1762987804.355,53726,357,0.081,S3
PROCESS,1762987804.360,53722,100,540,980,634,912,569,404,160,123,613,74,254,689,987,61,895,527,187,431,506,652,200,416,314,819,296,514,719,1,390,15,114,349,890,628,491,337,673,774,365,837,983,446,171,905,863,284,231,928,698,976,760,216,642,664,892,258,882,519,179,505,536,632,894,72,559,100,920,267,108,946,241,521,129,478,573,321,658,172,891,510,132,327,637,780,265,965,633,789,691,957,593,211,237,152,943,601,4,711,835,357
PROCESS,1762987805.031,53722,100,165,921,507,198,354,992,766,343,816,88,116,139,672,855,755,320,934,821,886,30,898,328,552,73,196,466,687,384,134,2,396,427,63,145,16,35,251,771,953,857,670,764,110,993,456,715,117,650,471,439,75,695,36,667,119,319,203,115,852,14,985,372,11,873,973,430,744,738,781,291,659,332,476,897,732,274,387,167,109,919,300,452,64,704,345,55,824,312,554,261,917,607,227,381,541,269,186,228,656,497
FETCH,1762987805.284,53727,798,0.001,REDIS
FETCH,1762987805.284,53726,305,0.001,REDIS
FETCH,1762987805.285,53726,89,0.001,REDIS
FETCH,1762987805.285,53727,775,0.001,REDIS
FETCH,1762987805.285,53727,110,0.000,RAM
FETCH,1762987805.286,53726,408,0.001,REDIS
FETCH,1762987805.286,53727,194,0.001,REDIS
FETCH,1762987805.287,53728,771,0.003,REDIS
FETCH,1762987805.287,53726,614,0.001,REDIS
FETCH,1762987805.287,53729,523,0.003,REDIS
FETCH,1762987805.288,53726,13,0.002,REDIS
FETCH,1762987805.289,53727,861,0.002,REDIS
FETCH,1762987805.289,53729,778,0.002,REDIS
FETCH,1762987805.289,53728,578,0.002,REDIS
FETCH,1762987805.304,53726,748,0.015,REDIS
FETCH,1762987805.308,53728,883,0.018,REDIS
FETCH,1762987805.308,53727,701,0.019,REDIS
FETCH,1762987805.308,53726,858,0.003,REDIS
FETCH,1762987805.308,53729,957,0.019,REDIS
FETCH,1762987805.308,53727,423,0.000,RAM
FETCH,1762987805.308,53727,174,0.000,RAM
FETCH,1762987805.309,53726,184,0.001,REDIS
FETCH,1762987805.309,53728,401,0.001,REDIS
FETCH,1762987805.309,53727,969,0.001,REDIS
FETCH,1762987805.309,53729,929,0.001,REDIS
FETCH,1762987805.309,53726,205,0.001,REDIS
FETCH,1762987805.309,53729,493,0.000,RAM
FETCH,1762987805.310,53728,491,0.001,REDIS
FETCH,1762987805.310,53727,502,0.001,REDIS
FETCH,1762987805.310,53727,848,0.000,RAM
FETCH,1762987805.310,53726,37,0.001,REDIS
FETCH,1762987805.310,53729,873,0.001,REDIS
FETCH,1762987805.310,53728,631,0.001,REDIS
FETCH,1762987805.310,53729,76,0.000,RAM
FETCH,1762987805.312,53726,471,0.002,REDIS
FETCH,1762987805.312,53729,900,0.001,REDIS
FETCH,1762987805.312,53727,224,0.002,REDIS
FETCH,1762987805.312,53728,587,0.002,REDIS
FETCH,1762987805.312,53726,411,0.000,RAM
FETCH,1762987805.312,53727,2,0.000,RAM
FETCH,1762987805.313,53729,20,0.001,REDIS
FETCH,1762987805.313,53726,21,0.001,REDIS
FETCH,1762987805.313,53727,671,0.001,REDIS
FETCH,1762987805.313,53729,746,0.000,RAM
FETCH,1762987805.313,53726,431,0.000,RAM
FETCH,1762987805.314,53728,902,0.001,REDIS
FETCH,1762987805.314,53728,346,0.001,REDIS
FETCH,1762987805.314,53726,214,0.001,REDIS
FETCH,1762987805.314,53727,867,0.001,REDIS
FETCH,1762987805.314,53729,689,0.001,REDIS
FETCH,1762987805.314,53728,380,0.000,RAM
FETCH,1762987805.315,53727,207,0.001,REDIS
FETCH,1762987805.315,53729,715,0.001,REDIS
FETCH,1762987805.315,53726,445,0.001,REDIS
FETCH,1762987805.315,53728,670,0.001,REDIS
FETCH,1762987805.315,53727,313,0.000,RAM
FETCH,1762987805.316,53727,660,0.000,RAM
FETCH,1762987805.316,53727,405,0.000,RAM
FETCH,1762987805.316,53728,198,0.001,REDIS
FETCH,1762987805.316,53726,323,0.001,REDIS
FETCH,1762987805.317,53727,532,0.001,REDIS
FETCH,1762987805.317,53729,85,0.001,REDIS
FETCH,1762987805.317,53726,654,0.001,REDIS
FETCH,1762987805.317,53727,237,0.001,REDIS
FETCH,1762987805.317,53729,385,0.001,REDIS
FETCH,1762987805.317,53728,940,0.001,REDIS
FETCH,1762987805.317,53727,44,0.000,RAM
FETCH,1762987805.318,53726,489,0.001,REDIS
FETCH,1762987805.318,53729,882,0.001,REDIS
FETCH,1762987805.318,53728,931,0.001,REDIS
FETCH,1762987805.318,53727,562,0.001,REDIS
FETCH,1762987805.318,53727,178,0.000,RAM
FETCH,1762987805.319,53726,875,0.001,REDIS
FETCH,1762987805.319,53728,460,0.001,REDIS
FETCH,1762987805.319,53729,714,0.001,REDIS
FETCH,1762987805.319,53726,125,0.000,RAM
FETCH,1762987805.319,53729,67,0.000,RAM
FETCH,1762987805.319,53726,845,0.000,RAM
FETCH,1762987805.319,53727,595,0.001,REDIS
FETCH,1762987805.320,53728,203,0.001,REDIS
FETCH,1762987805.320,53726,164,0.001,REDIS
FETCH,1762987805.320,53729,38,0.001,REDIS
FETCH,1762987805.320,53727,138,0.001,REDIS
FETCH,1762987805.320,53726,762,0.000,RAM
FETCH,1762987805.320,53729,156,0.000,RAM
FETCH,1762987805.320,53727,754,0.000,RAM
FETCH,1762987805.320,53729,639,0.000,RAM
FETCH,1762987805.320,53728,802,0.001,REDIS
FETCH,1762987805.321,53726,598,0.001,REDIS
FETCH,1762987805.321,53727,347,0.001,REDIS
FETCH,1762987805.321,53729,434,0.001,REDIS
FETCH,1762987805.321,53728,985,0.001,REDIS
FETCH,1762987805.321,53728,737,0.000,RAM
FETCH,1762987805.321,53726,410,0.001,REDIS
FETCH,1762987805.321,53727,708,0.001,REDIS
FETCH,1762987805.322,53729,752,0.001,REDIS
FETCH,1762987805.322,53726,314,0.000,RAM
FETCH,1762987805.322,53726,989,0.000,RAM
FETCH,1762987805.322,53728,657,0.001,REDIS
FETCH,1762987805.322,53727,450,0.001,REDIS
FETCH,1762987805.322,53729,938,0.001,REDIS
FETCH,1762987805.322,53726,352,0.000,REDIS
FETCH,1762987805.323,53727,734,0.001,REDIS
FETCH,1762987805.323,53728,291,0.001,REDIS
FETCH,1762987805.323,53729,505,0.001,REDIS
FETCH,1762987805.323,53726,57,0.001,REDIS
FETCH,1762987805.323,53726,4,0.000,RAM
FETCH,1762987805.323,53727,140,0.001,REDIS
FETCH,1762987805.323,53729,725,0.000,REDIS
FETCH,1762987805.323,53728,397,0.001,REDIS
FETCH,1762987805.324,53727,452,0.000,RAM
FETCH,1762987805.324,53726,687,0.001,REDIS
FETCH,1762987805.324,53729,824,0.001,REDIS
FETCH,1762987805.324,53728,475,0.001,REDIS
FETCH,1762987805.324,53727,26,0.001,REDIS
FETCH,1762987805.324,53726,183,0.001,REDIS
FETCH,1762987805.325,53726,415,0.000,RAM
FETCH,1762987805.325,53729,120,0.001,REDIS
FETCH,1762987805.325,53727,498,0.001,REDIS
FETCH,1762987805.325,53728,333,0.001,REDIS
FETCH,1762987805.325,53726,918,0.001,REDIS
FETCH,1762987805.325,53728,992,0.000,REDIS
FETCH,1762987805.325,53727,51,0.001,REDIS
FETCH,1762987805.326,53729,372,0.001,REDIS
FETCH,1762987805.326,53726,521,0.000,RAM
FETCH,1762987805.326,53727,101,0.001,REDIS
FETCH,1762987805.326,53729,495,0.001,REDIS
FETCH,1762987805.326,53726,963,0.001,REDIS
FETCH,1762987805.326,53728,59,0.001,REDIS
FETCH,1762987805.327,53729,605,0.001,REDIS
FETCH,1762987805.327,53727,836,0.001,REDIS
FETCH,1762987805.327,53726,871,0.001,REDIS
FETCH,1762987805.327,53728,673,0.001,REDIS
FETCH,1762987805.327,53727,773,0.000,RAM
FETCH,1762987805.327,53727,604,0.000,RAM
FETCH,1762987805.327,53729,558,0.001,REDIS
FETCH,1762987805.328,53729,874,0.000,RAM
FETCH,1762987805.328,53726,815,0.001,REDIS
FETCH,1762987805.328,53728,912,0.001,REDIS
FETCH,1762987805.328,53726,141,0.000,RAM
FETCH,1762987805.328,53727,553,0.001,REDIS
FETCH,1762987805.328,53727,328,0.000,RAM
FETCH,1762987805.328,53729,36,0.001,REDIS
FETCH,1762987805.328,53728,661,0.001,REDIS
FETCH,1762987805.328,53726,827,0.001,REDIS
FETCH,1762987805.329,53727,682,0.001,REDIS
FETCH,1762987805.329,53729,170,0.001,REDIS
FETCH,1762987805.329,53728,269,0.001,REDIS
FETCH,1762987805.329,53728,866,0.000,RAM
FETCH,1762987805.329,53726,910,0.001,REDIS
FETCH,1762987805.329,53727,212,0.001,REDIS
FETCH,1762987805.330,53729,559,0.001,REDIS
FETCH,1762987805.330,53728,766,0.001,REDIS
FETCH,1762987805.330,53726,539,0.001,REDIS
FETCH,1762987805.330,53727,349,0.001,REDIS
FETCH,1762987805.330,53729,837,0.001,REDIS
FETCH,1762987805.330,53729,703,0.000,RAM
FETCH,1762987805.331,53728,727,0.001,REDIS
FETCH,1762987805.331,53726,640,0.001,REDIS
FETCH,1762987805.331,53728,608,0.000,RAM
FETCH,1762987805.331,53728,644,0.000,RAM
FETCH,1762987805.332,53727,392,0.002,REDIS
FETCH,1762987805.333,53728,593,0.002,REDIS
FETCH,1762987805.333,53726,461,0.002,REDIS
FETCH,1762987805.333,53729,322,0.002,REDIS
FETCH,1762987805.333,53727,340,0.000,RAM
FETCH,1762987805.335,53727,262,0.002,REDIS
FETCH,1762987805.335,53729,132,0.002,REDIS
FETCH,1762987805.335,53726,215,0.002,REDIS
FETCH,1762987805.335,53727,394,0.000,RAM
FETCH,1762987805.335,53728,258,0.003,REDIS
FETCH,1762987805.335,53729,106,0.000,RAM
FETCH,1762987805.335,53727,490,0.000,RAM
FETCH,1762987805.335,53728,625,0.000,RAM
FETCH,1762987805.335,53729,50,0.000,RAM
FETCH,1762987805.336,53729,533,0.000,RAM
FETCH,1762987805.336,53729,755,0.001,REDIS
FETCH,1762987805.336,53726,903,0.001,REDIS
FETCH,1762987805.336,53728,469,0.001,REDIS
FETCH,1762987805.337,53727,713,0.001,REDIS
FETCH,1762987805.353,53727,832,0.017,REDIS
FETCH,1762987805.353,53729,904,0.017,REDIS
FETCH,1762987805.353,53726,718,0.017,REDIS
FETCH,1762987805.353,53728,339,0.017,REDIS
FETCH,1762987805.354,53727,96,0.001,REDIS
FETCH,1762987805.354,53729,842,0.001,REDIS
FETCH,1762987805.354,53726,432,0.001,REDIS
FETCH,1762987805.354,53729,488,0.000,RAM
FETCH,1762987805.354,53728,691,0.001,REDIS
FETCH,1762987805.355,53727,28,0.001,REDIS
FETCH,1762987805.355,53726,424,0.001,REDIS
FETCH,1762987805.378,53728,561,0.024,REDIS
FETCH,1762987805.379,53727,526,0.024,REDIS
FETCH,1762987805.379,53726,542,0.023,REDIS
FETCH,1762987805.379,53729,956,0.024,REDIS
FETCH,1762987805.379,53726,530,0.001,REDIS
FETCH,1762987805.379,53727,849,0.001,REDIS
FETCH,1762987805.379,53729,478,0.001,REDIS
FETCH,1762987805.379,53728,420,0.001,REDIS
FETCH,1762987805.383,53727,819,0.004,REDIS
FETCH,1762987805.383,53728,315,0.004,REDIS
FETCH,1762987805.384,53729,854,0.004,REDIS
FETCH,1762987805.384,53726,594,0.004,REDIS
FETCH,1762987805.386,53729,41,0.002,REDIS
FETCH,1762987805.386,53726,240,0.002,REDIS
FETCH,1762987805.386,53728,433,0.002,REDIS
FETCH,1762987805.386,53727,565,0.002,REDIS
FETCH,1762987805.386,53729,484,0.001,REDIS
FETCH,1762987805.386,53726,109,0.001,REDIS
FETCH,1762987805.386,53727,555,0.001,REDIS
FETCH,1762987805.386,53728,818,0.001,REDIS
FETCH,1762987805.387,53728,751,0.000,RAM
FETCH,1762987805.387,53729,119,0.001,REDIS
FETCH,1762987805.388,53728,698,0.001,REDIS
FETCH,1762987805.388,53727,983,0.001,REDIS
FETCH,1762987805.388,53726,425,0.002,REDIS
FETCH,1762987805.388,53729,249,0.001,REDIS
FETCH,1762987805.388,53727,970,0.000,RAM
FETCH,1762987805.388,53728,459,0.001,REDIS
FETCH,1762987805.389,53729,782,0.000,REDIS
FETCH,1762987805.389,53726,77,0.001,REDIS
FETCH,1762987805.389,53729,169,0.000,RAM
FETCH,1762987805.389,53727,877,0.001,REDIS
FETCH,1762987805.389,53726,865,0.000,RAM
FETCH,1762987805.389,53728,335,0.001,REDIS
FETCH,1762987805.404,53727,517,0.015,REDIS
FETCH,1762987805.404,53726,497,0.015,REDIS
FETCH,1762987805.404,53728,330,0.015,REDIS
FETCH,1762987805.404,53729,295,0.015,REDIS
FETCH,1762987805.404,53728,157,0.000,RAM
FETCH,1762987805.405,53729,17,0.001,REDIS
FETCH,1762987805.405,53726,329,0.001,REDIS
FETCH,1762987805.405,53727,446,0.001,REDIS
FETCH,1762987805.405,53728,960,0.001,REDIS
FETCH,1762987805.405,53727,95,0.000,RAM
FETCH,1762987805.405,53727,554,0.000,RAM
FETCH,1762987805.406,53728,694,0.001,REDIS
FETCH,1762987805.406,53727,337,0.001,REDIS
FETCH,1762987805.406,53726,991,0.001,REDIS
FETCH,1762987805.406,53729,659,0.001,REDIS
FETCH,1762987805.406,53728,470,0.000,RAM
FETCH,1762987805.406,53727,667,0.000,RAM
FETCH,1762987805.406,53728,378,0.000,RAM
FETCH,1762987805.407,53726,256,0.001,REDIS
FETCH,1762987805.407,53729,839,0.001,REDIS
FETCH,1762987805.407,53726,761,0.000,RAM
FETCH,1762987805.407,53727,190,0.001,REDIS
FETCH,1762987805.407,53727,165,0.000,RAM
FETCH,1762987805.407,53728,999,0.001,REDIS
FETCH,1762987805.407,53727,253,0.000,RAM
FETCH,1762987805.407,53729,637,0.001,REDIS
FETCH,1762987805.407,53726,705,0.001,REDIS
FETCH,1762987805.408,53728,238,0.001,REDIS
FETCH,1762987805.408,53728,998,0.000,RAM
FETCH,1762987805.408,53729,233,0.001,REDIS
FETCH,1762987805.408,53727,774,0.001,REDIS
FETCH,1762987805.408,53726,744,0.001,REDIS
FETCH,1762987805.408,53726,62,0.000,RAM
FETCH,1762987805.408,53728,712,0.001,REDIS
FETCH,1762987805.409,53727,571,0.001,REDIS
FETCH,1762987805.409,53729,806,0.001,REDIS
FETCH,1762987805.409,53727,947,0.000,RAM
FETCH,1762987805.409,53726,549,0.001,REDIS
FETCH,1762987805.409,53728,6,0.001,REDIS
FETCH,1762987805.409,53726,426,0.000,RAM
FETCH,1762987805.409,53729,716,0.001,REDIS
FETCH,1762987805.410,53727,318,0.001,REDIS
FETCH,1762987805.410,53728,167,0.001,REDIS
FETCH,1762987805.410,53726,993,0.001,REDIS
FETCH,1762987805.410,53729,259,0.001,REDIS
FETCH,1762987805.410,53727,534,0.001,REDIS
FETCH,1762987805.410,53728,161,0.001,REDIS
FETCH,1762987805.410,53726,451,0.001,REDIS
FETCH,1762987805.411,53729,907,0.001,REDIS
FETCH,1762987805.411,53729,477,0.000,RAM
FETCH,1762987805.411,53727,990,0.000,REDIS
FETCH,1762987805.411,53728,586,0.000,REDIS
FETCH,1762987805.411,53729,325,0.000,RAM
FETCH,1762987805.411,53727,590,0.000,RAM
FETCH,1762987805.411,53726,913,0.001,REDIS
FETCH,1762987805.411,53727,995,0.001,REDIS
FETCH,1762987805.412,53729,569,0.001,REDIS
FETCH,1762987805.412,53726,982,0.001,REDIS
FETCH,1762987805.412,53728,130,0.001,REDIS
FETCH,1762987805.412,53729,510,0.000,REDIS
FETCH,1762987805.412,53727,356,0.001,REDIS
FETCH,1762987805.412,53726,592,0.001,REDIS
FETCH,1762987805.412,53728,213,0.001,REDIS
FETCH,1762987805.412,53726,987,0.000,RAM
FETCH,1762987805.413,53729,630,0.001,REDIS
FETCH,1762987805.413,53727,24,0.001,REDIS
FETCH,1762987805.413,53728,613,0.001,REDIS
FETCH,1762987805.413,53726,56,0.001,REDIS
FETCH,1762987805.413,53727,436,0.000,RAM
FETCH,1762987805.413,53729,92,0.001,REDIS
FETCH,1762987805.413,53728,163,0.000,REDIS
FETCH,1762987805.413,53726,60,0.000,REDIS
FETCH,1762987805.414,53727,254,0.000,REDIS
FETCH,1762987805.414,53728,508,0.000,RAM
FETCH,1762987805.414,53727,844,0.001,REDIS
FETCH,1762987805.414,53728,158,0.001,REDIS
FETCH,1762987805.414,53729,514,0.001,REDIS
FETCH,1762987805.414,53726,872,0.001,REDIS
FETCH,1762987805.415,53727,0,0.000,RAM
FETCH,1762987805.415,53726,895,0.000,RAM
FETCH,1762987805.415,53727,287,0.000,RAM
FETCH,1762987805.415,53726,905,0.000,RAM
FETCH,1762987805.415,53729,173,0.001,REDIS
FETCH,1762987805.415,53728,642,0.001,REDIS
FETCH,1762987805.415,53727,409,0.001,REDIS
FETCH,1762987805.416,53726,441,0.001,REDIS
FETCH,1762987805.416,53727,753,0.001,REDIS
FETCH,1762987805.416,53728,39,0.001,REDIS
FETCH,1762987805.416,53726,764,0.001,REDIS
FETCH,1762987805.416,53729,801,0.001,REDIS
FETCH,1762987805.417,53726,540,0.000,RAM
FETCH,1762987805.418,53729,473,0.001,REDIS
FETCH,1762987805.418,53727,235,0.001,REDIS
FETCH,1762987805.418,53728,457,0.001,REDIS
FETCH,1762987805.418,53726,901,0.001,REDIS
FETCH,1762987805.418,53727,731,0.000,RAM
FETCH,1762987805.419,53726,382,0.001,REDIS
FETCH,1762987805.419,53727,658,0.001,REDIS
FETCH,1762987805.419,53729,728,0.001,REDIS
FETCH,1762987805.419,53728,706,0.001,REDIS
FETCH,1762987805.420,53727,33,0.001,REDIS
FETCH,1762987805.420,53726,932,0.001,REDIS
FETCH,1762987805.420,53729,700,0.001,REDIS
FETCH,1762987805.420,53728,241,0.001,REDIS
FETCH,1762987805.421,53727,641,0.001,REDIS
FETCH,1762987805.421,53726,374,0.001,REDIS
FETCH,1762987805.421,53729,124,0.001,REDIS
FETCH,1762987805.421,53728,353,0.001,REDIS
FETCH,1762987805.421,53729,772,0.000,RAM
FETCH,1762987805.422,53727,202,0.001,REDIS
FETCH,1762987805.422,53728,834,0.001,REDIS
FETCH,1762987805.422,53726,122,0.001,REDIS
FETCH,1762987805.422,53729,52,0.001,REDIS
FETCH,1762987805.422,53728,984,0.000,RAM
FETCH,1762987805.422,53726,61,0.000,RAM
FETCH,1762987805.423,53727,522,0.001,REDIS
FETCH,1762987805.423,53727,616,0.000,RAM
FETCH,1762987805.423,53729,688,0.001,REDIS
FETCH,1762987805.423,53726,149,0.001,REDIS
FETCH,1762987805.423,53728,418,0.001,REDIS
FETCH,1762987805.423,53727,456,0.000,RAM
FETCH,1762987805.423,53728,417,0.000,RAM
FETCH,1762987805.424,53728,53,0.001,REDIS
FETCH,1762987805.424,53726,275,0.001,REDIS
FETCH,1762987805.424,53727,283,0.001,REDIS
FETCH,1762987805.424,53729,546,0.001,REDIS
FETCH,1762987805.424,53728,722,0.000,RAM
FETCH,1762987805.424,53726,719,0.000,RAM
FETCH,1762987805.424,53726,355,0.000,RAM
FETCH,1762987805.425,53726,419,0.000,RAM
FETCH,1762987805.425,53727,868,0.001,REDIS
FETCH,1762987805.425,53729,228,0.001,REDIS
FETCH,1762987805.425,53728,66,0.001,REDIS
FETCH,1762987805.425,53727,206,0.000,RAM
FETCH,1762987805.425,53729,627,0.000,RAM
FETCH,1762987805.426,53728,767,0.001,REDIS
FETCH,1762987805.426,53729,917,0.001,REDIS
FETCH,1762987805.426,53726,303,0.002,REDIS
FETCH,1762987805.426,53727,71,0.001,REDIS
FETCH,1762987805.427,53727,118,0.000,RAM
FETCH,1762987805.428,53727,373,0.002,REDIS
FETCH,1762987805.428,53726,116,0.002,REDIS
FETCH,1762987805.428,53728,574,0.002,REDIS
FETCH,1762987805.429,53727,370,0.000,RAM
FETCH,1762987805.429,53729,758,0.002,REDIS
FETCH,1762987805.429,53727,406,0.000,RAM
FETCH,1762987805.430,53727,179,0.001,REDIS
FETCH,1762987805.430,53729,600,0.001,REDIS
FETCH,1762987805.431,53726,588,0.002,REDIS
FETCH,1762987805.431,53728,448,0.002,REDIS
FETCH,1762987805.431,53729,112,0.001,REDIS
FETCH,1762987805.431,53727,745,0.001,REDIS
FETCH,1762987805.431,53727,384,0.000,RAM
FETCH,1762987805.431,53727,974,0.000,RAM
FETCH,1762987805.431,53728,647,0.001,REDIS
FETCH,1762987805.431,53726,31,0.001,REDIS
FETCH,1762987805.431,53729,650,0.001,REDIS
FETCH,1762987805.432,53726,843,0.000,RAM
FETCH,1762987805.432,53729,638,0.000,RAM
FETCH,1762987805.432,53726,500,0.000,RAM
FETCH,1762987805.432,53727,805,0.001,REDIS
FETCH,1762987805.432,53727,440,0.000,RAM
FETCH,1762987805.432,53728,543,0.001,REDIS
FETCH,1762987805.432,53729,143,0.001,REDIS
FETCH,1762987805.433,53726,596,0.001,REDIS
FETCH,1762987805.433,53728,829,0.001,REDIS
FETCH,1762987805.433,53727,880,0.001,REDIS
FETCH,1762987805.433,53729,317,0.001,REDIS
PROCESS,1762987805.434,53722,100,305,89,408,614,13,748,858,184,205,37,471,411,21,431,214,445,323,654,489,875,125,845,164,762,598,410,314,989,352,57,4,687,183,415,918,521,963,871,815,141,827,910,539,640,461,215,903,718,432,424,542,530,594,240,109,425,77,865,497,329,991,256,761,705,744,62,549,426,993,451,913,982,592,987,56,60,872,895,905,441,764,540,901,382,932,374,122,61,149,275,719,355,419,303,116,588,31,843,500,596
FETCH,1762987805.434,53726,622,0.001,REDIS
FETCH,1762987805.434,53729,632,0.001,REDIS
FETCH,1762987805.434,53728,916,0.001,REDIS
FETCH,1762987805.434,53727,885,0.001,REDIS
FETCH,1762987805.434,53728,361,0.000,RAM
FETCH,1762987805.435,53729,503,0.001,REDIS
FETCH,1762987805.435,53726,777,0.001,REDIS
FETCH,1762987805.435,53728,134,0.001,REDIS
FETCH,1762987805.435,53727,785,0.001,REDIS
FETCH,1762987805.436,53728,30,0.001,REDIS
FETCH,1762987805.436,53727,945,0.001,REDIS
FETCH,1762987805.436,53726,270,0.001,REDIS
FETCH,1762987805.436,53729,781,0.002,REDIS
FETCH,1762987805.436,53727,609,0.000,RAM
FETCH,1762987805.436,53726,377,0.000,RAM
FETCH,1762987805.437,53728,416,0.001,REDIS
FETCH,1762987805.437,53729,681,0.001,REDIS
FETCH,1762987805.437,53727,779,0.001,REDIS
FETCH,1762987805.437,53726,791,0.001,REDIS
FETCH,1762987805.437,53726,264,0.000,RAM
FETCH,1762987805.437,53728,311,0.000,REDIS
FETCH,1762987805.437,53726,645,0.000,RAM
FETCH,1762987805.438,53727,557,0.001,REDIS
FETCH,1762987805.438,53729,678,0.001,REDIS
FETCH,1762987805.438,53728,504,0.001,REDIS
FETCH,1762987805.438,53726,962,0.001,REDIS
FETCH,1762987805.438,53727,412,0.001,REDIS
FETCH,1762987805.438,53729,226,0.001,REDIS
FETCH,1762987805.439,53728,482,0.001,REDIS
FETCH,1762987805.439,53726,45,0.001,REDIS
FETCH,1762987805.439,53729,360,0.000,RAM
FETCH,1762987805.439,53728,894,0.001,REDIS
FETCH,1762987805.439,53727,83,0.001,REDIS
FETCH,1762987805.439,53726,879,0.001,REDIS
FETCH,1762987805.439,53729,896,0.001,REDIS
FETCH,1762987805.440,53728,115,0.000,REDIS
FETCH,1762987805.440,53728,576,0.000,RAM
FETCH,1762987805.440,53727,281,0.001,REDIS
FETCH,1762987805.440,53726,257,0.001,REDIS
FETCH,1762987805.440,53726,536,0.000,RAM
FETCH,1762987805.440,53726,723,0.000,RAM
FETCH,1762987805.440,53727,633,0.000,REDIS
FETCH,1762987805.441,53726,582,0.000,REDIS
FETCH,1762987805.441,53727,702,0.000,REDIS
FETCH,1762987805.441,53729,350,0.001,REDIS
FETCH,1762987805.441,53726,949,0.000,REDIS
FETCH,1762987805.441,53727,820,0.000,REDIS
FETCH,1762987805.441,53726,91,0.000,RAM
FETCH,1762987805.442,53728,685,0.001,RAM
FETCH,1762987805.442,53727,196,0.000,RAM
FETCH,1762987805.442,53726,859,0.000,RAM
FETCH,1762987805.442,53729,996,0.001,REDIS
FETCH,1762987805.442,53728,74,0.000,REDIS
FETCH,1762987805.442,53727,230,0.001,REDIS
FETCH,1762987805.442,53728,736,0.000,RAM
FETCH,1762987805.442,53727,345,0.000,RAM
FETCH,1762987805.442,53726,236,0.001,REDIS
FETCH,1762987805.442,53729,15,0.001,REDIS
FETCH,1762987805.443,53728,704,0.001,REDIS
FETCH,1762987805.443,53727,519,0.001,REDIS
FETCH,1762987805.443,53726,487,0.001,REDIS
FETCH,1762987805.443,53726,664,0.000,RAM
FETCH,1762987805.443,53729,467,0.001,REDIS
FETCH,1762987805.443,53728,765,0.000,REDIS
FETCH,1762987805.444,53727,231,0.001,REDIS
FETCH,1762987805.444,53726,58,0.000,REDIS
FETCH,1762987805.444,53729,63,0.001,REDIS
FETCH,1762987805.444,53728,738,0.001,REDIS
FETCH,1762987805.444,53726,483,0.001,REDIS
FETCH,1762987805.444,53727,201,0.001,REDIS
FETCH,1762987805.445,53726,268,0.000,RAM
FETCH,1762987805.445,53726,111,0.000,RAM
FETCH,1762987805.445,53728,342,0.001,REDIS
FETCH,1762987805.445,53729,573,0.001,REDIS
FETCH,1762987805.445,53729,726,0.000,RAM
FETCH,1762987805.445,53729,297,0.000,RAM
FETCH,1762987805.445,53726,786,0.001,REDIS
FETCH,1762987805.445,53728,512,0.001,REDIS
FETCH,1762987805.445,53727,234,0.001,REDIS
FETCH,1762987805.446,53729,449,0.001,REDIS
FETCH,1762987805.446,53726,648,0.000,REDIS
FETCH,1762987805.446,53728,64,0.001,REDIS
FETCH,1762987805.446,53727,909,0.001,REDIS
FETCH,1762987805.446,53729,88,0.001,REDIS
FETCH,1762987805.446,53728,652,0.000,REDIS
FETCH,1762987805.446,53726,552,0.001,REDIS
FETCH,1762987805.447,53726,211,0.000,RAM
FETCH,1762987805.447,53727,150,0.001,REDIS
FETCH,1762987805.447,53729,200,0.001,REDIS
FETCH,1762987805.447,53728,923,0.001,REDIS
FETCH,1762987805.447,53729,544,0.000,RAM
FETCH,1762987805.447,53726,480,0.001,REDIS
FETCH,1762987805.448,53728,70,0.000,REDIS
FETCH,1762987805.448,53727,580,0.001,REDIS
FETCH,1762987805.448,53729,442,0.001,REDIS
FETCH,1762987805.448,53726,7,0.001,REDIS
FETCH,1762987805.448,53728,46,0.001,REDIS
FETCH,1762987805.448,53727,946,0.001,REDIS
FETCH,1762987805.448,53729,78,0.001,REDIS
FETCH,1762987805.448,53728,908,0.000,RAM
FETCH,1762987805.449,53729,988,0.000,RAM
FETCH,1762987805.449,53728,787,0.000,RAM
FETCH,1762987805.449,53729,511,0.000,RAM
FETCH,1762987805.449,53728,136,0.000,RAM
FETCH,1762987805.450,53728,435,0.001,REDIS
FETCH,1762987805.450,53729,479,0.001,REDIS
FETCH,1762987805.450,53727,267,0.002,REDIS
FETCH,1762987805.450,53726,950,0.002,REDIS
FETCH,1762987805.450,53727,312,0.000,RAM
FETCH,1762987805.450,53727,84,0.000,RAM
FETCH,1762987805.451,53729,252,0.001,REDIS
FETCH,1762987805.451,53728,131,0.001,REDIS
FETCH,1762987805.451,53726,22,0.001,REDIS
FETCH,1762987805.451,53727,577,0.001,REDIS
FETCH,1762987805.451,53727,197,0.000,RAM
FETCH,1762987805.452,53728,244,0.001,REDIS
FETCH,1762987805.452,53729,668,0.001,REDIS
FETCH,1762987805.452,53727,79,0.001,REDIS
FETCH,1762987805.452,53729,246,0.000,RAM
FETCH,1762987805.452,53726,462,0.001,REDIS
FETCH,1762987805.452,53728,19,0.001,REDIS
FETCH,1762987805.457,53728,304,0.005,REDIS
FETCH,1762987805.457,53726,919,0.005,REDIS
FETCH,1762987805.457,53727,966,0.005,REDIS
FETCH,1762987805.457,53729,862,0.005,REDIS
FETCH,1762987805.457,53727,443,0.000,RAM
FETCH,1762987805.458,53727,389,0.000,RAM
FETCH,1762987805.458,53726,97,0.001,REDIS
FETCH,1762987805.458,53727,142,0.001,REDIS
FETCH,1762987805.458,53729,943,0.001,REDIS
FETCH,1762987805.458,53728,332,0.001,REDIS
FETCH,1762987805.458,53727,188,0.000,RAM
FETCH,1762987805.460,53727,99,0.001,REDIS
FETCH,1762987805.460,53729,936,0.001,REDIS
FETCH,1762987805.460,53726,584,0.001,REDIS
FETCH,1762987805.460,53728,429,0.001,REDIS
FETCH,1762987805.461,53726,376,0.001,REDIS
FETCH,1762987805.461,53728,105,0.001,REDIS
FETCH,1762987805.461,53729,334,0.001,REDIS
FETCH,1762987805.461,53727,838,0.001,REDIS
FETCH,1762987805.462,53727,148,0.001,REDIS
FETCH,1762987805.462,53729,155,0.001,REDIS
FETCH,1762987805.462,53728,783,0.001,REDIS
FETCH,1762987805.462,53726,651,0.001,REDIS
FETCH,1762987805.462,53727,915,0.000,RAM
FETCH,1762987805.462,53727,556,0.000,RAM
FETCH,1762987805.463,53726,383,0.001,REDIS
FETCH,1762987805.463,53727,793,0.001,REDIS
FETCH,1762987805.463,53729,789,0.001,REDIS
FETCH,1762987805.463,53728,729,0.001,REDIS
FETCH,1762987805.464,53726,769,0.001,REDIS
FETCH,1762987805.464,53727,336,0.001,REDIS
FETCH,1762987805.464,53726,797,0.000,RAM
FETCH,1762987805.464,53727,599,0.000,RAM
FETCH,1762987805.464,53729,404,0.001,REDIS
FETCH,1762987805.464,53728,327,0.001,REDIS
FETCH,1762987805.464,53728,537,0.000,RAM
FETCH,1762987805.465,53728,369,0.001,REDIS
FETCH,1762987805.465,53726,126,0.001,REDIS
FETCH,1762987805.465,53729,724,0.001,REDIS
FETCH,1762987805.465,53727,675,0.001,REDIS
FETCH,1762987805.465,53728,107,0.001,REDIS
FETCH,1762987805.465,53726,531,0.001,REDIS
FETCH,1762987805.466,53727,881,0.001,REDIS
FETCH,1762987805.466,53726,810,0.000,RAM
FETCH,1762987805.466,53729,711,0.001,REDIS
FETCH,1762987805.466,53728,624,0.000,REDIS
FETCH,1762987805.466,53727,284,0.000,REDIS
FETCH,1762987805.466,53726,113,0.000,REDIS
FETCH,1762987805.466,53729,280,0.001,REDIS
FETCH,1762987805.466,53726,776,0.000,RAM
FETCH,1762987805.466,53728,959,0.001,REDIS
FETCH,1762987805.467,53726,870,0.000,RAM
FETCH,1762987805.467,53728,137,0.000,RAM
FETCH,1762987805.467,53727,326,0.001,REDIS
FETCH,1762987805.467,53728,146,0.000,RAM
FETCH,1762987805.467,53728,564,0.000,RAM
FETCH,1762987805.467,53729,863,0.001,REDIS
FETCH,1762987805.467,53726,427,0.001,REDIS
FETCH,1762987805.467,53727,93,0.001,REDIS
FETCH,1762987805.467,53726,72,0.000,RAM
FETCH,1762987805.467,53728,217,0.001,REDIS
FETCH,1762987805.468,53729,399,0.001,REDIS
FETCH,1762987805.468,53729,474,0.000,RAM
FETCH,1762987805.468,53727,925,0.001,REDIS
FETCH,1762987805.468,53726,855,0.001,REDIS
FETCH,1762987805.468,53728,518,0.000,REDIS
FETCH,1762987805.468,53726,494,0.000,RAM
FETCH,1762987805.468,53729,856,0.000,REDIS
FETCH,1762987805.468,53727,535,0.000,REDIS
FETCH,1762987805.468,53728,948,0.000,REDIS
FETCH,1762987805.469,53727,285,0.000,RAM
FETCH,1762987805.469,53726,563,0.000,REDIS
FETCH,1762987805.469,53727,227,0.000,RAM
FETCH,1762987805.469,53729,128,0.000,REDIS
FETCH,1762987805.469,53728,529,0.001,REDIS
FETCH,1762987805.469,53726,911,0.000,REDIS
FETCH,1762987805.469,53727,792,0.001,REDIS
FETCH,1762987805.469,53729,579,0.000,REDIS
FETCH,1762987805.469,53727,274,0.000,RAM
FETCH,1762987805.470,53728,265,0.000,REDIS
FETCH,1762987805.470,53726,937,0.000,REDIS
FETCH,1762987805.470,53726,721,0.000,RAM
FETCH,1762987805.470,53726,199,0.000,RAM
FETCH,1762987805.470,53728,653,0.000,REDIS
FETCH,1762987805.470,53727,954,0.001,REDIS
FETCH,1762987805.470,53728,282,0.000,RAM
FETCH,1762987805.470,53729,363,0.001,REDIS
FETCH,1762987805.470,53727,814,0.000,RAM
FETCH,1762987805.470,53729,465,0.000,RAM
FETCH,1762987805.470,53727,388,0.000,RAM
FETCH,1762987805.470,53726,73,0.001,REDIS
FETCH,1762987805.471,53728,857,0.000,REDIS
FETCH,1762987805.471,53728,551,0.000,RAM
FETCH,1762987805.471,53727,825,0.000,REDIS
FETCH,1762987805.471,53729,402,0.001,REDIS
FETCH,1762987805.471,53728,933,0.000,RAM
FETCH,1762987805.471,53726,309,0.001,REDIS
FETCH,1762987805.471,53727,368,0.000,RAM
FETCH,1762987805.471,53726,321,0.000,RAM
FETCH,1762987805.471,53729,455,0.000,REDIS
FETCH,1762987805.472,53728,9,0.000,REDIS
FETCH,1762987805.472,53726,302,0.001,REDIS
FETCH,1762987805.472,53727,610,0.001,REDIS
FETCH,1762987805.472,53726,153,0.000,RAM
FETCH,1762987805.472,53729,421,0.001,REDIS
FETCH,1762987805.472,53728,507,0.001,REDIS
FETCH,1762987805.472,53726,162,0.000,RAM
FETCH,1762987805.472,53726,741,0.000,RAM
FETCH,1762987805.473,53726,176,0.001,REDIS
FETCH,1762987805.474,53728,221,0.001,REDIS
FETCH,1762987805.474,53729,709,0.001,REDIS
FETCH,1762987805.474,53727,171,0.002,REDIS
FETCH,1762987805.474,53727,139,0.000,RAM
FETCH,1762987805.474,53727,54,0.000,RAM
FETCH,1762987805.474,53726,242,0.001,REDIS
FETCH,1762987805.474,53728,185,0.001,REDIS
FETCH,1762987805.474,53729,831,0.001,REDIS
FETCH,1762987805.475,53729,193,0.000,RAM
FETCH,1762987805.475,53727,643,0.001,REDIS
FETCH,1762987805.475,53726,195,0.001,REDIS
FETCH,1762987805.475,53728,292,0.001,REDIS
FETCH,1762987805.475,53726,100,0.000,RAM
FETCH,1762987805.475,53729,23,0.001,REDIS
FETCH,1762987805.475,53727,108,0.000,REDIS
FETCH,1762987805.475,53728,102,0.000,REDIS
FETCH,1762987805.476,53726,379,0.001,REDIS
FETCH,1762987805.476,53727,520,0.000,REDIS
FETCH,1762987805.476,53729,619,0.001,REDIS
FETCH,1762987805.476,53726,1,0.000,RAM
FETCH,1762987805.476,53728,218,0.001,REDIS
FETCH,1762987805.476,53727,393,0.001,REDIS
FETCH,1762987805.476,53727,348,0.000,RAM
FETCH,1762987805.477,53727,381,0.000,RAM
FETCH,1762987805.477,53726,279,0.001,REDIS
FETCH,1762987805.477,53729,40,0.001,REDIS
FETCH,1762987805.477,53728,826,0.001,REDIS
FETCH,1762987805.477,53727,438,0.000,REDIS
FETCH,1762987805.477,53726,286,0.001,REDIS
FETCH,1762987805.478,53729,271,0.001,REDIS
FETCH,1762987805.478,53728,114,0.001,REDIS
FETCH,1762987805.478,53727,8,0.000,REDIS
FETCH,1762987805.478,53726,69,0.001,REDIS
FETCH,1762987805.478,53727,260,0.001,REDIS
FETCH,1762987805.478,53729,187,0.001,REDIS
FETCH,1762987805.479,53728,979,0.001,REDIS
FETCH,1762987805.479,53726,430,0.001,REDIS
FETCH,1762987805.479,53727,803,0.001,REDIS
FETCH,1762987805.479,53726,892,0.000,RAM
FETCH,1762987805.479,53728,876,0.001,REDIS
FETCH,1762987805.479,53729,891,0.001,REDIS
FETCH,1762987805.479,53726,965,0.000,RAM
FETCH,1762987805.480,53727,961,0.001,REDIS
FETCH,1762987805.480,53729,90,0.001,REDIS
FETCH,1762987805.480,53726,906,0.001,REDIS
FETCH,1762987805.480,53728,763,0.001,REDIS
FETCH,1762987805.480,53729,674,0.000,RAM
FETCH,1762987805.480,53727,927,0.000,RAM
FETCH,1762987805.480,53728,997,0.000,RAM
FETCH,1762987805.480,53726,468,0.000,RAM
FETCH,1762987805.480,53727,11,0.000,RAM
FETCH,1762987805.481,53728,617,0.001,REDIS
FETCH,1762987805.481,53729,795,0.001,REDIS
FETCH,1762987805.481,53726,953,0.001,REDIS
FETCH,1762987805.481,53727,975,0.001,REDIS
FETCH,1762987805.481,53727,886,0.000,RAM
FETCH,1762987805.482,53726,581,0.001,REDIS
FETCH,1762987805.482,53727,733,0.001,REDIS
FETCH,1762987805.482,53729,496,0.001,REDIS
FETCH,1762987805.482,53726,527,0.000,RAM
FETCH,1762987805.482,53728,636,0.002,REDIS
FETCH,1762987805.482,53727,583,0.000,RAM
FETCH,1762987805.483,53729,986,0.000,RAM
FETCH,1762987805.483,53727,899,0.000,RAM
FETCH,1762987805.483,53727,300,0.000,RAM
FETCH,1762987805.484,53727,351,0.002,REDIS
FETCH,1762987805.484,53726,807,0.002,REDIS
FETCH,1762987805.484,53729,121,0.002,REDIS
FETCH,1762987805.485,53728,804,0.002,REDIS
FETCH,1762987805.485,53726,147,0.000,RAM
FETCH,1762987805.485,53728,48,0.000,RAM
FETCH,1762987805.485,53726,250,0.000,RAM
FETCH,1762987805.497,53726,16,0.013,REDIS
FETCH,1762987805.497,53727,760,0.013,REDIS
FETCH,1762987805.497,53728,209,0.013,REDIS
FETCH,1762987805.498,53729,501,0.013,REDIS
FETCH,1762987805.498,53728,677,0.000,RAM
FETCH,1762987805.498,53728,364,0.000,RAM
FETCH,1762987805.498,53726,656,0.000,REDIS
FETCH,1762987805.498,53727,828,0.001,REDIS
FETCH,1762987805.498,53729,222,0.001,REDIS
FETCH,1762987805.498,53727,466,0.000,RAM
FETCH,1762987805.498,53728,732,0.001,REDIS
FETCH,1762987805.498,53726,117,0.000,REDIS
FETCH,1762987805.498,53726,454,0.000,RAM
FETCH,1762987805.499,53727,914,0.000,REDIS
FETCH,1762987805.499,53729,611,0.001,REDIS
FETCH,1762987805.499,53728,964,0.001,REDIS
FETCH,1762987805.499,53726,80,0.000,REDIS
FETCH,1762987805.499,53729,245,0.000,RAM
FETCH,1762987805.499,53728,840,0.000,RAM
FETCH,1762987805.499,53728,735,0.000,RAM
FETCH,1762987805.499,53727,12,0.001,REDIS
FETCH,1762987805.499,53728,808,0.000,RAM
FETCH,1762987805.499,53728,81,0.000,RAM
FETCH,1762987805.500,53728,924,0.000,RAM
FETCH,1762987805.500,53726,749,0.001,REDIS
FETCH,1762987805.500,53729,55,0.001,REDIS
FETCH,1762987805.500,53727,422,0.001,REDIS
FETCH,1762987805.500,53728,846,0.001,REDIS
FETCH,1762987805.500,53726,548,0.001,REDIS
FETCH,1762987805.500,53729,68,0.001,REDIS
FETCH,1762987805.501,53728,458,0.000,REDIS
FETCH,1762987805.501,53726,958,0.000,REDIS
FETCH,1762987805.501,53729,375,0.000,REDIS
FETCH,1762987805.501,53729,663,0.000,RAM
FETCH,1762987805.501,53726,524,0.000,REDIS
FETCH,1762987805.501,53728,951,0.001,REDIS
FETCH,1762987805.501,53729,324,0.000,REDIS
FETCH,1762987805.502,53726,878,0.001,REDIS
FETCH,1762987805.502,53728,181,0.001,REDIS
FETCH,1762987805.502,53726,10,0.000,RAM
FETCH,1762987805.502,53728,306,0.000,RAM
FETCH,1762987805.502,53729,35,0.001,REDIS
FETCH,1762987805.502,53726,800,0.000,RAM
FETCH,1762987805.502,53728,784,0.000,RAM
FETCH,1762987805.503,53729,308,0.000,REDIS
FETCH,1762987805.503,53726,575,0.000,REDIS
FETCH,1762987805.503,53728,684,0.001,REDIS
FETCH,1762987805.503,53729,481,0.000,REDIS
FETCH,1762987805.503,53726,98,0.001,REDIS
FETCH,1762987805.504,53728,289,0.001,REDIS
FETCH,1762987805.504,53729,65,0.000,REDIS
FETCH,1762987805.504,53729,591,0.000,RAM
FETCH,1762987805.504,53726,603,0.001,REDIS
FETCH,1762987805.504,53728,216,0.001,REDIS
FETCH,1762987805.505,53726,476,0.001,REDIS
FETCH,1762987805.505,53729,976,0.001,REDIS
FETCH,1762987805.505,53726,27,0.000,RAM
FETCH,1762987805.505,53728,939,0.001,REDIS
FETCH,1762987805.505,53728,830,0.000,RAM
FETCH,1762987805.505,53728,621,0.000,RAM
FETCH,1762987805.505,53728,229,0.000,RAM
FETCH,1762987805.505,53729,618,0.000,REDIS
FETCH,1762987805.506,53726,175,0.000,RAM
FETCH,1762987805.506,53728,816,0.001,REDIS
FETCH,1762987805.506,53729,920,0.001,REDIS
FETCH,1762987805.506,53728,666,0.000,RAM
FETCH,1762987805.506,53726,790,0.000,REDIS
FETCH,1762987805.506,53729,485,0.000,REDIS
FETCH,1762987805.506,53728,172,0.000,REDIS
FETCH,1762987805.507,53726,607,0.000,REDIS
FETCH,1762987805.507,53729,255,0.000,REDIS
FETCH,1762987805.507,53729,926,0.000,RAM
FETCH,1762987805.507,53728,921,0.000,REDIS
FETCH,1762987805.507,53729,747,0.000,RAM
FETCH,1762987805.507,53728,662,0.000,RAM
FETCH,1762987805.507,53726,978,0.000,REDIS
FETCH,1762987805.507,53729,177,0.000,REDIS
FETCH,1762987805.508,53728,864,0.000,REDIS
FETCH,1762987805.508,53726,973,0.000,REDIS
FETCH,1762987805.508,53726,890,0.000,RAM
FETCH,1762987805.508,53729,635,0.000,REDIS
FETCH,1762987805.508,53728,261,0.001,REDIS
FETCH,1762987805.508,53726,220,0.001,REDIS
FETCH,1762987805.509,53729,403,0.001,REDIS
FETCH,1762987805.509,53728,239,0.001,REDIS
FETCH,1762987805.509,53728,94,0.000,RAM
FETCH,1762987805.509,53726,615,0.001,REDIS
FETCH,1762987805.509,53729,742,0.000,REDIS
FETCH,1762987805.509,53728,298,0.001,REDIS
FETCH,1762987805.510,53726,847,0.001,REDIS
FETCH,1762987805.510,53729,720,0.000,REDIS
FETCH,1762987805.510,53726,794,0.001,REDIS
FETCH,1762987805.510,53729,941,0.001,REDIS
FETCH,1762987805.510,53728,812,0.001,REDIS
FETCH,1762987805.510,53728,680,0.000,RAM
FETCH,1762987805.511,53728,515,0.001,REDIS
FETCH,1762987805.511,53726,371,0.001,REDIS
FETCH,1762987805.511,53729,799,0.001,REDIS
FETCH,1762987805.512,53728,620,0.000,REDIS
FETCH,1762987805.512,53726,977,0.000,REDIS
FETCH,1762987805.512,53728,367,0.000,RAM
FETCH,1762987805.512,53729,223,0.001,REDIS
FETCH,1762987805.513,53726,770,0.001,REDIS
FETCH,1762987805.513,53729,276,0.001,REDIS
FETCH,1762987805.514,53726,127,0.000,REDIS
FETCH,1762987805.514,53729,135,0.000,REDIS
FETCH,1762987805.515,53726,860,0.001,REDIS
FETCH,1762987805.515,53729,413,0.001,REDIS
FETCH,1762987805.515,53726,366,0.000,REDIS
FETCH,1762987805.515,53729,14,0.001,REDIS
FETCH,1762987805.515,53726,365,0.000,RAM
FETCH,1762987805.515,53726,750,0.000,RAM
FETCH,1762987805.516,53729,387,0.000,REDIS
FETCH,1762987805.516,53726,42,0.001,REDIS
FETCH,1762987805.516,53726,444,0.000,RAM
FETCH,1762987805.517,53729,182,0.001,REDIS
FETCH,1762987805.517,53726,788,0.000,REDIS
FETCH,1762987805.517,53729,219,0.001,REDIS
FETCH,1762987805.517,53726,516,0.001,REDIS
FETCH,1762987805.517,53726,780,0.000,RAM
FETCH,1762987805.518,53729,386,0.000,REDIS
FETCH,1762987805.518,53729,851,0.000,RAM
FETCH,1762987805.518,53726,398,0.001,REDIS
FETCH,1762987805.518,53729,813,0.001,REDIS
FETCH,1762987805.518,53726,428,0.000,REDIS
FETCH,1762987805.519,53729,981,0.001,REDIS
FETCH,1762987805.519,53726,75,0.001,REDIS
FETCH,1762987805.519,53729,570,0.000,RAM
FETCH,1762987805.519,53729,43,0.000,RAM
FETCH,1762987805.520,53726,266,0.001,REDIS
FETCH,1762987805.520,53729,852,0.001,REDIS
FETCH,1762987805.520,53729,278,0.000,RAM
FETCH,1762987805.521,53726,5,0.001,REDIS
FETCH,1762987805.522,53726,690,0.001,REDIS
FETCH,1762987805.523,53726,898,0.000,REDIS
FETCH,1762987805.523,53726,601,0.000,RAM
FETCH,1762987805.523,53726,225,0.000,REDIS
FETCH,1762987805.523,53726,492,0.000,REDIS
FETCH,1762987805.524,53726,400,0.000,REDIS
FETCH,1762987805.524,53726,884,0.000,REDIS
FETCH,1762987805.525,53726,159,0.000,RAM
FETCH,1762987805.525,53726,296,0.000,RAM
FETCH,1762987805.525,53726,251,0.000,REDIS
FETCH,1762987805.526,53726,180,0.000,REDIS
FETCH,1762987805.526,53726,191,0.000,RAM
FETCH,1762987805.526,53726,29,0.000,REDIS
FETCH,1762987805.527,53726,585,0.000,REDIS
FETCH,1762987805.527,53726,628,0.000,RAM
FETCH,1762987805.527,53726,273,0.000,REDIS
FETCH,1762987805.528,53726,299,0.001,REDIS
FETCH,1762987805.528,53726,550,0.000,RAM
FETCH,1762987805.528,53726,928,0.000,RAM
FETCH,1762987805.529,53726,869,0.001,REDIS
FETCH,1762987805.529,53726,672,0.001,REDIS
FETCH,1762987805.530,53726,889,0.000,RAM
FETCH,1762987805.530,53726,509,0.000,REDIS
FETCH,1762987805.531,53726,952,0.001,REDIS
FETCH,1762987805.531,53726,757,0.000,REDIS
FETCH,1762987805.532,53726,547,0.000,REDIS
FETCH,1762987805.532,53726,338,0.000,REDIS
FETCH,1762987805.533,53726,623,0.000,REDIS
FETCH,1762987805.533,53726,572,0.001,REDIS
FETCH,1762987805.534,53726,103,0.000,REDIS
FETCH,1762987805.534,53726,47,0.000,REDIS
FETCH,1762987805.535,53726,307,0.000,REDIS
FETCH,1762987805.535,53726,290,0.000,REDIS
FETCH,1762987805.536,53726,955,0.000,REDIS
FETCH,1762987805.536,53726,967,0.000,REDIS
FETCH,1762987805.536,53726,331,0.000,REDIS
FETCH,1762987805.537,53726,486,0.000,RAM
FETCH,1762987805.537,53726,697,0.000,REDIS
FETCH,1762987805.537,53726,679,0.000,REDIS
FETCH,1762987805.538,53726,104,0.000,REDIS
FETCH,1762987805.538,53726,850,0.000,REDIS
FETCH,1762987805.539,53726,87,0.000,REDIS
FETCH,1762987805.539,53726,606,0.000,REDIS
FETCH,1762987805.539,53726,354,0.000,REDIS
FETCH,1762987805.540,53726,154,0.000,REDIS
FETCH,1762987805.540,53726,288,0.000,REDIS
FETCH,1762987805.541,53726,568,0.000,REDIS
FETCH,1762987805.541,53726,464,0.000,REDIS
FETCH,1762987805.541,53726,821,0.000,REDIS
FETCH,1762987805.542,53726,566,0.000,RAM
FETCH,1762987805.542,53726,391,0.000,REDIS
FETCH,1762987805.542,53726,612,0.000,REDIS
FETCH,1762987805.543,53726,208,0.000,RAM
FETCH,1762987805.543,53726,768,0.000,REDIS
FETCH,1762987805.543,53726,34,0.000,REDIS
FETCH,1762987805.544,53726,823,0.000,REDIS
FETCH,1762987805.544,53726,634,0.000,RAM
FETCH,1762987805.544,53726,343,0.000,REDIS
FETCH,1762987805.545,53726,602,0.000,REDIS
FETCH,1762987805.545,53726,152,0.000,RAM
FETCH,1762987805.545,53726,341,0.000,RAM
FETCH,1762987805.545,53726,189,0.000,RAM
FETCH,1762987805.546,53726,971,0.000,REDIS
FETCH,1762987805.546,53726,320,0.000,REDIS
FETCH,1762987805.547,53726,192,0.000,REDIS
FETCH,1762987805.547,53726,129,0.000,RAM
FETCH,1762987805.547,53726,437,0.000,REDIS
FETCH,1762987805.548,53726,263,0.000,REDIS
FETCH,1762987805.548,53726,897,0.000,REDIS
FETCH,1762987805.549,53726,809,0.000,REDIS
FETCH,1762987805.549,53726,248,0.000,REDIS
FETCH,1762987805.549,53726,447,0.000,RAM
PROCESS,1762987805.700,53722,100,798,775,110,194,861,701,423,174,969,502,848,224,2,671,867,207,313,660,405,532,237,44,562,178,595,138,754,347,708,450,734,140,452,26,498,51,101,836,773,604,553,328,682,212,349,392,340,262,394,490,713,832,96,28,526,849,819,565,555,983,970,877,517,446,95,554,337,667,190,165,253,774,571,947,318,534,990,590,995,356,24,436,254,844,0,287,409,753,235,731,658,33,641,202,522,616,456,283,868,206
FETCH,1762987805.700,53727,186,0.000,RAM
FETCH,1762987805.701,53727,407,0.001,REDIS
FETCH,1762987805.701,53727,439,0.000,RAM
FETCH,1762987805.701,53727,82,0.000,RAM
FETCH,1762987805.702,53727,696,0.001,REDIS
FETCH,1762987805.702,53727,247,0.000,RAM
FETCH,1762987805.703,53727,453,0.001,REDIS
FETCH,1762987805.704,53727,922,0.001,REDIS
FETCH,1762987805.704,53727,396,0.000,RAM
FETCH,1762987805.705,53727,545,0.001,REDIS
FETCH,1762987805.705,53727,796,0.000,RAM
FETCH,1762987805.705,53727,362,0.001,REDIS
FETCH,1762987805.706,53727,86,0.000,RAM
FETCH,1762987805.706,53727,166,0.001,REDIS
FETCH,1762987805.707,53727,294,0.001,REDIS
FETCH,1762987805.707,53727,243,0.001,REDIS
FETCH,1762987805.708,53727,692,0.001,REDIS
FETCH,1762987805.709,53727,357,0.000,REDIS
FETCH,1762987805.709,53727,717,0.001,REDIS
FETCH,1762987805.710,53727,629,0.001,REDIS
FETCH,1762987805.710,53727,665,0.000,RAM
FETCH,1762987805.710,53727,626,0.000,RAM
FETCH,1762987805.711,53727,525,0.001,REDIS
FETCH,1762987805.711,53727,3,0.000,RAM
FETCH,1762987805.712,53727,693,0.001,REDIS
FETCH,1762987805.712,53727,390,0.000,REDIS
FETCH,1762987805.713,53727,655,0.001,REDIS
FETCH,1762987805.713,53727,589,0.000,REDIS
FETCH,1762987805.714,53727,513,0.000,REDIS
FETCH,1762987805.714,53727,835,0.000,REDIS
FETCH,1762987805.715,53727,676,0.000,REDIS
FETCH,1762987805.715,53727,358,0.000,RAM
FETCH,1762987805.715,53727,739,0.001,REDIS
FETCH,1762987805.716,53727,759,0.001,REDIS
FETCH,1762987805.717,53727,123,0.001,REDIS
FETCH,1762987805.717,53727,168,0.001,REDIS
FETCH,1762987805.718,53727,887,0.001,REDIS
FETCH,1762987805.718,53727,817,0.001,REDIS
FETCH,1762987805.719,53727,293,0.000,REDIS
FETCH,1762987805.719,53727,359,0.000,REDIS
FETCH,1762987805.720,53727,144,0.000,REDIS
FETCH,1762987805.721,53727,277,0.001,REDIS
FETCH,1762987805.721,53727,743,0.000,RAM
FETCH,1762987805.722,53727,301,0.001,REDIS
FETCH,1762987805.722,53727,272,0.000,REDIS
FETCH,1762987805.723,53727,560,0.001,REDIS
FETCH,1762987805.723,53727,994,0.000,REDIS
FETCH,1762987805.724,53727,646,0.000,REDIS
FETCH,1762987805.724,53727,699,0.000,RAM
FETCH,1762987805.725,53727,18,0.000,REDIS
FETCH,1762987805.725,53727,49,0.000,REDIS
FETCH,1762987805.726,53727,204,0.000,REDIS
FETCH,1762987805.726,53727,710,0.000,RAM
FETCH,1762987805.726,53727,853,0.000,REDIS
FETCH,1762987805.726,53727,968,0.000,RAM
FETCH,1762987805.726,53727,25,0.000,RAM
FETCH,1762987805.726,53727,151,0.000,RAM
FETCH,1762987805.727,53727,740,0.000,REDIS
FETCH,1762987805.727,53727,32,0.000,REDIS
FETCH,1762987805.728,53727,686,0.000,REDIS
FETCH,1762987805.728,53727,811,0.000,REDIS
FETCH,1762987805.728,53727,145,0.000,RAM
FETCH,1762987805.729,53727,528,0.000,RAM
FETCH,1762987805.729,53727,972,0.000,RAM
FETCH,1762987805.729,53727,683,0.000,REDIS
FETCH,1762987805.730,53727,344,0.001,REDIS
FETCH,1762987805.730,53727,934,0.000,RAM
FETCH,1762987805.730,53727,944,0.000,REDIS
FETCH,1762987805.731,53727,822,0.000,REDIS
FETCH,1762987805.731,53727,669,0.000,RAM
FETCH,1762987805.731,53727,930,0.000,REDIS
FETCH,1762987805.732,53727,935,0.000,REDIS
FETCH,1762987805.732,53727,316,0.000,REDIS
FETCH,1762987805.733,53727,310,0.000,REDIS
FETCH,1762987805.733,53727,730,0.000,REDIS
FETCH,1762987805.734,53727,133,0.000,REDIS
FETCH,1762987805.734,53727,756,0.000,RAM
FETCH,1762987805.734,53727,649,0.000,REDIS
FETCH,1762987805.735,53727,942,0.000,REDIS
FETCH,1762987805.735,53727,597,0.000,RAM
FETCH,1762987805.735,53727,567,0.000,RAM
FETCH,1762987805.735,53727,499,0.000,RAM
FETCH,1762987805.735,53727,980,0.000,REDIS
FETCH,1762987805.736,53727,210,0.000,REDIS
FETCH,1762987805.736,53727,319,0.000,RAM
FETCH,1762987805.736,53727,414,0.000,REDIS
FETCH,1762987805.737,53727,506,0.000,REDIS
FETCH,1762987805.737,53727,160,0.000,REDIS
FETCH,1762987805.738,53727,707,0.000,REDIS
FETCH,1762987805.738,53727,232,0.000,RAM
FETCH,1762987805.738,53727,833,0.001,REDIS
FETCH,1762987805.739,53727,841,0.000,REDIS
FETCH,1762987805.739,53727,395,0.000,REDIS
FETCH,1762987805.739,53727,541,0.000,RAM
FETCH,1762987805.740,53727,893,0.000,REDIS
FETCH,1762987805.740,53727,538,0.000,REDIS
FETCH,1762987805.741,53727,463,0.000,REDIS
FETCH,1762987805.741,53727,888,0.000,RAM
FETCH,1762987805.741,53727,695,0.000,RAM
FETCH,1762987805.741,53727,472,0.000,REDIS
PROCESS,1762987805.957,53722,100,771,578,883,401,491,631,587,902,346,380,670,198,940,931,460,203,802,985,737,657,291,397,475,333,992,59,673,912,661,269,866,766,727,608,644,593,258,625,469,339,691,561,420,315,433,818,751,698,459,335,330,157,960,694,470,378,999,238,998,712,6,167,161,586,130,213,613,163,508,158,642,39,457,706,241,353,834,984,418,417,53,722,66,767,574,448,647,543,829,916,361,134,30,416,311,504,482,894,115,576
PROCESS,1762987806.213,53722,100,523,778,957,929,493,873,76,900,20,746,689,715,85,385,882,714,67,38,156,639,434,752,938,505,725,824,120,372,495,605,558,874,36,170,559,837,703,322,132,106,50,533,755,904,842,488,956,478,854,41,484,119,249,782,169,295,17,659,839,637,233,806,716,259,907,477,325,569,510,630,92,514,173,801,473,728,700,124,772,52,688,546,228,627,917,758,600,112,650,638,143,317,632,503,781,681,678,226,360,896
PROCESS,1762987806.468,53722,100,622,777,270,377,791,264,645,962,45,879,257,536,723,582,949,91,859,236,487,664,58,483,268,111,786,648,552,211,480,7,950,22,462,919,97,584,376,651,383,769,797,126,531,810,113,776,870,427,72,855,494,563,911,937,721,199,73,309,321,302,153,162,741,176,242,195,100,379,1,279,286,69,430,892,965,906,468,953,581,527,807,147,250,16,656,117,454,80,749,548,958,524,878,10,800,575,98,603,476,27
PROCESS,1762987806.725,53722,100,71,118,373,370,406,179,745,384,974,805,440,880,885,785,945,609,779,557,412,83,281,633,702,820,196,230,345,519,231,201,234,909,150,580,946,267,312,84,577,197,79,966,443,389,142,188,99,838,148,915,556,793,336,599,675,881,284,326,93,925,535,285,227,792,274,954,814,388,825,368,610,171,139,54,643,108,520,393,348,381,438,8,260,803,961,927,11,975,886,733,583,899,300,351,760,828,466,914,12,422
PROCESS,1762987806.981,53722,100,685,74,736,704,765,738,342,512,64,652,923,70,46,908,787,136,435,131,244,19,304,332,429,105,783,729,327,537,369,107,624,959,137,146,564,217,518,948,529,265,653,282,857,551,933,9,507,221,185,292,102,218,826,114,979,876,763,997,617,636,804,48,209,677,364,732,964,840,735,808,81,924,846,458,951,181,306,784,684,289,216,939,830,621,229,816,666,172,921,662,864,261,239,94,298,812,680,515,620,367
PROCESS,1762987807.237,53722,100,350,996,15,467,63,573,726,297,449,88,200,544,442,78,988,511,479,252,668,246,862,943,936,334,155,789,404,724,711,280,863,399,474,856,128,579,363,465,402,455,421,709,831,193,23,619,40,271,187,891,90,674,795,496,986,121,501,222,611,245,55,68,375,663,324,35,308,481,65,591,976,618,920,485,255,926,747,177,635,403,742,720,941,799,223,276,135,413,14,387,182,219,386,851,813,981,570,43,852,278
PROCESS,1762987807.490,53722,100,175,790,607,978,973,890,220,615,847,794,371,977,770,127,860,366,365,750,42,444,788,516,780,398,428,75,266,5,690,898,601,225,492,400,884,159,296,251,180,191,29,585,628,273,299,550,928,869,672,889,509,952,757,547,338,623,572,103,47,307,290,955,967,331,486,697,679,104,850,87,606,354,154,288,568,464,821,566,391,612,208,768,34,823,634,343,602,152,341,189,971,320,192,129,437,263,897,809,248,447
PROCESS,1762987807.738,53722,100,186,407,439,82,696,247,453,922,396,545,796,362,86,166,294,243,692,357,717,629,665,626,525,3,693,390,655,589,513,835,676,358,739,759,123,168,887,817,293,359,144,277,743,301,272,560,994,646,699,18,49,204,710,853,968,25,151,740,32,686,811,145,528,972,683,344,934,944,822,669,930,935,316,310,730,133,756,649,942,597,567,499,980,210,319,414,506,160,707,232,833,841,395,541,893,538,463,888,695,472
FETCH,1762987807.989,53727,39,0.000,RAM
FETCH,1762987807.989,53726,809,0.000,RAM
FETCH,1762987807.989,53727,522,0.000,RAM
FETCH,1762987807.989,53726,184,0.000,RAM
FETCH,1762987807.990,53729,16,0.001,REDIS
FETCH,1762987807.990,53728,18,0.001,REDIS
FETCH,1762987807.990,53727,459,0.001,REDIS
FETCH,1762987807.990,53729,605,0.000,RAM
FETCH,1762987807.990,53726,899,0.001,REDIS
FETCH,1762987807.990,53726,645,0.000,RAM
FETCH,1762987807.990,53726,177,0.000,RAM
FETCH,1762987807.990,53726,753,0.000,RAM
FETCH,1762987807.991,53728,552,0.001,REDIS
FETCH,1762987807.991,53726,893,0.000,RAM
FETCH,1762987807.991,53728,649,0.000,RAM
FETCH,1762987807.991,53727,353,0.001,REDIS
FETCH,1762987807.991,53729,928,0.001,REDIS
FETCH,1762987807.991,53726,602,0.000,RAM
FETCH,1762987807.991,53729,414,0.000,RAM
FETCH,1762987807.991,53727,510,0.001,REDIS
FETCH,1762987807.992,53726,345,0.001,REDIS
FETCH,1762987807.992,53728,930,0.001,REDIS
FETCH,1762987807.992,53729,96,0.001,REDIS
FETCH,1762987807.992,53729,277,0.000,RAM
FETCH,1762987807.992,53727,688,0.000,REDIS
FETCH,1762987807.992,53726,50,0.000,REDIS
FETCH,1762987807.992,53728,572,0.001,REDIS
FETCH,1762987807.992,53729,382,0.001,REDIS
FETCH,1762987807.992,53728,281,0.000,RAM
FETCH,1762987807.993,53727,540,0.001,REDIS
FETCH,1762987807.993,53726,745,0.001,REDIS
FETCH,1762987807.993,53729,891,0.000,RAM
FETCH,1762987807.993,53727,158,0.000,RAM
FETCH,1762987807.993,53726,296,0.000,RAM
FETCH,1762987807.993,53726,672,0.000,RAM
FETCH,1762987807.993,53728,259,0.001,REDIS
FETCH,1762987807.994,53727,111,0.001,REDIS
FETCH,1762987807.994,53729,376,0.001,REDIS
FETCH,1762987807.994,53727,427,0.000,RAM
FETCH,1762987807.994,53728,887,0.001,REDIS
FETCH,1762987807.995,53726,249,0.001,REDIS
FETCH,1762987807.995,53729,604,0.001,REDIS
FETCH,1762987807.995,53727,875,0.001,REDIS
FETCH,1762987807.995,53728,216,0.000,RAM
FETCH,1762987807.995,53726,27,0.000,RAM
FETCH,1762987807.995,53728,904,0.000,RAM
FETCH,1762987807.996,53728,533,0.001,REDIS
FETCH,1762987807.996,53726,538,0.001,REDIS
FETCH,1762987807.996,53729,545,0.001,REDIS
FETCH,1762987807.996,53727,808,0.001,REDIS
FETCH,1762987807.996,53726,855,0.000,RAM
FETCH,1762987807.996,53728,864,0.000,RAM
FETCH,1762987807.996,53727,64,0.000,RAM
FETCH,1762987807.996,53726,709,0.000,RAM
FETCH,1762987807.997,53727,471,0.000,RAM
FETCH,1762987807.997,53727,315,0.000,RAM
FETCH,1762987807.997,53729,320,0.001,REDIS
FETCH,1762987807.997,53727,773,0.000,RAM
FETCH,1762987807.997,53729,496,0.000,RAM
FETCH,1762987807.997,53728,446,0.001,REDIS
FETCH,1762987807.997,53726,115,0.001,REDIS
FETCH,1762987807.997,53729,937,0.000,RAM
FETCH,1762987807.997,53728,869,0.000,RAM
FETCH,1762987807.997,53726,877,0.000,RAM
FETCH,1762987807.998,53727,636,0.001,REDIS
FETCH,1762987807.998,53726,915,0.000,REDIS
FETCH,1762987807.998,53728,456,0.001,REDIS
FETCH,1762987807.998,53729,853,0.001,REDIS
FETCH,1762987807.998,53728,473,0.000,RAM
FETCH,1762987807.998,53729,461,0.000,RAM
FETCH,1762987807.998,53728,916,0.000,RAM
FETCH,1762987807.998,53727,651,0.001,REDIS
FETCH,1762987807.998,53728,610,0.000,RAM
FETCH,1762987807.998,53726,0,0.001,REDIS
FETCH,1762987807.998,53727,498,0.000,RAM
FETCH,1762987807.999,53727,557,0.000,RAM
FETCH,1762987807.999,53729,800,0.001,REDIS
FETCH,1762987807.999,53726,927,0.001,REDIS
FETCH,1762987807.999,53728,867,0.001,REDIS
FETCH,1762987807.999,53726,154,0.000,RAM
FETCH,1762987807.999,53727,69,0.001,REDIS
FETCH,1762987807.999,53726,831,0.000,RAM
FETCH,1762987807.999,53727,946,0.000,RAM
FETCH,1762987807.999,53726,652,0.000,RAM
FETCH,1762987807.999,53729,657,0.001,REDIS
FETCH,1762987808.000,53728,786,0.001,REDIS
FETCH,1762987808.000,53729,539,0.001,REDIS
FETCH,1762987808.000,53727,13,0.001,REDIS
FETCH,1762987808.000,53726,735,0.001,REDIS
FETCH,1762987808.000,53728,995,0.001,REDIS
FETCH,1762987808.000,53726,162,0.000,RAM
FETCH,1762987808.001,53727,361,0.001,REDIS
FETCH,1762987808.001,53729,348,0.001,REDIS
FETCH,1762987808.001,53728,61,0.001,REDIS
FETCH,1762987808.001,53726,814,0.001,REDIS
FETCH,1762987808.001,53726,748,0.000,RAM
FETCH,1762987808.002,53727,128,0.001,REDIS
FETCH,1762987808.002,53727,381,0.000,RAM
FETCH,1762987808.002,53728,692,0.001,REDIS
FETCH,1762987808.002,53729,367,0.001,REDIS
FETCH,1762987808.002,53727,699,0.000,RAM
FETCH,1762987808.002,53728,130,0.000,RAM
FETCH,1762987808.002,53726,253,0.001,REDIS
FETCH,1762987808.002,53727,798,0.000,RAM
FETCH,1762987808.002,53726,337,0.000,RAM
FETCH,1762987808.002,53727,14,0.000,RAM
FETCH,1762987808.002,53729,962,0.001,REDIS
FETCH,1762987808.002,53728,321,0.000,REDIS
FETCH,1762987808.003,53726,369,0.001,REDIS
FETCH,1762987808.003,53727,410,0.001,REDIS
FETCH,1762987808.003,53729,265,0.001,REDIS
FETCH,1762987808.003,53727,370,0.000,RAM
FETCH,1762987808.003,53728,390,0.001,REDIS
FETCH,1762987808.003,53727,438,0.000,RAM
FETCH,1762987808.003,53726,328,0.001,REDIS
FETCH,1762987808.004,53726,123,0.000,RAM
FETCH,1762987808.004,53729,220,0.001,REDIS
FETCH,1762987808.004,53728,89,0.001,REDIS
FETCH,1762987808.004,53727,229,0.001,REDIS
FETCH,1762987808.004,53726,787,0.000,REDIS
FETCH,1762987808.004,53729,667,0.001,REDIS
FETCH,1762987808.004,53728,503,0.001,REDIS
FETCH,1762987808.005,53727,401,0.001,REDIS
FETCH,1762987808.005,53726,590,0.001,REDIS
FETCH,1762987808.005,53727,658,0.000,RAM
FETCH,1762987808.005,53726,767,0.000,RAM
FETCH,1762987808.005,53729,751,0.001,REDIS
FETCH,1762987808.005,53728,721,0.000,REDIS
FETCH,1762987808.005,53726,235,0.000,RAM
FETCH,1762987808.005,53728,945,0.000,RAM
FETCH,1762987808.005,53727,469,0.000,REDIS
FETCH,1762987808.005,53728,647,0.000,RAM
FETCH,1762987808.005,53729,729,0.000,REDIS
FETCH,1762987808.006,53726,43,0.000,REDIS
FETCH,1762987808.006,53727,200,0.000,REDIS
FETCH,1762987808.006,53726,613,0.000,RAM
FETCH,1762987808.006,53728,294,0.000,REDIS
FETCH,1762987808.006,53727,825,0.000,RAM
FETCH,1762987808.006,53726,34,0.000,RAM
FETCH,1762987808.006,53729,378,0.000,REDIS
FETCH,1762987808.006,53728,715,0.000,REDIS
FETCH,1762987808.006,53728,182,0.000,RAM
FETCH,1762987808.006,53727,843,0.001,REDIS
FETCH,1762987808.006,53726,186,0.001,REDIS
FETCH,1762987808.007,53727,140,0.000,RAM
FETCH,1762987808.007,53729,737,0.001,REDIS
FETCH,1762987808.007,53727,357,0.000,RAM
FETCH,1762987808.007,53728,600,0.001,REDIS
FETCH,1762987808.007,53728,475,0.000,RAM
FETCH,1762987808.007,53726,621,0.001,REDIS
FETCH,1762987808.007,53729,167,0.001,REDIS
FETCH,1762987808.007,53727,894,0.000,REDIS
FETCH,1762987808.007,53726,279,0.000,RAM
FETCH,1762987808.008,53728,355,0.000,REDIS
FETCH,1762987808.008,53729,526,0.000,REDIS
FETCH,1762987808.008,53727,929,0.000,REDIS
FETCH,1762987808.008,53728,661,0.000,RAM
FETCH,1762987808.008,53726,142,0.001,REDIS
FETCH,1762987808.008,53728,679,0.000,RAM
FETCH,1762987808.008,53729,819,0.000,REDIS
FETCH,1762987808.008,53727,172,0.000,REDIS
FETCH,1762987808.008,53729,792,0.000,RAM
FETCH,1762987808.008,53726,409,0.001,REDIS
FETCH,1762987808.009,53728,788,0.001,REDIS
FETCH,1762987808.009,53727,865,0.001,REDIS
FETCH,1762987808.009,53729,687,0.001,REDIS
FETCH,1762987808.009,53726,274,0.001,REDIS
FETCH,1762987808.009,53728,485,0.001,REDIS
FETCH,1762987808.010,53727,22,0.001,REDIS
FETCH,1762987808.010,53728,205,0.000,RAM
FETCH,1762987808.010,53727,535,0.000,RAM
FETCH,1762987808.010,53729,358,0.001,REDIS
FETCH,1762987808.010,53727,54,0.000,RAM
FETCH,1762987808.010,53729,252,0.000,RAM
FETCH,1762987808.010,53726,986,0.001,REDIS
FETCH,1762987808.010,53727,44,0.000,RAM
FETCH,1762987808.010,53729,164,0.000,RAM
FETCH,1762987808.010,53726,582,0.000,RAM
FETCH,1762987808.010,53727,30,0.000,RAM
FETCH,1762987808.010,53728,490,0.001,REDIS
FETCH,1762987808.010,53729,511,0.000,RAM
FETCH,1762987808.010,53726,365,0.000,RAM
FETCH,1762987808.011,53727,429,0.000,RAM
FETCH,1762987808.011,53728,33,0.000,RAM
FETCH,1762987808.011,53726,969,0.000,RAM
FETCH,1762987808.011,53727,975,0.000,RAM
FETCH,1762987808.011,53726,293,0.000,RAM
FETCH,1762987808.011,53728,317,0.001,REDIS
FETCH,1762987808.011,53729,395,0.001,REDIS
FETCH,1762987808.012,53728,727,0.000,RAM
FETCH,1762987808.012,53726,710,0.001,REDIS
FETCH,1762987808.012,53729,674,0.000,RAM
FETCH,1762987808.012,53728,79,0.000,RAM
FETCH,1762987808.012,53727,802,0.001,REDIS
FETCH,1762987808.012,53729,676,0.000,RAM
FETCH,1762987808.012,53726,626,0.001,REDIS
FETCH,1762987808.012,53727,591,0.001,REDIS
FETCH,1762987808.013,53728,701,0.001,REDIS
FETCH,1762987808.013,53729,695,0.001,REDIS
FETCH,1762987808.013,53726,460,0.001,REDIS
FETCH,1762987808.013,53728,571,0.001,REDIS
FETCH,1762987808.013,53727,594,0.001,REDIS
FETCH,1762987808.013,53729,733,0.001,REDIS
FETCH,1762987808.013,53728,457,0.000,RAM
FETCH,1762987808.013,53727,242,0.000,RAM
FETCH,1762987808.014,53726,86,0.001,REDIS
FETCH,1762987808.014,53729,841,0.001,REDIS
FETCH,1762987808.014,53728,495,0.001,REDIS
FETCH,1762987808.014,53727,90,0.001,REDIS
FETCH,1762987808.014,53729,902,0.000,RAM
FETCH,1762987808.014,53728,81,0.000,RAM
FETCH,1762987808.014,53726,76,0.001,REDIS
FETCH,1762987808.014,53727,195,0.000,RAM
FETCH,1762987808.014,53728,507,0.000,RAM
FETCH,1762987808.015,53726,847,0.000,RAM
FETCH,1762987808.015,53727,363,0.000,RAM
FETCH,1762987808.015,53726,628,0.000,RAM
FETCH,1762987808.015,53726,744,0.000,RAM
FETCH,1762987808.015,53726,248,0.000,RAM
FETCH,1762987808.016,53727,804,0.001,REDIS
FETCH,1762987808.016,53728,52,0.002,REDIS
FETCH,1762987808.016,53726,947,0.001,REDIS
FETCH,1762987808.016,53729,80,0.002,REDIS
FETCH,1762987808.016,53728,704,0.000,RAM
FETCH,1762987808.016,53726,683,0.000,RAM
FETCH,1762987808.016,53728,593,0.000,RAM
FETCH,1762987808.017,53726,347,0.000,RAM
FETCH,1762987808.018,53728,762,0.001,REDIS
FETCH,1762987808.018,53726,675,0.001,REDIS
FETCH,1762987808.018,53729,623,0.002,REDIS
FETCH,1762987808.018,53726,256,0.000,RAM
FETCH,1762987808.018,53727,960,0.002,REDIS
FETCH,1762987808.018,53726,713,0.000,RAM
FETCH,1762987808.018,53727,387,0.000,RAM
FETCH,1762987808.019,53727,196,0.000,RAM
FETCH,1762987808.019,53727,150,0.000,RAM
FETCH,1762987808.020,53727,5,0.001,RAM
FETCH,1762987808.020,53728,859,0.002,REDIS
FETCH,1762987808.025,53727,230,0.005,RAM
FETCH,1762987808.025,53726,694,0.006,REDIS
FETCH,1762987808.025,53728,234,0.004,RAM
FETCH,1762987808.026,53729,178,0.008,REDIS
FETCH,1762987808.026,53726,563,0.001,RAM
FETCH,1762987808.026,53726,250,0.000,RAM
FETCH,1762987808.040,53729,881,0.014,REDIS
FETCH,1762987808.040,53726,118,0.014,REDIS
FETCH,1762987808.040,53728,634,0.015,REDIS
FETCH,1762987808.041,53726,312,0.001,REDIS
FETCH,1762987808.041,53729,750,0.001,REDIS
FETCH,1762987808.041,53727,421,0.017,REDIS
FETCH,1762987808.041,53728,637,0.001,REDIS
FETCH,1762987808.041,53726,486,0.000,RAM
FETCH,1762987808.041,53729,219,0.000,RAM
FETCH,1762987808.041,53728,624,0.000,RAM
FETCH,1762987808.042,53726,305,0.000,RAM
FETCH,1762987808.042,53728,829,0.000,RAM
FETCH,1762987808.043,53728,191,0.001,REDIS
FETCH,1762987808.043,53727,31,0.002,REDIS
FETCH,1762987808.043,53726,287,0.002,REDIS
FETCH,1762987808.043,53726,103,0.000,RAM
FETCH,1762987808.044,53726,474,0.001,REDIS
FETCH,1762987808.044,53728,419,0.001,REDIS
FETCH,1762987808.045,53727,189,0.001,REDIS
FETCH,1762987808.045,53728,289,0.000,RAM
FETCH,1762987808.045,53727,985,0.000,RAM
FETCH,1762987808.045,53727,520,0.000,RAM
FETCH,1762987808.045,53727,897,0.000,RAM
FETCH,1762987808.045,53727,646,0.000,RAM
FETCH,1762987808.045,53729,476,0.004,REDIS
FETCH,1762987808.045,53726,726,0.001,REDIS
FETCH,1762987808.045,53727,793,0.000,RAM
FETCH,1762987808.045,53728,290,0.001,REDIS
FETCH,1762987808.046,53728,231,0.001,REDIS
FETCH,1762987808.046,53727,70,0.001,REDIS
FETCH,1762987808.046,53729,379,0.001,REDIS
FETCH,1762987808.046,53728,643,0.000,RAM
FETCH,1762987808.046,53726,82,0.001,REDIS
FETCH,1762987808.047,53727,917,0.000,RAM
FETCH,1762987808.047,53727,251,0.000,RAM
FETCH,1762987808.047,53727,500,0.001,REDIS
FETCH,1762987808.048,53726,933,0.001,REDIS
FETCH,1762987808.048,53728,892,0.001,REDIS
FETCH,1762987808.048,53729,332,0.001,REDIS
FETCH,1762987808.048,53727,212,0.000,RAM
FETCH,1762987808.048,53726,491,0.000,RAM
FETCH,1762987808.048,53728,333,0.000,RAM
FETCH,1762987808.048,53727,910,0.000,RAM
FETCH,1762987808.048,53728,304,0.000,RAM
FETCH,1762987808.048,53728,999,0.000,RAM
FETCH,1762987808.048,53728,218,0.000,RAM
FETCH,1762987808.048,53726,832,0.001,REDIS
FETCH,1762987808.048,53729,4,0.001,REDIS
FETCH,1762987808.049,53727,137,0.001,REDIS
FETCH,1762987808.049,53729,851,0.000,RAM
FETCH,1762987808.049,53728,129,0.000,REDIS
FETCH,1762987808.049,53726,795,0.000,REDIS
FETCH,1762987808.049,53728,722,0.000,RAM
FETCH,1762987808.049,53726,393,0.000,RAM
FETCH,1762987808.049,53727,741,0.001,REDIS
FETCH,1762987808.049,53728,441,0.000,RAM
FETCH,1762987808.049,53729,966,0.001,REDIS
FETCH,1762987808.050,53726,453,0.001,REDIS
FETCH,1762987808.050,53727,425,0.001,REDIS
FETCH,1762987808.050,53728,932,0.001,REDIS
FETCH,1762987808.050,53729,298,0.001,REDIS
FETCH,1762987808.050,53726,517,0.001,REDIS
FETCH,1762987808.050,53727,842,0.001,REDIS
FETCH,1762987808.050,53726,575,0.000,RAM
FETCH,1762987808.051,53727,51,0.000,RAM
FETCH,1762987808.051,53728,588,0.001,REDIS
FETCH,1762987808.051,53729,32,0.001,REDIS
FETCH,1762987808.051,53728,94,0.000,RAM
FETCH,1762987808.051,53727,478,0.001,REDIS
FETCH,1762987808.051,53726,292,0.001,REDIS
FETCH,1762987808.051,53729,247,0.001,REDIS
FETCH,1762987808.051,53727,110,0.000,RAM
FETCH,1762987808.051,53726,964,0.000,RAM
FETCH,1762987808.052,53727,451,0.000,RAM
FETCH,1762987808.052,53728,823,0.001,REDIS
FETCH,1762987808.052,53729,870,0.001,REDIS
FETCH,1762987808.052,53726,880,0.001,REDIS
FETCH,1762987808.052,53728,309,0.000,RAM
FETCH,1762987808.052,53727,746,0.001,REDIS
FETCH,1762987808.052,53726,815,0.000,RAM
FETCH,1762987808.053,53726,816,0.001,REDIS
FETCH,1762987808.053,53729,547,0.001,REDIS
FETCH,1762987808.053,53728,671,0.001,REDIS
FETCH,1762987808.053,53727,481,0.001,REDIS
FETCH,1762987808.053,53726,568,0.000,RAM
FETCH,1762987808.054,53729,262,0.001,REDIS
FETCH,1762987808.054,53727,711,0.001,REDIS
FETCH,1762987808.054,53726,339,0.001,REDIS
FETCH,1762987808.054,53726,327,0.000,RAM
FETCH,1762987808.054,53729,921,0.001,REDIS
FETCH,1762987808.054,53726,719,0.000,RAM
FETCH,1762987808.054,53727,890,0.001,REDIS
FETCH,1762987808.055,53726,349,0.000,RAM
FETCH,1762987808.055,53729,198,0.001,REDIS
FETCH,1762987808.055,53727,268,0.001,REDIS
FETCH,1762987808.055,53726,806,0.001,REDIS
FETCH,1762987808.055,53727,368,0.000,RAM
FETCH,1762987808.055,53726,596,0.000,RAM
FETCH,1762987808.056,53729,580,0.001,REDIS
FETCH,1762987808.056,53729,584,0.000,RAM
FETCH,1762987808.056,53727,963,0.000,REDIS
FETCH,1762987808.056,53728,905,0.003,REDIS
FETCH,1762987808.056,53727,973,0.000,RAM
FETCH,1762987808.056,53728,203,0.000,RAM
FETCH,1762987808.056,53726,42,0.000,RAM
FETCH,1762987808.056,53728,587,0.000,RAM
FETCH,1762987808.056,53729,153,0.001,REDIS
FETCH,1762987808.056,53726,383,0.000,RAM
FETCH,1762987808.056,53727,943,0.000,REDIS
FETCH,1762987808.057,53727,730,0.000,RAM
PROCESS,1762987808.057,53722,100,809,184,899,645,177,753,893,602,345,50,745,296,672,249,27,538,855,709,115,877,915,0,927,154,831,652,735,162,814,748,253,337,369,328,123,787,590,767,235,43,613,34,186,621,279,142,409,274,986,582,365,969,293,710,626,460,86,76,847,628,744,248,947,683,347,675,256,713,694,563,250,118,312,486,305,287,103,474,726,82,933,491,832,795,393,453,517,575,292,964,880,815,816,568,339,327,719,349,806,596
FETCH,1762987808.057,53728,534,0.001,REDIS
FETCH,1762987808.057,53729,210,0.001,REDIS
FETCH,1762987808.057,53726,844,0.001,REDIS
FETCH,1762987808.057,53729,712,0.000,RAM
FETCH,1762987808.057,53726,955,0.000,RAM
FETCH,1762987808.057,53729,233,0.000,RAM
FETCH,1762987808.057,53727,286,0.001,REDIS
FETCH,1762987808.057,53726,531,0.000,RAM
FETCH,1762987808.057,53728,480,0.001,REDIS
FETCH,1762987808.057,53727,820,0.000,RAM
FETCH,1762987808.058,53729,989,0.001,REDIS
FETCH,1762987808.058,53726,512,0.001,REDIS
FETCH,1762987808.058,53729,373,0.000,RAM
FETCH,1762987808.058,53728,384,0.001,REDIS
FETCH,1762987808.058,53727,374,0.000,RAM
FETCH,1762987808.059,53726,243,0.001,REDIS
FETCH,1762987808.059,53727,319,0.000,RAM
FETCH,1762987808.059,53729,684,0.001,REDIS
FETCH,1762987808.059,53728,854,0.001,REDIS
FETCH,1762987808.059,53729,631,0.000,RAM
FETCH,1762987808.059,53729,619,0.000,RAM
FETCH,1762987808.059,53726,41,0.001,REDIS
FETCH,1762987808.059,53727,920,0.001,REDIS
FETCH,1762987808.059,53726,530,0.000,RAM
FETCH,1762987808.059,53728,326,0.001,REDIS
FETCH,1762987808.060,53726,514,0.000,RAM
FETCH,1762987808.060,53729,777,0.001,REDIS
FETCH,1762987808.060,53727,437,0.001,REDIS
FETCH,1762987808.060,53728,88,0.001,REDIS
FETCH,1762987808.060,53727,227,0.000,RAM
FETCH,1762987808.060,53726,202,0.001,REDIS
FETCH,1762987808.060,53727,244,0.000,RAM
FETCH,1762987808.060,53729,743,0.001,REDIS
FETCH,1762987808.060,53727,108,0.000,RAM
FETCH,1762987808.061,53729,272,0.000,RAM
FETCH,1762987808.061,53728,283,0.000,REDIS
FETCH,1762987808.061,53727,556,0.000,RAM
FETCH,1762987808.061,53726,143,0.001,REDIS
FETCH,1762987808.061,53729,731,0.001,REDIS
FETCH,1762987808.061,53728,914,0.000,REDIS
FETCH,1762987808.061,53727,278,0.001,REDIS
FETCH,1762987808.061,53726,888,0.001,REDIS
FETCH,1762987808.062,53727,641,0.000,RAM
FETCH,1762987808.062,53726,516,0.000,RAM
FETCH,1762987808.062,53727,860,0.000,RAM
FETCH,1762987808.062,53729,314,0.001,REDIS
FETCH,1762987808.062,53726,863,0.000,RAM
FETCH,1762987808.062,53728,903,0.001,REDIS
FETCH,1762987808.062,53729,176,0.000,RAM
FETCH,1762987808.062,53726,428,0.000,RAM
FETCH,1762987808.062,53727,807,0.001,REDIS
FETCH,1762987808.062,53729,529,0.000,REDIS
FETCH,1762987808.063,53728,942,0.001,REDIS
FETCH,1762987808.063,53726,803,0.000,REDIS
FETCH,1762987808.063,53727,180,0.000,RAM
FETCH,1762987808.063,53726,271,0.000,RAM
FETCH,1762987808.063,53727,214,0.000,RAM
FETCH,1762987808.063,53727,165,0.000,RAM
FETCH,1762987808.063,53729,513,0.000,REDIS
FETCH,1762987808.063,53727,796,0.000,RAM
FETCH,1762987808.063,53728,725,0.001,REDIS
FETCH,1762987808.063,53727,740,0.000,RAM
FETCH,1762987808.063,53726,221,0.001,REDIS
FETCH,1762987808.063,53727,717,0.000,RAM
FETCH,1762987808.063,53726,21,0.000,RAM
FETCH,1762987808.064,53726,817,0.000,RAM
FETCH,1762987808.064,53729,885,0.001,REDIS
FETCH,1762987808.064,53728,559,0.001,REDIS
FETCH,1762987808.064,53729,488,0.000,RAM
FETCH,1762987808.064,53727,941,0.001,REDIS
FETCH,1762987808.064,53729,55,0.000,RAM
FETCH,1762987808.064,53727,770,0.000,RAM
FETCH,1762987808.064,53729,700,0.000,RAM
FETCH,1762987808.064,53726,156,0.001,REDIS
FETCH,1762987808.064,53729,422,0.000,RAM
FETCH,1762987808.064,53728,595,0.001,REDIS
FETCH,1762987808.064,53726,521,0.000,RAM
FETCH,1762987808.065,53728,146,0.000,RAM
FETCH,1762987808.065,53727,169,0.000,REDIS
FETCH,1762987808.065,53726,769,0.000,RAM
FETCH,1762987808.065,53727,781,0.000,RAM
FETCH,1762987808.065,53727,466,0.000,RAM
FETCH,1762987808.065,53729,861,0.001,REDIS
FETCH,1762987808.065,53727,670,0.000,RAM
FETCH,1762987808.065,53728,59,0.000,RAM
FETCH,1762987808.066,53728,324,0.000,RAM
FETCH,1762987808.066,53728,578,0.000,RAM
FETCH,1762987808.066,53728,2,0.001,REDIS
FETCH,1762987808.067,53727,884,0.001,REDIS
FETCH,1762987808.067,53729,463,0.002,REDIS
FETCH,1762987808.067,53726,499,0.002,REDIS
FETCH,1762987808.067,53726,400,0.000,RAM
FETCH,1762987808.067,53726,810,0.000,RAM
FETCH,1762987808.068,53726,301,0.001,REDIS
FETCH,1762987808.068,53728,444,0.002,REDIS
FETCH,1762987808.068,53729,912,0.001,REDIS
FETCH,1762987808.068,53727,638,0.002,REDIS
FETCH,1762987808.068,53727,597,0.000,RAM
FETCH,1762987808.069,53727,846,0.001,REDIS
FETCH,1762987808.069,53729,848,0.001,REDIS
FETCH,1762987808.069,53729,112,0.000,RAM
FETCH,1762987808.070,53728,797,0.002,REDIS
FETCH,1762987808.070,53726,350,0.002,REDIS
FETCH,1762987808.070,53727,794,0.001,REDIS
FETCH,1762987808.070,53729,45,0.001,REDIS
FETCH,1762987808.070,53726,878,0.000,RAM
FETCH,1762987808.070,53729,549,0.000,RAM
FETCH,1762987808.072,53726,560,0.002,REDIS
FETCH,1762987808.072,53729,589,0.002,REDIS
FETCH,1762987808.072,53727,404,0.002,REDIS
FETCH,1762987808.072,53728,468,0.002,REDIS
FETCH,1762987808.072,53729,755,0.000,RAM
FETCH,1762987808.072,53728,258,0.000,RAM
FETCH,1762987808.072,53728,215,0.000,RAM
FETCH,1762987808.073,53728,131,0.000,RAM
FETCH,1762987808.073,53728,380,0.000,RAM
FETCH,1762987808.073,53729,28,0.001,REDIS
FETCH,1762987808.073,53727,504,0.001,REDIS
FETCH,1762987808.073,53726,834,0.001,REDIS
FETCH,1762987808.073,53728,35,0.001,REDIS
FETCH,1762987808.073,53727,585,0.000,RAM
FETCH,1762987808.073,53726,127,0.000,RAM
FETCH,1762987808.073,53728,771,0.000,RAM
FETCH,1762987808.074,53726,830,0.001,REDIS
FETCH,1762987808.074,53728,264,0.001,REDIS
FETCH,1762987808.074,53727,15,0.001,REDIS
FETCH,1762987808.075,53729,136,0.001,REDIS
FETCH,1762987808.075,53729,785,0.000,RAM
FETCH,1762987808.076,53727,882,0.002,REDIS
FETCH,1762987808.076,53728,199,0.002,REDIS
FETCH,1762987808.076,53729,935,0.001,REDIS
FETCH,1762987808.077,53727,678,0.000,RAM
FETCH,1762987808.077,53726,543,0.002,REDIS
FETCH,1762987808.077,53728,697,0.000,RAM
FETCH,1762987808.077,53728,346,0.000,RAM
FETCH,1762987808.077,53729,607,0.001,REDIS
FETCH,1762987808.077,53727,104,0.001,REDIS
FETCH,1762987808.077,53726,924,0.001,REDIS
FETCH,1762987808.077,53728,179,0.001,REDIS
FETCH,1762987808.078,53729,413,0.000,RAM
FETCH,1762987808.078,53728,433,0.000,RAM
FETCH,1762987808.078,53727,398,0.001,REDIS
FETCH,1762987808.078,53726,583,0.001,REDIS
FETCH,1762987808.078,53729,12,0.001,REDIS
FETCH,1762987808.078,53728,388,0.001,REDIS
FETCH,1762987808.078,53727,911,0.000,REDIS
FETCH,1762987808.079,53729,405,0.000,REDIS
FETCH,1762987808.079,53726,736,0.001,REDIS
FETCH,1762987808.079,53729,813,0.000,RAM
FETCH,1762987808.079,53726,640,0.000,RAM
FETCH,1762987808.079,53728,505,0.001,REDIS
FETCH,1762987808.079,53727,175,0.001,REDIS
FETCH,1762987808.079,53729,669,0.000,REDIS
FETCH,1762987808.079,53726,644,0.001,REDIS
FETCH,1762987808.079,53728,615,0.001,REDIS
FETCH,1762987808.080,53727,622,0.001,REDIS
FETCH,1762987808.080,53727,343,0.000,RAM
FETCH,1762987808.080,53728,756,0.001,REDIS
FETCH,1762987808.080,53727,705,0.001,REDIS
FETCH,1762987808.080,53726,121,0.001,REDIS
FETCH,1762987808.080,53729,984,0.001,REDIS
FETCH,1762987808.080,53726,845,0.000,RAM
FETCH,1762987808.081,53728,75,0.001,REDIS
FETCH,1762987808.081,53727,266,0.001,REDIS
FETCH,1762987808.081,53729,236,0.001,REDIS
FETCH,1762987808.081,53726,139,0.001,REDIS
FETCH,1762987808.081,53728,898,0.001,REDIS
FETCH,1762987808.081,53727,586,0.001,REDIS
FETCH,1762987808.082,53729,10,0.001,REDIS
FETCH,1762987808.082,53727,974,0.000,RAM
FETCH,1762987808.082,53726,922,0.001,REDIS
FETCH,1762987808.082,53728,406,0.000,REDIS
FETCH,1762987808.082,53728,818,0.000,RAM
FETCH,1762987808.082,53729,954,0.001,REDIS
FETCH,1762987808.082,53727,837,0.001,REDIS
FETCH,1762987808.082,53726,11,0.000,REDIS
FETCH,1762987808.082,53726,190,0.000,RAM
FETCH,1762987808.083,53726,566,0.000,RAM
FETCH,1762987808.083,53728,297,0.001,REDIS
FETCH,1762987808.083,53726,673,0.000,RAM
FETCH,1762987808.083,53727,663,0.001,REDIS
FETCH,1762987808.083,53729,282,0.001,REDIS
FETCH,1762987808.083,53727,805,0.000,RAM
FETCH,1762987808.083,53726,959,0.001,REDIS
FETCH,1762987808.083,53728,325,0.001,REDIS
FETCH,1762987808.083,53728,470,0.000,RAM
FETCH,1762987808.083,53729,872,0.001,REDIS
FETCH,1762987808.084,53727,65,0.001,REDIS
FETCH,1762987808.084,53727,554,0.000,RAM
FETCH,1762987808.084,53726,83,0.001,REDIS
FETCH,1762987808.084,53726,592,0.000,RAM
FETCH,1762987808.084,53729,152,0.000,REDIS
FETCH,1762987808.084,53728,436,0.001,REDIS
FETCH,1762987808.084,53726,871,0.000,RAM
FETCH,1762987808.084,53726,760,0.000,RAM
FETCH,1762987808.084,53727,791,0.001,REDIS
FETCH,1762987808.084,53726,447,0.000,RAM
FETCH,1762987808.085,53726,288,0.000,RAM
FETCH,1762987808.085,53729,492,0.001,REDIS
FETCH,1762987808.085,53728,174,0.001,REDIS
FETCH,1762987808.085,53727,1,0.001,REDIS
FETCH,1762987808.085,53726,260,0.001,REDIS
FETCH,1762987808.085,53729,151,0.001,REDIS
FETCH,1762987808.085,53728,542,0.001,REDIS
FETCH,1762987808.085,53727,213,0.001,REDIS
FETCH,1762987808.085,53726,979,0.000,RAM
FETCH,1762987808.086,53727,313,0.000,RAM
FETCH,1762987808.086,53726,519,0.000,RAM
FETCH,1762987808.086,53729,26,0.001,REDIS
FETCH,1762987808.086,53728,650,0.001,REDIS
FETCH,1762987808.086,53727,977,0.001,REDIS
FETCH,1762987808.086,53726,46,0.001,REDIS
FETCH,1762987808.086,53729,366,0.000,RAM
FETCH,1762987808.086,53727,145,0.000,RAM
FETCH,1762987808.087,53728,850,0.001,REDIS
FETCH,1762987808.087,53726,206,0.001,REDIS
FETCH,1762987808.087,53729,990,0.001,REDIS
FETCH,1762987808.087,53727,724,0.001,REDIS
FETCH,1762987808.087,53729,879,0.000,RAM
FETCH,1762987808.087,53729,484,0.000,RAM
FETCH,1762987808.087,53728,412,0.001,REDIS
FETCH,1762987808.087,53729,149,0.000,RAM
FETCH,1762987808.087,53726,635,0.001,REDIS
FETCH,1762987808.088,53727,971,0.000,REDIS
FETCH,1762987808.088,53729,653,0.000,RAM
FETCH,1762987808.088,53726,689,0.000,RAM
FETCH,1762987808.088,53728,822,0.001,REDIS
FETCH,1762987808.088,53727,668,0.001,REDIS
FETCH,1762987808.088,53729,532,0.001,REDIS
FETCH,1762987808.088,53726,201,0.001,REDIS
FETCH,1762987808.088,53726,550,0.000,RAM
FETCH,1762987808.088,53726,523,0.000,RAM
FETCH,1762987808.089,53728,862,0.001,REDIS
FETCH,1762987808.089,53727,263,0.001,REDIS
FETCH,1762987808.089,53729,181,0.001,REDIS
FETCH,1762987808.089,53726,396,0.000,REDIS
FETCH,1762987808.089,53728,579,0.000,REDIS
FETCH,1762987808.089,53727,780,0.001,REDIS
FETCH,1762987808.089,53729,207,0.001,REDIS
FETCH,1762987808.089,53726,228,0.000,REDIS
FETCH,1762987808.090,53729,20,0.000,RAM
FETCH,1762987808.090,53728,656,0.001,REDIS
FETCH,1762987808.090,53727,418,0.001,REDIS
FETCH,1762987808.090,53726,939,0.001,REDIS
FETCH,1762987808.090,53729,980,0.001,REDIS
FETCH,1762987808.090,53727,73,0.000,RAM
FETCH,1762987808.090,53726,342,0.000,RAM
FETCH,1762987808.090,53728,310,0.000,REDIS
FETCH,1762987808.090,53726,98,0.000,RAM
FETCH,1762987808.091,53726,323,0.000,RAM
FETCH,1762987808.091,53729,392,0.001,REDIS
FETCH,1762987808.091,53729,352,0.000,RAM
FETCH,1762987808.091,53727,399,0.001,REDIS
FETCH,1762987808.091,53728,187,0.001,REDIS
FETCH,1762987808.091,53729,775,0.000,RAM
FETCH,1762987808.091,53726,36,0.001,REDIS
FETCH,1762987808.091,53727,403,0.001,REDIS
FETCH,1762987808.092,53728,757,0.001,REDIS
FETCH,1762987808.092,53726,956,0.000,RAM
FETCH,1762987808.092,53727,257,0.000,RAM
FETCH,1762987808.092,53727,900,0.000,RAM
FETCH,1762987808.092,53729,239,0.001,REDIS
FETCH,1762987808.092,53728,982,0.001,REDIS
FETCH,1762987808.093,53729,254,0.001,REDIS
FETCH,1762987808.093,53726,732,0.001,REDIS
FETCH,1762987808.093,53727,913,0.001,REDIS
FETCH,1762987808.093,53728,558,0.001,REDIS
FETCH,1762987808.093,53726,782,0.000,RAM
FETCH,1762987808.093,53726,691,0.000,RAM
FETCH,1762987808.096,53726,364,0.003,REDIS
FETCH,1762987808.096,53728,639,0.003,REDIS
FETCH,1762987808.096,53729,666,0.003,REDIS
FETCH,1762987808.096,53727,606,0.003,REDIS
FETCH,1762987808.096,53726,7,0.000,RAM
FETCH,1762987808.102,53726,66,0.005,REDIS
FETCH,1762987808.102,53727,72,0.005,REDIS
FETCH,1762987808.102,53729,331,0.005,REDIS
FETCH,1762987808.102,53728,375,0.006,REDIS
FETCH,1762987808.102,53728,763,0.000,RAM
FETCH,1762987808.102,53727,58,0.001,REDIS
FETCH,1762987808.102,53726,997,0.001,REDIS
FETCH,1762987808.103,53729,783,0.001,REDIS
FETCH,1762987808.103,53728,377,0.001,REDIS
FETCH,1762987808.103,53727,105,0.000,REDIS
FETCH,1762987808.103,53726,335,0.000,REDIS
FETCH,1762987808.103,53727,284,0.000,RAM
FETCH,1762987808.103,53728,654,0.001,REDIS
FETCH,1762987808.103,53729,948,0.001,REDIS
FETCH,1762987808.104,53726,68,0.001,REDIS
FETCH,1762987808.104,53729,849,0.000,RAM
FETCH,1762987808.104,53728,273,0.000,RAM
FETCH,1762987808.104,53727,102,0.001,REDIS
FETCH,1762987808.104,53726,302,0.000,RAM
FETCH,1762987808.104,53727,23,0.000,RAM
FETCH,1762987808.104,53728,8,0.001,REDIS
FETCH,1762987808.104,53729,497,0.001,REDIS
FETCH,1762987808.104,53728,420,0.000,RAM
FETCH,1762987808.104,53729,161,0.000,RAM
FETCH,1762987808.104,53726,360,0.001,REDIS
FETCH,1762987808.105,53728,876,0.000,RAM
FETCH,1762987808.105,53729,981,0.000,RAM
FETCH,1762987808.105,53727,17,0.001,REDIS
FETCH,1762987808.105,53726,426,0.000,RAM
FETCH,1762987808.105,53726,37,0.000,RAM
FETCH,1762987808.105,53726,462,0.000,RAM
FETCH,1762987808.105,53728,483,0.001,REDIS
FETCH,1762987808.105,53729,868,0.001,REDIS
FETCH,1762987808.105,53726,354,0.000,RAM
FETCH,1762987808.105,53727,907,0.001,REDIS
FETCH,1762987808.105,53729,308,0.000,RAM
FETCH,1762987808.105,53726,351,0.000,RAM
FETCH,1762987808.106,53727,693,0.000,RAM
FETCH,1762987808.106,53726,450,0.000,RAM
FETCH,1762987808.106,53728,97,0.001,REDIS
FETCH,1762987808.106,53726,170,0.000,RAM
FETCH,1762987808.106,53729,159,0.001,REDIS
FETCH,1762987808.106,53726,330,0.000,RAM
FETCH,1762987808.106,53729,316,0.000,RAM
FETCH,1762987808.106,53727,965,0.001,REDIS
FETCH,1762987808.106,53726,275,0.000,RAM
FETCH,1762987808.106,53727,541,0.000,RAM
FETCH,1762987808.107,53728,232,0.001,REDIS
FETCH,1762987808.107,53729,225,0.001,REDIS
FETCH,1762987808.107,53729,402,0.000,RAM
FETCH,1762987808.107,53726,322,0.001,REDIS
FETCH,1762987808.107,53729,479,0.000,RAM
FETCH,1762987808.107,53727,950,0.001,REDIS
FETCH,1762987808.107,53728,983,0.001,REDIS
FETCH,1762987808.107,53728,157,0.000,RAM
FETCH,1762987808.108,53726,599,0.001,REDIS
FETCH,1762987808.108,53729,527,0.001,REDIS
FETCH,1762987808.108,53727,173,0.001,REDIS
FETCH,1762987808.108,53728,183,0.001,REDIS
FETCH,1762987808.108,53729,489,0.000,RAM
FETCH,1762987808.108,53727,138,0.000,RAM
FETCH,1762987808.108,53727,660,0.000,RAM
FETCH,1762987808.108,53726,616,0.001,REDIS
FETCH,1762987808.108,53727,389,0.000,RAM
FETCH,1762987808.109,53726,978,0.000,RAM
FETCH,1762987808.109,53729,838,0.001,REDIS
FETCH,1762987808.109,53728,3,0.001,REDIS
FETCH,1762987808.109,53729,703,0.000,RAM
FETCH,1762987808.109,53728,122,0.000,RAM
FETCH,1762987808.109,53727,113,0.001,REDIS
FETCH,1762987808.109,53726,477,0.001,REDIS
FETCH,1762987808.109,53728,306,0.000,RAM
FETCH,1762987808.109,53729,734,0.001,REDIS
FETCH,1762987808.110,53729,603,0.000,RAM
FETCH,1762987808.110,53727,125,0.001,REDIS
FETCH,1762987808.110,53726,155,0.001,REDIS
FETCH,1762987808.110,53728,133,0.001,REDIS
FETCH,1762987808.110,53726,778,0.000,RAM
FETCH,1762987808.110,53729,285,0.000,REDIS
FETCH,1762987808.110,53727,662,0.001,REDIS
FETCH,1762987808.110,53728,754,0.001,REDIS
FETCH,1762987808.111,53726,901,0.000,RAM
FETCH,1762987808.111,53729,784,0.001,REDIS
FETCH,1762987808.111,53727,716,0.001,REDIS
FETCH,1762987808.111,53726,569,0.000,RAM
FETCH,1762987808.112,53728,994,0.002,REDIS
FETCH,1762987808.113,53729,295,0.002,RAM
FETCH,1762987808.113,53727,67,0.002,REDIS
FETCH,1762987808.113,53726,839,0.002,REDIS
FETCH,1762987808.113,53726,919,0.000,RAM
FETCH,1762987808.118,53726,883,0.005,REDIS
FETCH,1762987808.118,53727,371,0.005,REDIS
FETCH,1762987808.118,53729,886,0.005,REDIS
FETCH,1762987808.118,53728,109,0.006,REDIS
FETCH,1762987808.118,53727,779,0.000,RAM
FETCH,1762987808.121,53726,752,0.003,REDIS
FETCH,1762987808.121,53727,958,0.003,REDIS
FETCH,1762987808.121,53726,723,0.000,RAM
FETCH,1762987808.121,53728,544,0.003,REDIS
FETCH,1762987808.121,53729,774,0.003,REDIS
FETCH,1762987808.121,53727,528,0.000,RAM
FETCH,1762987808.122,53728,291,0.001,RAM
FETCH,1762987808.125,53728,967,0.003,REDIS
FETCH,1762987808.125,53726,25,0.004,REDIS
FETCH,1762987808.125,53729,9,0.004,REDIS
FETCH,1762987808.125,53727,936,0.004,REDIS
FETCH,1762987808.125,53726,768,0.000,RAM
FETCH,1762987808.125,53727,565,0.000,RAM
FETCH,1762987808.125,53726,114,0.000,RAM
FETCH,1762987808.125,53727,577,0.000,RAM
FETCH,1762987808.125,53729,487,0.000,REDIS
FETCH,1762987808.125,53728,525,0.001,REDIS
FETCH,1762987808.126,53729,359,0.001,REDIS
FETCH,1762987808.126,53727,38,0.001,REDIS
FETCH,1762987808.126,53728,494,0.001,REDIS
FETCH,1762987808.126,53729,546,0.000,RAM
FETCH,1762987808.127,53726,385,0.001,REDIS
FETCH,1762987808.127,53728,759,0.000,RAM
FETCH,1762987808.127,53729,185,0.000,RAM
FETCH,1762987808.127,53726,62,0.000,RAM
FETCH,1762987808.127,53728,48,0.000,RAM
FETCH,1762987808.127,53729,467,0.000,RAM
FETCH,1762987808.127,53728,78,0.000,RAM
FETCH,1762987808.127,53729,77,0.000,RAM
FETCH,1762987808.127,53727,222,0.001,REDIS
FETCH,1762987808.127,53729,742,0.000,RAM
FETCH,1762987808.127,53726,998,0.001,REDIS
FETCH,1762987808.128,53728,465,0.001,REDIS
FETCH,1762987808.128,53728,482,0.000,RAM
FETCH,1762987808.128,53727,449,0.001,REDIS
FETCH,1762987808.128,53729,430,0.001,REDIS
FETCH,1762987808.128,53726,394,0.001,REDIS
FETCH,1762987808.128,53726,71,0.000,RAM
FETCH,1762987808.128,53728,117,0.001,REDIS
FETCH,1762987808.128,53729,443,0.001,REDIS
FETCH,1762987808.128,53728,840,0.000,RAM
FETCH,1762987808.129,53729,598,0.000,RAM
FETCH,1762987808.129,53726,562,0.001,REDIS
FETCH,1762987808.129,53726,993,0.000,RAM
FETCH,1762987808.129,53729,833,0.000,REDIS
FETCH,1762987808.129,53728,614,0.001,REDIS
FETCH,1762987808.129,53726,238,0.000,REDIS
FETCH,1762987808.130,53726,738,0.001,REDIS
FETCH,1762987808.130,53729,858,0.001,REDIS
FETCH,1762987808.130,53728,664,0.001,REDIS
FETCH,1762987808.131,53728,372,0.001,REDIS
FETCH,1762987808.131,53726,334,0.001,REDIS
FETCH,1762987808.131,53729,416,0.001,REDIS
FETCH,1762987808.131,53728,100,0.001,REDIS
FETCH,1762987808.131,53726,680,0.001,REDIS
FETCH,1762987808.131,53729,472,0.001,REDIS
FETCH,1762987808.132,53729,193,0.000,RAM
FETCH,1762987808.132,53728,144,0.000,REDIS
FETCH,1762987808.132,53726,852,0.001,REDIS
FETCH,1762987808.132,53729,826,0.001,REDIS
FETCH,1762987808.132,53728,690,0.001,REDIS
FETCH,1762987808.133,53728,276,0.000,RAM
FETCH,1762987808.133,53726,677,0.001,REDIS
FETCH,1762987808.133,53728,255,0.000,RAM
FETCH,1762987808.133,53729,987,0.001,REDIS
FETCH,1762987808.133,53728,706,0.000,RAM
FETCH,1762987808.133,53726,940,0.001,REDIS
FETCH,1762987808.133,53729,344,0.000,REDIS
FETCH,1762987808.133,53728,24,0.001,REDIS
FETCH,1762987808.134,53726,925,0.000,REDIS
FETCH,1762987808.134,53729,991,0.000,REDIS
FETCH,1762987808.134,53728,665,0.001,REDIS
FETCH,1762987808.134,53729,318,0.000,REDIS
FETCH,1762987808.134,53726,968,0.001,REDIS
FETCH,1762987808.135,53728,434,0.001,REDIS
FETCH,1762987808.135,53726,992,0.001,REDIS
FETCH,1762987808.135,53729,835,0.001,REDIS
FETCH,1762987808.135,53728,714,0.001,REDIS
FETCH,1762987808.135,53728,642,0.000,RAM
FETCH,1762987808.136,53728,107,0.000,RAM
FETCH,1762987808.136,53728,570,0.001,REDIS
FETCH,1762987808.136,53729,698,0.001,REDIS
FETCH,1762987808.137,53726,609,0.001,REDIS
FETCH,1762987808.137,53729,194,0.001,REDIS
FETCH,1762987808.137,53726,801,0.001,REDIS
FETCH,1762987808.137,53728,896,0.001,REDIS
FETCH,1762987808.138,53729,632,0.000,RAM
FETCH,1762987808.138,53729,415,0.001,REDIS
FETCH,1762987808.138,53728,211,0.001,REDIS
FETCH,1762987808.138,53726,576,0.001,REDIS
FETCH,1762987808.140,53726,908,0.001,REDIS
FETCH,1762987808.140,53728,648,0.001,REDIS
FETCH,1762987808.140,53729,906,0.002,REDIS
FETCH,1762987808.140,53726,91,0.000,RAM
FETCH,1762987808.142,53729,515,0.002,REDIS
FETCH,1762987808.142,53726,280,0.002,REDIS
FETCH,1762987808.142,53728,411,0.002,REDIS
FETCH,1762987808.142,53726,299,0.000,RAM
FETCH,1762987808.142,53726,561,0.000,RAM
FETCH,1762987808.143,53729,682,0.001,REDIS
FETCH,1762987808.143,53726,85,0.001,REDIS
FETCH,1762987808.143,53728,790,0.001,REDIS
FETCH,1762987808.143,53729,856,0.000,RAM
FETCH,1762987808.143,53726,749,0.000,RAM
FETCH,1762987808.143,53729,553,0.000,RAM
FETCH,1762987808.143,53729,101,0.000,RAM
FETCH,1762987808.143,53729,362,0.000,RAM
FETCH,1762987808.144,53729,611,0.000,RAM
FETCH,1762987808.144,53726,938,0.001,REDIS
FETCH,1762987808.145,53726,188,0.001,REDIS
FETCH,1762987808.145,53729,338,0.001,REDIS
FETCH,1762987808.145,53726,764,0.000,RAM
FETCH,1762987808.145,53726,573,0.000,RAM
FETCH,1762987808.146,53726,501,0.001,REDIS
FETCH,1762987808.146,53729,166,0.001,REDIS
FETCH,1762987808.147,53729,889,0.001,REDIS
FETCH,1762987808.147,53726,608,0.001,REDIS
FETCH,1762987808.147,53729,49,0.000,RAM
FETCH,1762987808.147,53729,812,0.000,RAM
FETCH,1762987808.147,53729,92,0.000,RAM
FETCH,1762987808.148,53726,106,0.001,REDIS
FETCH,1762987808.148,53726,246,0.001,REDIS
FETCH,1762987808.148,53726,799,0.000,RAM
FETCH,1762987808.148,53726,448,0.000,RAM
FETCH,1762987808.149,53726,163,0.000,REDIS
FETCH,1762987808.149,53726,629,0.000,RAM
FETCH,1762987808.149,53726,506,0.000,RAM
FETCH,1762987808.149,53726,537,0.000,REDIS
FETCH,1762987808.150,53726,952,0.000,RAM
FETCH,1762987808.150,53726,53,0.000,REDIS
FETCH,1762987808.150,53726,148,0.000,REDIS
FETCH,1762987808.151,53726,391,0.000,RAM
FETCH,1762987808.151,53726,827,0.000,RAM
FETCH,1762987808.151,53726,240,0.000,RAM
FETCH,1762987808.151,53726,442,0.000,RAM
FETCH,1762987808.151,53726,702,0.000,REDIS
FETCH,1762987808.152,53726,728,0.000,REDIS
FETCH,1762987808.152,53726,407,0.000,RAM
FETCH,1762987808.152,53726,707,0.000,REDIS
FETCH,1762987808.152,53726,895,0.000,RAM
FETCH,1762987808.152,53726,141,0.000,RAM
FETCH,1762987808.153,53726,618,0.000,REDIS
FETCH,1762987808.153,53726,454,0.000,RAM
FETCH,1762987808.153,53726,772,0.000,REDIS
FETCH,1762987808.154,53726,336,0.000,REDIS
FETCH,1762987808.154,53726,307,0.000,RAM
FETCH,1762987808.154,53726,627,0.000,REDIS
FETCH,1762987808.155,53726,245,0.000,REDIS
FETCH,1762987808.155,53726,267,0.000,RAM
FETCH,1762987808.155,53726,633,0.000,RAM
FETCH,1762987808.155,53726,949,0.000,RAM
FETCH,1762987808.155,53726,789,0.000,RAM
FETCH,1762987808.155,53726,57,0.000,RAM
FETCH,1762987808.155,53726,581,0.000,RAM
FETCH,1762987808.156,53726,555,0.000,REDIS
FETCH,1762987808.156,53726,776,0.000,RAM
FETCH,1762987808.156,53726,99,0.000,RAM
FETCH,1762987808.156,53726,452,0.000,REDIS
FETCH,1762987808.156,53726,761,0.000,RAM
FETCH,1762987808.157,53726,765,0.000,REDIS
FETCH,1762987808.157,53726,976,0.000,RAM
FETCH,1762987808.157,53726,458,0.000,RAM
FETCH,1762987808.157,53726,226,0.000,RAM
FETCH,1762987808.157,53726,548,0.000,RAM
FETCH,1762987808.158,53726,197,0.001,REDIS
FETCH,1762987808.158,53726,56,0.000,RAM
FETCH,1762987808.158,53726,696,0.000,REDIS
FETCH,1762987808.159,53726,300,0.000,REDIS
FETCH,1762987808.159,53726,208,0.000,RAM
FETCH,1762987808.159,53726,564,0.000,REDIS
FETCH,1762987808.159,53726,192,0.000,RAM
FETCH,1762987808.159,53726,686,0.000,RAM
FETCH,1762987808.159,53726,241,0.000,RAM
FETCH,1762987808.160,53726,518,0.000,REDIS
FETCH,1762987808.160,53726,445,0.000,RAM
FETCH,1762987808.160,53726,567,0.000,REDIS
FETCH,1762987808.161,53726,217,0.000,REDIS
PROCESS,1762987808.308,53722,100,39,522,459,353,510,688,540,158,111,427,875,808,64,471,315,773,636,651,498,557,69,946,13,361,128,381,699,798,14,410,370,438,229,401,658,469,200,825,843,140,357,894,929,172,865,22,535,54,44,30,429,975,802,591,594,242,90,195,363,804,960,387,196,150,5,230,421,31,189,985,520,897,646,793,70,917,251,500,212,910,137,741,425,842,51,478,110,451,746,481,711,890,268,368,963,973,943,730,286,820
FETCH,1762987808.308,53727,356,0.000,RAM
FETCH,1762987808.308,53727,237,0.000,RAM
FETCH,1762987808.309,53727,601,0.001,REDIS
FETCH,1762987808.309,53727,386,0.001,REDIS
FETCH,1762987808.310,53727,873,0.000,RAM
FETCH,1762987808.310,53727,708,0.000,RAM
FETCH,1762987808.310,53727,509,0.000,RAM
FETCH,1762987808.310,53727,524,0.000,RAM
FETCH,1762987808.310,53727,40,0.000,RAM
FETCH,1762987808.311,53727,424,0.001,REDIS
FETCH,1762987808.311,53727,508,0.000,REDIS
FETCH,1762987808.312,53727,957,0.000,REDIS
FETCH,1762987808.312,53727,432,0.000,RAM
FETCH,1762987808.312,53727,918,0.000,RAM
FETCH,1762987808.312,53727,171,0.000,RAM
FETCH,1762987808.312,53727,132,0.000,REDIS
FETCH,1762987808.313,53727,124,0.000,REDIS
FETCH,1762987808.313,53727,209,0.000,RAM
FETCH,1762987808.313,53727,93,0.000,RAM
FETCH,1762987808.313,53727,766,0.000,RAM
FETCH,1762987808.314,53727,630,0.001,REDIS
FETCH,1762987808.314,53727,857,0.000,RAM
FETCH,1762987808.314,53727,612,0.000,REDIS
FETCH,1762987808.315,53727,464,0.000,REDIS
FETCH,1762987808.315,53727,685,0.000,REDIS
FETCH,1762987808.315,53727,953,0.000,RAM
FETCH,1762987808.315,53727,951,0.000,RAM
FETCH,1762987808.316,53727,261,0.000,RAM
FETCH,1762987808.316,53727,811,0.000,RAM
FETCH,1762987808.316,53727,574,0.001,REDIS
FETCH,1762987808.317,53727,455,0.000,REDIS
FETCH,1762987808.317,53727,134,0.000,RAM
FETCH,1762987808.318,53727,29,0.001,REDIS
FETCH,1762987808.318,53727,747,0.001,REDIS
FETCH,1762987808.318,53727,116,0.000,RAM
FETCH,1762987808.319,53727,341,0.001,REDIS
FETCH,1762987808.319,53727,625,0.001,REDIS
FETCH,1762987808.320,53727,720,0.001,REDIS
FETCH,1762987808.320,53727,224,0.000,RAM
FETCH,1762987808.320,53727,126,0.000,RAM
FETCH,1762987808.321,53727,866,0.000,REDIS
FETCH,1762987808.321,53727,269,0.000,RAM
FETCH,1762987808.321,53727,435,0.000,RAM
FETCH,1762987808.321,53727,493,0.000,REDIS
FETCH,1762987808.322,53727,6,0.000,REDIS
FETCH,1762987808.323,53727,718,0.001,REDIS
FETCH,1762987808.323,53727,74,0.000,REDIS
FETCH,1762987808.323,53727,303,0.000,RAM
FETCH,1762987808.323,53727,617,0.000,RAM
FETCH,1762987808.323,53727,972,0.000,RAM
FETCH,1762987808.324,53727,620,0.000,REDIS
FETCH,1762987808.324,53727,84,0.000,RAM
FETCH,1762987808.325,53727,536,0.001,REDIS
FETCH,1762987808.325,53727,970,0.000,RAM
FETCH,1762987808.325,53727,47,0.000,RAM
FETCH,1762987808.325,53727,934,0.000,RAM
FETCH,1762987808.326,53727,996,0.001,REDIS
FETCH,1762987808.326,53727,931,0.000,REDIS
FETCH,1762987808.326,53727,87,0.000,REDIS
FETCH,1762987808.327,53727,120,0.000,RAM
FETCH,1762987808.327,53727,988,0.000,REDIS
FETCH,1762987808.327,53727,824,0.000,RAM
FETCH,1762987808.327,53727,836,0.000,RAM
FETCH,1762987808.327,53727,821,0.000,RAM
FETCH,1762987808.327,53727,944,0.000,RAM
FETCH,1762987808.328,53727,311,0.001,REDIS
FETCH,1762987808.328,53727,160,0.000,RAM
FETCH,1762987808.328,53727,439,0.000,RAM
FETCH,1762987808.328,53727,19,0.000,RAM
FETCH,1762987808.329,53727,440,0.000,RAM
FETCH,1762987808.329,53727,739,0.000,RAM
FETCH,1762987808.329,53727,204,0.000,RAM
FETCH,1762987808.329,53727,340,0.000,RAM
FETCH,1762987808.329,53727,408,0.000,RAM
FETCH,1762987808.329,53727,168,0.000,RAM
FETCH,1762987808.329,53727,63,0.000,RAM
FETCH,1762987808.330,53727,135,0.001,REDIS
FETCH,1762987808.330,53727,909,0.000,RAM
FETCH,1762987808.331,53727,270,0.000,RAM
FETCH,1762987808.331,53727,502,0.000,RAM
FETCH,1762987808.331,53727,119,0.000,RAM
FETCH,1762987808.331,53727,423,0.000,RAM
FETCH,1762987808.332,53727,329,0.001,REDIS
FETCH,1762987808.332,53727,397,0.000,REDIS
FETCH,1762987808.333,53727,417,0.000,REDIS
FETCH,1762987808.333,53727,659,0.000,RAM
FETCH,1762987808.334,53727,681,0.001,REDIS
FETCH,1762987808.334,53727,828,0.000,RAM
FETCH,1762987808.334,53727,431,0.001,REDIS
FETCH,1762987808.335,53727,551,0.001,REDIS
FETCH,1762987808.335,53727,60,0.000,RAM
FETCH,1762987808.336,53727,923,0.001,REDIS
FETCH,1762987808.336,53727,223,0.000,REDIS
FETCH,1762987808.336,53727,655,0.000,RAM
FETCH,1762987808.337,53727,147,0.000,REDIS
FETCH,1762987808.337,53727,874,0.001,REDIS
FETCH,1762987808.338,53727,758,0.000,REDIS
FETCH,1762987808.338,53727,95,0.000,RAM
FETCH,1762987808.338,53727,926,0.000,REDIS
FETCH,1762987808.339,53727,961,0.000,RAM
PROCESS,1762987808.564,53722,100,18,552,649,930,572,281,259,887,216,904,533,864,446,869,456,473,916,610,867,786,995,61,692,130,321,390,89,503,721,945,647,294,715,182,600,475,355,661,679,788,485,205,490,33,317,727,79,701,571,457,495,81,507,52,704,593,762,859,234,634,637,624,829,191,419,289,290,231,643,892,333,304,999,218,129,722,441,932,588,94,823,309,671,905,203,587,534,480,384,854,326,88,283,914,903,942,725,559,595,146
PROCESS,1762987808.821,53722,100,16,605,928,414,96,277,382,891,376,604,545,320,496,937,853,461,800,657,539,348,367,962,265,220,667,751,729,378,737,167,526,819,792,687,358,252,164,511,395,674,676,695,733,841,902,80,623,178,881,750,219,476,379,332,4,851,966,298,32,247,870,547,262,921,198,580,584,153,210,712,233,989,373,684,631,619,777,743,272,731,314,176,529,513,885,488,55,700,422,861,463,912,848,112,45,549,589,755,28,136
PROCESS,1762987809.088,53722,100,42,383,844,955,531,512,243,41,530,514,202,143,888,516,863,428,803,271,221,21,817,156,521,769,499,400,810,301,350,878,560,834,127,830,543,924,583,736,640,644,121,845,139,922,11,190,566,673,959,83,592,871,760,447,288,260,979,519,46,206,635,689,201,550,523,396,228,939,342,98,323,36,956,732,782,691,364,7,66,997,335,68,302,360,426,37,462,354,351,450,170,330,275,322,599,616,978,477,155,778
PROCESS,1762987809.342,53722,100,374,319,920,437,227,244,108,556,278,641,860,807,180,214,165,796,740,717,941,770,169,781,466,670,884,638,597,846,794,404,504,585,15,882,678,104,398,911,175,622,343,705,266,586,974,837,663,805,65,554,791,1,213,313,977,145,724,971,668,263,780,418,73,399,403,257,900,913,606,72,58,105,284,102,23,17,907,693,965,541,950,173,138,660,389,113,125,662,716,67,371,779,958,528,936,565,577,38,222,449
PROCESS,1762987809.596,53722,100,59,324,578,2,444,797,468,258,215,131,380,35,771,264,199,697,346,179,433,388,505,615,756,75,898,406,818,297,325,470,436,174,542,650,850,412,822,862,579,656,310,187,757,982,558,639,375,763,377,654,273,8,420,876,483,97,232,983,157,183,3,122,306,133,754,994,109,544,291,967,525,494,759,48,78,465,482,117,840,614,664,372,100,144,690,276,255,706,24,665,434,714,642,107,570,896,211,648,411,790
PROCESS,1762987809.851,53722,100,785,935,607,413,12,405,813,669,984,236,10,954,282,872,152,492,151,26,366,990,879,484,149,653,532,181,207,20,980,392,352,775,239,254,666,331,783,948,849,497,161,981,868,308,159,316,225,402,479,527,489,838,703,734,603,285,784,295,886,774,9,487,359,546,185,467,77,742,430,443,598,833,858,416,472,193,826,987,344,991,318,835,698,194,632,415,906,515,682,856,553,101,362,611,338,166,889,49,812,92
PROCESS,1762987810.103,53722,100,901,569,839,919,883,752,723,25,768,114,385,62,998,394,71,562,993,238,738,334,680,852,677,940,925,968,992,609,801,576,908,91,280,299,561,85,749,938,188,764,573,501,608,106,246,799,448,163,629,506,537,952,53,148,391,827,240,442,702,728,407,707,895,141,618,454,772,336,307,627,245,267,633,949,789,57,581,555,776,99,452,761,765,976,458,226,548,197,56,696,300,208,564,192,686,241,518,445,567,217
PROCESS,1762987810.353,53722,100,356,237,601,386,873,708,509,524,40,424,508,957,432,918,171,132,124,209,93,766,630,857,612,464,685,953,951,261,811,574,455,134,29,747,116,341,625,720,224,126,866,269,435,493,6,718,74,303,617,972,620,84,536,970,47,934,996,931,87,120,988,824,836,821,944,311,160,439,19,440,739,204,340,408,168,63,135,909,270,502,119,423,329,397,417,659,681,828,431,551,60,923,223,655,147,874,758,95,926,961
