# Pipeline Activity Log - ResNet152 with RAM+SSD+RPC Caching
# FETCH: timestamp,worker_id,image_idx,fetch_time,source (RAM|SSD|RPC|S3)
# PROCESS: timestamp,main_id,batch_size,indices
FETCH,1762987387.708,52600,530,0.330,S3
FETCH,1762987387.708,52599,319,0.334,S3
FETCH,1762987387.723,52598,574,0.362,S3
FETCH,1762987387.747,52600,702,0.039,S3
FETCH,1762987387.752,52599,87,0.044,S3
FETCH,1762987387.756,52597,839,0.394,S3
FETCH,1762987387.805,52599,173,0.052,S3
FETCH,1762987387.810,52598,946,0.087,S3
FETCH,1762987387.820,52597,133,0.064,S3
FETCH,1762987387.836,52600,69,0.088,S3
FETCH,1762987387.847,52599,67,0.042,S3
FETCH,1762987387.870,52598,888,0.060,S3
FETCH,1762987387.874,52600,775,0.038,S3
FETCH,1762987387.879,52597,453,0.060,S3
FETCH,1762987387.896,52599,339,0.049,S3
FETCH,1762987387.954,52597,439,0.075,S3
FETCH,1762987387.957,52599,186,0.061,S3
FETCH,1762987387.957,52598,314,0.087,S3
FETCH,1762987387.957,52600,498,0.083,S3
FETCH,1762987388.000,52599,272,0.042,S3
FETCH,1762987388.000,52598,30,0.042,S3
FETCH,1762987388.007,52597,634,0.053,S3
FETCH,1762987388.014,52600,639,0.056,S3
FETCH,1762987388.053,52599,273,0.053,S3
FETCH,1762987388.062,52600,5,0.048,S3
FETCH,1762987388.096,52599,672,0.043,S3
FETCH,1762987388.096,52598,378,0.096,S3
FETCH,1762987388.110,52597,970,0.103,S3
FETCH,1762987388.121,52600,47,0.058,S3
FETCH,1762987388.159,52599,191,0.063,S3
FETCH,1762987388.164,52598,812,0.068,S3
FETCH,1762987388.168,52600,438,0.047,S3
FETCH,1762987388.178,52597,160,0.068,S3
FETCH,1762987388.214,52599,940,0.055,S3
FETCH,1762987388.231,52598,567,0.066,S3
FETCH,1762987388.231,52597,898,0.052,S3
FETCH,1762987388.239,52600,383,0.071,S3
FETCH,1762987388.273,52598,448,0.042,S3
FETCH,1762987388.291,52599,100,0.077,S3
FETCH,1762987388.322,52598,516,0.049,S3
FETCH,1762987388.322,52597,669,0.091,S3
FETCH,1762987388.337,52599,706,0.046,S3
FETCH,1762987388.349,52600,376,0.110,S3
FETCH,1762987388.372,52598,197,0.050,S3
FETCH,1762987388.401,52600,934,0.052,S3
FETCH,1762987388.414,52597,561,0.091,S3
FETCH,1762987388.424,52598,329,0.052,S3
FETCH,1762987388.425,52599,238,0.087,S3
FETCH,1762987388.465,52600,629,0.063,S3
FETCH,1762987388.469,52597,972,0.055,S3
FETCH,1762987388.484,52599,264,0.059,S3
FETCH,1762987388.484,52598,885,0.060,S3
FETCH,1762987388.539,52600,36,0.075,S3
FETCH,1762987388.540,52599,480,0.055,S3
FETCH,1762987388.544,52598,507,0.060,S3
FETCH,1762987388.599,52600,761,0.059,S3
FETCH,1762987388.599,52599,397,0.059,S3
FETCH,1762987388.612,52597,216,0.142,S3
FETCH,1762987388.657,52600,941,0.058,S3
FETCH,1762987388.661,52597,800,0.049,S3
FETCH,1762987388.694,52600,460,0.037,S3
FETCH,1762987388.705,52598,350,0.161,S3
FETCH,1762987388.713,52597,714,0.053,S3
FETCH,1762987388.715,52599,860,0.116,S3
FETCH,1762987388.735,52600,485,0.041,S3
FETCH,1762987388.766,52598,586,0.061,S3
FETCH,1762987388.768,52599,537,0.052,S3
FETCH,1762987388.773,52597,546,0.059,S3
FETCH,1762987388.784,52600,851,0.048,S3
FETCH,1762987388.816,52599,722,0.048,S3
FETCH,1762987388.825,52598,477,0.059,S3
FETCH,1762987388.846,52597,492,0.074,S3
FETCH,1762987388.864,52599,55,0.048,S3
FETCH,1762987388.869,52600,471,0.086,S3
FETCH,1762987388.893,52598,720,0.067,S3
FETCH,1762987388.919,52599,675,0.055,S3
FETCH,1762987388.921,52597,826,0.074,S3
FETCH,1762987388.923,52600,987,0.054,S3
FETCH,1762987388.954,52598,413,0.061,S3
FETCH,1762987388.966,52599,969,0.048,S3
FETCH,1762987388.975,52597,246,0.054,S3
FETCH,1762987388.986,52600,482,0.063,S3
FETCH,1762987389.004,52598,9,0.050,S3
FETCH,1762987389.020,52600,965,0.034,S3
FETCH,1762987389.039,52599,138,0.072,S3
FETCH,1762987389.072,52597,615,0.097,S3
FETCH,1762987389.092,52599,540,0.053,S3
FETCH,1762987389.124,52598,86,0.119,S3
FETCH,1762987389.126,52600,621,0.105,S3
FETCH,1762987389.154,52599,883,0.062,S3
FETCH,1762987389.172,52600,667,0.047,S3
FETCH,1762987389.173,52598,837,0.049,S3
FETCH,1762987389.173,52597,128,0.101,S3
FETCH,1762987389.223,52600,282,0.050,S3
FETCH,1762987389.226,52599,52,0.072,S3
FETCH,1762987389.233,52597,508,0.060,S3
FETCH,1762987389.264,52600,382,0.041,S3
FETCH,1762987389.277,52598,269,0.104,S3
FETCH,1762987389.308,52600,515,0.043,S3
FETCH,1762987389.323,52597,377,0.090,S3
FETCH,1762987389.323,52598,670,0.046,S3
FETCH,1762987389.381,52597,617,0.058,S3
FETCH,1762987389.381,52599,505,0.155,S3
FETCH,1762987389.388,52600,176,0.081,S3
FETCH,1762987389.445,52599,443,0.064,S3
FETCH,1762987389.450,52600,24,0.061,S3
FETCH,1762987389.451,52598,868,0.127,S3
FETCH,1762987389.465,52597,203,0.083,S3
FETCH,1762987389.505,52599,250,0.059,S3
FETCH,1762987389.527,52597,542,0.062,S3
FETCH,1762987389.527,52600,117,0.077,S3
FETCH,1762987389.527,52598,16,0.076,S3
FETCH,1762987389.570,52598,754,0.043,S3
FETCH,1762987389.579,52599,777,0.074,S3
FETCH,1762987389.579,52597,828,0.052,S3
FETCH,1762987389.627,52599,58,0.048,S3
FETCH,1762987389.628,52597,307,0.049,S3
FETCH,1762987389.628,52598,167,0.058,S3
FETCH,1762987389.634,52600,823,0.107,S3
FETCH,1762987389.688,52599,895,0.060,S3
FETCH,1762987389.703,52598,861,0.074,S3
FETCH,1762987389.708,52600,64,0.074,S3
FETCH,1762987389.708,52597,919,0.080,S3
FETCH,1762987389.752,52600,909,0.044,S3
FETCH,1762987389.780,52599,760,0.092,S3
FETCH,1762987389.786,52600,583,0.034,S3
FETCH,1762987389.795,52597,395,0.087,S3
FETCH,1762987389.798,52598,503,0.095,S3
FETCH,1762987389.831,52600,435,0.046,S3
FETCH,1762987389.845,52597,924,0.050,S3
FETCH,1762987389.845,52599,414,0.065,S3
FETCH,1762987389.860,52598,750,0.062,S3
FETCH,1762987389.895,52599,112,0.050,S3
FETCH,1762987389.895,52600,242,0.063,S3
FETCH,1762987389.913,52598,327,0.054,S3
FETCH,1762987389.914,52597,757,0.069,S3
FETCH,1762987389.930,52600,994,0.035,S3
FETCH,1762987389.945,52599,394,0.051,S3
FETCH,1762987389.968,52597,918,0.054,S3
FETCH,1762987389.979,52598,357,0.065,S3
FETCH,1762987389.986,52600,520,0.056,S3
FETCH,1762987389.990,52599,386,0.045,S3
FETCH,1762987390.027,52600,33,0.041,S3
FETCH,1762987390.047,52599,309,0.057,S3
FETCH,1762987390.047,52597,306,0.079,S3
FETCH,1762987390.047,52598,424,0.068,S3
FETCH,1762987390.066,52600,660,0.039,S3
FETCH,1762987390.092,52598,820,0.045,S3
FETCH,1762987390.125,52597,322,0.078,S3
FETCH,1762987390.145,52600,3,0.078,S3
FETCH,1762987390.148,52598,917,0.055,S3
FETCH,1762987390.165,52599,320,0.118,S3
FETCH,1762987390.188,52600,555,0.043,S3
FETCH,1762987390.188,52597,571,0.063,S3
FETCH,1762987390.196,52598,889,0.048,S3
FETCH,1762987390.215,52599,998,0.050,S3
FETCH,1762987390.242,52597,171,0.053,S3
FETCH,1762987390.253,52598,265,0.057,S3
FETCH,1762987390.270,52600,794,0.082,S3
FETCH,1762987390.309,52597,676,0.068,S3
FETCH,1762987390.315,52599,219,0.100,S3
FETCH,1762987390.317,52600,132,0.047,S3
FETCH,1762987390.318,52598,334,0.065,S3
FETCH,1762987390.358,52600,623,0.042,S3
FETCH,1762987390.363,52599,220,0.048,S3
FETCH,1762987390.396,52597,752,0.087,S3
FETCH,1762987390.403,52598,882,0.084,S3
FETCH,1762987390.413,52600,345,0.055,S3
FETCH,1762987390.436,52599,150,0.073,S3
FETCH,1762987390.457,52600,745,0.044,S3
FETCH,1762987390.465,52597,148,0.069,S3
FETCH,1762987390.477,52598,474,0.074,S3
FETCH,1762987390.493,52600,780,0.036,S3
FETCH,1762987390.494,52599,708,0.057,S3
FETCH,1762987390.529,52598,312,0.052,S3
FETCH,1762987390.531,52597,300,0.066,S3
FETCH,1762987390.553,52599,657,0.060,S3
FETCH,1762987390.582,52600,347,0.089,S3
FETCH,1762987390.583,52598,487,0.054,S3
FETCH,1762987390.588,52597,732,0.057,S3
FETCH,1762987390.609,52599,165,0.056,S3
FETCH,1762987390.649,52597,975,0.061,S3
FETCH,1762987390.655,52600,381,0.073,S3
FETCH,1762987390.696,52598,123,0.113,S3
FETCH,1762987390.699,52597,584,0.050,S3
FETCH,1762987390.708,52599,380,0.099,S3
FETCH,1762987390.717,52600,403,0.062,S3
FETCH,1762987390.747,52598,553,0.051,S3
FETCH,1762987390.771,52599,649,0.063,S3
FETCH,1762987390.775,52600,445,0.057,S3
FETCH,1762987390.778,52597,72,0.079,S3
FETCH,1762987390.813,52600,459,0.038,S3
FETCH,1762987390.840,52597,582,0.062,S3
FETCH,1762987390.846,52599,154,0.074,S3
FETCH,1762987390.846,52598,809,0.099,S3
FETCH,1762987390.859,52600,737,0.046,S3
FETCH,1762987390.892,52599,21,0.046,S3
FETCH,1762987390.899,52600,789,0.041,S3
FETCH,1762987390.905,52598,501,0.059,S3
FETCH,1762987390.912,52597,313,0.072,S3
FETCH,1762987390.966,52600,955,0.066,S3
FETCH,1762987390.969,52599,341,0.077,S3
FETCH,1762987390.986,52598,22,0.081,S3
FETCH,1762987390.986,52597,990,0.074,S3
FETCH,1762987391.014,52600,490,0.048,S3
FETCH,1762987391.057,52599,855,0.088,S3
FETCH,1762987391.057,52597,105,0.071,S3
FETCH,1762987391.059,52600,315,0.045,S3
FETCH,1762987391.073,52598,734,0.087,S3
FETCH,1762987391.103,52600,531,0.044,S3
FETCH,1762987391.122,52599,370,0.065,S3
FETCH,1762987391.133,52598,81,0.060,S3
FETCH,1762987391.148,52600,241,0.045,S3
FETCH,1762987391.156,52597,271,0.099,S3
FETCH,1762987391.191,52600,426,0.043,S3
FETCH,1762987391.191,52599,824,0.070,S3
FETCH,1762987391.212,52598,573,0.078,S3
FETCH,1762987391.221,52597,187,0.064,S3
FETCH,1762987391.280,52598,292,0.068,S3
FETCH,1762987391.280,52599,284,0.088,S3
FETCH,1762987391.280,52600,711,0.089,S3
FETCH,1762987391.288,52597,430,0.067,S3
FETCH,1762987391.328,52600,981,0.048,S3
FETCH,1762987391.335,52598,887,0.055,S3
FETCH,1762987391.346,52599,343,0.066,S3
FETCH,1762987391.354,52597,961,0.066,S3
FETCH,1762987391.383,52598,509,0.048,S3
FETCH,1762987391.383,52600,289,0.054,S3
FETCH,1762987391.397,52599,494,0.051,S3
FETCH,1762987391.436,52600,419,0.053,S3
FETCH,1762987391.441,52598,39,0.058,S3
FETCH,1762987391.445,52597,592,0.091,S3
FETCH,1762987391.457,52599,527,0.060,S3
FETCH,1762987391.481,52600,967,0.045,S3
FETCH,1762987391.492,52598,538,0.051,S3
FETCH,1762987391.512,52597,666,0.066,S3
FETCH,1762987391.539,52600,226,0.058,S3
FETCH,1762987391.547,52598,326,0.055,S3
FETCH,1762987391.563,52597,925,0.052,S3
FETCH,1762987391.590,52599,849,0.133,S3
FETCH,1762987391.592,52598,842,0.045,S3
FETCH,1762987391.612,52600,169,0.072,S3
FETCH,1762987391.625,52597,470,0.061,S3
FETCH,1762987391.657,52598,570,0.064,S3
FETCH,1762987391.669,52599,208,0.079,S3
FETCH,1762987391.702,52600,796,0.090,S3
FETCH,1762987391.720,52599,650,0.050,S3
FETCH,1762987391.720,52597,54,0.095,S3
FETCH,1762987391.721,52598,693,0.064,S3
FETCH,1762987391.763,52599,684,0.043,S3
FETCH,1762987391.782,52600,852,0.081,S3
FETCH,1762987391.806,52597,995,0.086,S3
FETCH,1762987391.806,52598,308,0.085,S3
FETCH,1762987391.832,52600,210,0.050,S3
FETCH,1762987391.833,52599,944,0.070,S3
FETCH,1762987391.858,52598,360,0.052,S3
FETCH,1762987391.859,52597,954,0.053,S3
FETCH,1762987391.887,52599,721,0.053,S3
FETCH,1762987391.912,52597,387,0.053,S3
FETCH,1762987391.916,52598,680,0.058,S3
FETCH,1762987391.941,52599,776,0.054,S3
FETCH,1762987391.941,52600,554,0.108,S3
FETCH,1762987391.961,52597,844,0.048,S3
FETCH,1762987391.985,52598,108,0.069,S3
FETCH,1762987392.005,52599,190,0.064,S3
FETCH,1762987392.016,52600,416,0.076,S3
FETCH,1762987392.073,52597,710,0.112,S3
FETCH,1762987392.073,52598,223,0.088,S3
FETCH,1762987392.131,52600,290,0.115,S3
FETCH,1762987392.132,52599,541,0.127,S3
FETCH,1762987392.137,52598,673,0.064,S3
FETCH,1762987392.169,52597,504,0.096,S3
FETCH,1762987392.177,52600,146,0.045,S3
FETCH,1762987392.182,52598,349,0.044,S3
FETCH,1762987392.194,52599,566,0.061,S3
FETCH,1762987392.223,52597,125,0.054,S3
FETCH,1762987392.228,52600,788,0.052,S3
FETCH,1762987392.236,52598,342,0.054,S3
FETCH,1762987392.271,52597,409,0.048,S3
FETCH,1762987392.271,52600,193,0.043,S3
FETCH,1762987392.286,52599,996,0.092,S3
FETCH,1762987392.311,52600,444,0.040,S3
FETCH,1762987392.348,52598,692,0.112,S3
FETCH,1762987392.352,52597,340,0.081,S3
FETCH,1762987392.359,52599,778,0.073,S3
FETCH,1762987392.371,52600,51,0.060,S3
FETCH,1762987392.420,52599,984,0.061,S3
FETCH,1762987392.420,52598,807,0.072,S3
FETCH,1762987392.428,52600,999,0.057,S3
FETCH,1762987392.428,52597,766,0.076,S3
FETCH,1762987392.465,52598,916,0.045,S3
FETCH,1762987392.484,52600,79,0.056,S3
FETCH,1762987392.505,52599,158,0.085,S3
FETCH,1762987392.521,52600,747,0.037,S3
FETCH,1762987392.521,52597,74,0.093,S3
FETCH,1762987392.555,52598,545,0.089,S3
FETCH,1762987392.558,52599,731,0.053,S3
FETCH,1762987392.590,52600,679,0.069,S3
FETCH,1762987392.603,52597,585,0.081,S3
FETCH,1762987392.626,52599,469,0.068,S3
FETCH,1762987392.633,52598,361,0.078,S3
FETCH,1762987392.640,52600,654,0.050,S3
FETCH,1762987392.684,52600,500,0.044,S3
FETCH,1762987392.684,52599,953,0.058,S3
FETCH,1762987392.704,52597,601,0.101,S3
FETCH,1762987392.723,52598,41,0.090,S3
FETCH,1762987392.743,52600,66,0.059,S3
FETCH,1762987392.760,52599,491,0.075,S3
FETCH,1762987392.776,52597,758,0.072,S3
FETCH,1762987392.776,52598,229,0.053,S3
FETCH,1762987392.781,52600,738,0.038,S3
FETCH,1762987392.829,52598,140,0.053,S3
FETCH,1762987392.829,52597,262,0.053,S3
FETCH,1762987392.832,52599,929,0.072,S3
FETCH,1762987392.872,52598,818,0.043,S3
FETCH,1762987392.891,52600,938,0.110,S3
FETCH,1762987392.906,52597,893,0.077,S3
FETCH,1762987392.909,52599,681,0.077,S3
FETCH,1762987392.936,52600,791,0.045,S3
FETCH,1762987392.948,52598,811,0.076,S3
FETCH,1762987392.971,52599,298,0.062,S3
FETCH,1762987392.984,52597,464,0.077,S3
FETCH,1762987393.003,52598,781,0.055,S3
FETCH,1762987393.009,52600,911,0.072,S3
FETCH,1762987393.036,52599,336,0.065,S3
FETCH,1762987393.038,52597,865,0.054,S3
FETCH,1762987393.053,52600,118,0.044,S3
FETCH,1762987393.090,52597,900,0.052,S3
FETCH,1762987393.090,52599,161,0.054,S3
FETCH,1762987393.102,52600,785,0.049,S3
FETCH,1762987393.102,52598,577,0.098,S3
FETCH,1762987393.148,52597,76,0.058,S3
FETCH,1762987393.148,52600,632,0.046,S3
FETCH,1762987393.169,52598,991,0.067,S3
FETCH,1762987393.175,52599,705,0.084,S3
FETCH,1762987393.215,52600,873,0.067,S3
FETCH,1762987393.215,52597,932,0.067,S3
FETCH,1762987393.229,52599,597,0.054,S3
FETCH,1762987393.256,52600,305,0.041,S3
FETCH,1762987393.269,52598,222,0.100,S3
FETCH,1762987393.271,52597,233,0.055,S3
FETCH,1762987393.274,52599,907,0.045,S3
FETCH,1762987393.322,52597,594,0.051,S3
FETCH,1762987393.322,52600,495,0.065,S3
FETCH,1762987393.326,52599,645,0.052,S3
FETCH,1762987393.338,52598,547,0.069,S3
FETCH,1762987393.375,52597,739,0.054,S3
FETCH,1762987393.394,52599,982,0.068,S3
FETCH,1762987393.395,52600,143,0.073,S3
FETCH,1762987393.434,52597,198,0.058,S3
FETCH,1762987393.434,52600,604,0.039,S3
FETCH,1762987393.434,52598,691,0.096,S3
FETCH,1762987393.454,52599,77,0.059,S3
FETCH,1762987393.509,52597,930,0.076,S3
FETCH,1762987393.510,52598,400,0.076,S3
FETCH,1762987393.513,52600,853,0.079,S3
FETCH,1762987393.515,52599,17,0.061,S3
FETCH,1762987393.562,52599,276,0.047,S3
FETCH,1762987393.562,52597,56,0.053,S3
FETCH,1762987393.570,52598,129,0.060,S3
FETCH,1762987393.612,52597,579,0.050,S3
FETCH,1762987393.627,52598,543,0.057,S3
FETCH,1762987393.646,52599,707,0.084,S3
FETCH,1762987393.669,52598,199,0.042,S3
FETCH,1762987393.719,52598,610,0.050,S3
FETCH,1762987393.731,52599,663,0.085,S3
FETCH,1762987393.755,52597,607,0.143,S3
FETCH,1762987393.767,52598,12,0.048,S3
FETCH,1762987393.789,52599,658,0.058,S3
FETCH,1762987393.836,52597,933,0.082,S3
FETCH,1762987393.837,52598,926,0.070,S3
FETCH,1762987393.865,52599,348,0.076,S3
FETCH,1762987393.886,52598,99,0.050,S3
FETCH,1762987393.889,52600,549,0.193,S3
FETCH,1762987393.913,52599,719,0.048,S3
FETCH,1762987393.935,52598,61,0.048,S3
FETCH,1762987393.945,52600,587,0.056,S3
FETCH,1762987393.955,52597,562,0.118,S3
FETCH,1762987393.961,52599,478,0.048,S3
FETCH,1762987393.995,52600,511,0.050,S3
FETCH,1762987394.003,52598,365,0.068,S3
FETCH,1762987394.005,52597,302,0.050,S3
FETCH,1762987394.007,52599,353,0.046,S3
FETCH,1762987394.050,52599,466,0.042,S3
FETCH,1762987394.058,52597,110,0.053,S3
FETCH,1762987394.075,52598,188,0.072,S3
FETCH,1762987394.090,52600,94,0.094,S3
FETCH,1762987394.114,52597,813,0.056,S3
FETCH,1762987394.114,52599,116,0.065,S3
FETCH,1762987394.132,52598,53,0.057,S3
FETCH,1762987394.132,52600,819,0.042,S3
FETCH,1762987394.172,52599,603,0.058,S3
FETCH,1762987394.202,52600,863,0.070,S3
FETCH,1762987394.206,52597,774,0.091,S3
FETCH,1762987394.212,52598,551,0.080,S3
FETCH,1762987394.264,52600,352,0.061,S3
FETCH,1762987394.267,52598,618,0.055,S3
FETCH,1762987394.317,52597,536,0.112,S3
FETCH,1762987394.331,52598,651,0.063,S3
FETCH,1762987394.348,52600,755,0.084,S3
FETCH,1762987394.373,52597,840,0.055,S3
FETCH,1762987394.381,52598,589,0.050,S3
FETCH,1762987394.390,52600,263,0.042,S3
FETCH,1762987394.442,52600,18,0.052,S3
FETCH,1762987394.444,52597,258,0.071,S3
FETCH,1762987394.494,52597,694,0.050,S3
FETCH,1762987394.494,52600,311,0.052,S3
FETCH,1762987394.517,52599,642,0.171,S3
FETCH,1762987394.536,52600,45,0.042,S3
FETCH,1762987394.551,52597,580,0.057,S3
FETCH,1762987394.579,52599,976,0.062,S3
FETCH,1762987394.588,52600,843,0.052,S3
FETCH,1762987394.613,52597,423,0.061,S3
FETCH,1762987394.647,52600,325,0.059,S3
FETCH,1762987394.648,52599,652,0.069,S3
FETCH,1762987394.670,52597,240,0.058,S3
FETCH,1762987394.697,52600,363,0.049,S3
FETCH,1762987394.703,52598,247,0.171,S3
FETCH,1762987394.735,52599,254,0.086,S3
FETCH,1762987394.745,52598,523,0.042,S3
FETCH,1762987394.761,52597,827,0.091,S3
FETCH,1762987394.780,52599,915,0.045,S3
FETCH,1762987394.800,52598,15,0.055,S3
FETCH,1762987394.807,52600,253,0.110,S3
FETCH,1762987394.868,52600,740,0.061,S3
FETCH,1762987394.887,52599,451,0.106,S3
FETCH,1762987394.904,52598,468,0.103,S3
FETCH,1762987394.923,52600,389,0.056,S3
PROCESS,1762987394.936,52591,100,839,133,453,439,634,970,160,898,669,561,972,216,800,714,546,492,826,246,615,128,508,377,617,203,542,828,307,919,395,924,757,918,306,322,571,171,676,752,148,300,732,975,584,72,582,313,990,105,271,187,430,961,592,666,925,470,54,995,954,387,844,710,504,125,409,340,766,74,585,601,758,262,893,464,865,900,76,932,233,594,739,198,930,56,579,607,933,562,302,110,813,774,536,840,258,694,580,423,240,827
FETCH,1762987394.943,52599,513,0.057,S3
FETCH,1762987394.958,52598,922,0.054,S3
FETCH,1762987394.978,52600,544,0.055,S3
FETCH,1762987395.000,52599,558,0.056,S3
FETCH,1762987395.020,52598,506,0.062,S3
FETCH,1762987395.045,52599,957,0.046,S3
FETCH,1762987395.060,52600,57,0.082,S3
FETCH,1762987395.065,52597,236,0.303,S3
FETCH,1762987395.082,52598,201,0.062,S3
FETCH,1762987395.105,52600,192,0.044,S3
FETCH,1762987395.122,52599,429,0.077,S3
FETCH,1762987395.146,52598,71,0.064,S3
FETCH,1762987395.146,52597,696,0.081,S3
FETCH,1762987395.176,52599,359,0.053,S3
FETCH,1762987395.176,52600,20,0.071,S3
FETCH,1762987395.188,52597,829,0.041,S3
FETCH,1762987395.190,52598,568,0.043,S3
FETCH,1762987395.224,52599,689,0.049,S3
FETCH,1762987395.227,52598,26,0.037,S3
FETCH,1762987395.238,52600,768,0.062,S3
FETCH,1762987395.273,52598,903,0.045,S3
FETCH,1762987395.297,52599,686,0.073,S3
FETCH,1762987395.302,52600,716,0.064,S3
FETCH,1762987395.312,52598,356,0.039,S3
FETCH,1762987395.349,52599,783,0.052,S3
FETCH,1762987395.351,52598,871,0.039,S3
FETCH,1762987395.372,52597,695,0.184,S3
FETCH,1762987395.400,52600,227,0.098,S3
FETCH,1762987395.407,52598,912,0.056,S3
FETCH,1762987395.409,52599,4,0.060,S3
FETCH,1762987395.414,52597,806,0.041,S3
FETCH,1762987395.459,52600,726,0.059,S3
FETCH,1762987395.459,52597,985,0.045,S3
FETCH,1762987395.468,52599,699,0.058,S3
FETCH,1762987395.483,52598,950,0.076,S3
FETCH,1762987395.502,52600,90,0.043,S3
FETCH,1762987395.516,52599,902,0.048,S3
FETCH,1762987395.516,52597,463,0.057,S3
FETCH,1762987395.524,52598,104,0.041,S3
FETCH,1762987395.558,52600,742,0.056,S3
FETCH,1762987395.558,52597,280,0.042,S3
FETCH,1762987395.569,52599,181,0.053,S3
FETCH,1762987395.601,52598,200,0.076,S3
FETCH,1762987395.613,52600,335,0.056,S3
FETCH,1762987395.628,52597,283,0.070,S3
FETCH,1762987395.642,52599,683,0.073,S3
FETCH,1762987395.676,52597,870,0.048,S3
FETCH,1762987395.676,52600,519,0.063,S3
FETCH,1762987395.676,52598,63,0.076,S3
FETCH,1762987395.689,52599,838,0.047,S3
FETCH,1762987395.731,52597,244,0.054,S3
FETCH,1762987395.740,52600,640,0.064,S3
FETCH,1762987395.740,52599,762,0.051,S3
FETCH,1762987395.741,52598,815,0.064,S3
FETCH,1762987395.778,52597,525,0.047,S3
FETCH,1762987395.784,52600,805,0.044,S3
FETCH,1762987395.784,52598,770,0.044,S3
FETCH,1762987395.786,52599,966,0.045,S3
FETCH,1762987395.820,52597,612,0.042,S3
FETCH,1762987395.830,52600,908,0.045,S3
FETCH,1762987395.894,52597,845,0.074,S3
FETCH,1762987395.894,52598,628,0.109,S3
FETCH,1762987395.894,52599,977,0.108,S3
FETCH,1762987395.896,52600,399,0.066,S3
FETCH,1762987395.931,52597,205,0.038,S3
FETCH,1762987395.943,52598,646,0.049,S3
FETCH,1762987395.943,52600,773,0.047,S3
FETCH,1762987395.973,52597,287,0.041,S3
FETCH,1762987395.974,52599,288,0.081,S3
FETCH,1762987396.002,52598,858,0.059,S3
FETCH,1762987396.017,52600,598,0.074,S3
FETCH,1762987396.022,52597,278,0.050,S3
FETCH,1762987396.027,52599,260,0.053,S3
FETCH,1762987396.054,52598,517,0.052,S3
FETCH,1762987396.068,52597,947,0.045,S3
FETCH,1762987396.075,52599,622,0.048,S3
FETCH,1762987396.098,52600,821,0.081,S3
FETCH,1762987396.100,52598,375,0.045,S3
PROCESS,1762987396.108,52591,100,574,946,888,314,30,378,812,567,448,516,197,329,885,507,350,586,477,720,413,9,86,837,269,670,868,16,754,167,861,503,750,327,357,424,820,917,889,265,334,882,474,312,487,123,553,809,501,22,734,81,573,292,887,509,39,538,326,842,570,693,308,360,680,108,223,673,349,342,692,807,916,545,361,41,229,140,818,811,781,577,991,222,547,691,400,129,543,199,610,12,926,99,61,365,188,53,551,618,651,589
FETCH,1762987396.112,52597,891,0.044,S3
FETCH,1762987396.131,52599,417,0.056,S3
FETCH,1762987396.157,52598,641,0.057,S3
FETCH,1762987396.180,52600,286,0.082,S3
FETCH,1762987396.193,52599,126,0.062,S3
FETCH,1762987396.200,52597,252,0.088,S3
FETCH,1762987396.213,52598,550,0.056,S3
FETCH,1762987396.245,52599,591,0.051,S3
FETCH,1762987396.250,52597,556,0.050,S3
FETCH,1762987396.256,52598,559,0.043,S3
FETCH,1762987396.283,52600,728,0.103,S3
FETCH,1762987396.307,52597,80,0.057,S3
FETCH,1762987396.326,52598,310,0.069,S3
FETCH,1762987396.336,52599,560,0.091,S3
FETCH,1762987396.346,52600,330,0.063,S3
FETCH,1762987396.390,52597,422,0.083,S3
PROCESS,1762987396.394,52591,100,319,87,173,67,339,186,272,273,672,191,940,100,706,238,264,480,397,860,537,722,55,675,969,138,540,883,52,505,443,250,777,58,895,760,414,112,394,386,309,320,998,219,220,150,708,657,165,380,649,154,21,341,855,370,824,284,343,494,527,849,208,650,684,944,721,776,190,541,566,996,778,984,158,731,469,953,491,929,681,298,336,161,705,597,907,645,982,77,17,276,707,663,658,348,719,478,353,466,116,603
FETCH,1762987396.408,52598,935,0.082,S3
FETCH,1762987396.408,52599,34,0.072,S3
FETCH,1762987396.448,52600,825,0.102,S3
FETCH,1762987396.474,52597,455,0.084,S3
FETCH,1762987396.474,52599,797,0.066,S3
FETCH,1762987396.481,52598,147,0.073,S3
FETCH,1762987396.528,52599,331,0.054,S3
FETCH,1762987396.528,52600,257,0.080,S3
FETCH,1762987396.528,52598,82,0.047,S3
FETCH,1762987396.550,52597,700,0.076,S3
FETCH,1762987396.565,52598,107,0.036,S3
FETCH,1762987396.581,52599,164,0.052,S3
FETCH,1762987396.612,52600,581,0.084,S3
FETCH,1762987396.620,52597,83,0.070,S3
FETCH,1762987396.628,52599,297,0.048,S3
FETCH,1762987396.647,52598,89,0.082,S3
PROCESS,1762987396.648,52591,100,530,702,69,775,498,639,5,47,438,383,376,934,629,36,761,941,460,485,851,471,987,482,965,621,667,282,382,515,176,24,117,823,64,909,583,435,242,994,520,33,660,3,555,794,132,623,345,745,780,347,381,403,445,459,737,789,955,490,315,531,241,426,711,981,289,419,967,226,169,796,852,210,554,416,290,146,788,193,444,51,999,79,747,679,654,500,66,738,938,791,911,118,785,632,873,305,495,143,604,853
FETCH,1762987396.667,52597,420,0.047,S3
FETCH,1762987396.684,52600,75,0.072,S3
FETCH,1762987396.684,52598,362,0.037,S3
FETCH,1762987396.706,52597,682,0.039,S3
FETCH,1762987396.723,52599,38,0.095,S3
FETCH,1762987396.739,52600,8,0.055,S3
FETCH,1762987396.753,52598,157,0.069,S3
FETCH,1762987396.758,52597,992,0.051,S3
FETCH,1762987396.777,52599,101,0.054,S3
FETCH,1762987396.786,52600,671,0.047,S3
FETCH,1762987396.800,52597,881,0.042,S3
FETCH,1762987396.804,52598,109,0.051,S3
FETCH,1762987396.827,52599,614,0.050,S3
FETCH,1762987396.834,52600,756,0.048,S3
FETCH,1762987396.845,52598,202,0.040,S3
FETCH,1762987396.856,52597,989,0.057,S3
FETCH,1762987396.886,52599,901,0.059,S3
FETCH,1762987396.887,52600,886,0.054,S3
FETCH,1762987396.896,52597,245,0.039,S3
FETCH,1762987396.916,52598,441,0.071,S3
FETCH,1762987396.936,52599,978,0.050,S3
FETCH,1762987396.937,52597,379,0.041,S3
FETCH,1762987396.949,52600,620,0.061,S3
FETCH,1762987396.988,52597,35,0.051,S3
FETCH,1762987396.988,52598,217,0.072,S3
FETCH,1762987396.999,52599,274,0.063,S3
FETCH,1762987397.077,52599,633,0.078,S3
FETCH,1762987397.090,52597,880,0.102,S3
FETCH,1762987397.096,52600,425,0.147,S3
FETCH,1762987397.120,52598,590,0.132,S3
FETCH,1762987397.133,52597,563,0.042,S3
FETCH,1762987397.160,52598,235,0.039,S3
FETCH,1762987397.160,52599,735,0.082,S3
FETCH,1762987397.171,52597,366,0.039,S3
FETCH,1762987397.179,52600,432,0.083,S3
FETCH,1762987397.214,52599,857,0.054,S3
FETCH,1762987397.221,52597,690,0.050,S3
FETCH,1762987397.234,52598,113,0.074,S3
FETCH,1762987397.259,52600,846,0.080,S3
FETCH,1762987397.269,52599,836,0.055,S3
FETCH,1762987397.303,52600,832,0.044,S3
FETCH,1762987397.304,52597,608,0.083,S3
FETCH,1762987397.316,52599,899,0.047,S3
FETCH,1762987397.327,52598,293,0.093,S3
FETCH,1762987397.354,52597,635,0.049,S3
FETCH,1762987397.357,52600,78,0.054,S3
FETCH,1762987397.431,52597,249,0.077,S3
FETCH,1762987397.431,52599,184,0.115,S3
FETCH,1762987397.431,52598,717,0.104,S3
FETCH,1762987397.431,52600,122,0.074,S3
FETCH,1762987397.470,52597,864,0.039,S3
FETCH,1762987397.484,52598,175,0.053,S3
FETCH,1762987397.530,52599,177,0.099,S3
FETCH,1762987397.536,52597,384,0.066,S3
FETCH,1762987397.536,52598,980,0.052,S3
FETCH,1762987397.544,52600,304,0.113,S3
FETCH,1762987397.582,52599,43,0.052,S3
FETCH,1762987397.593,52600,798,0.049,S3
FETCH,1762987397.613,52597,479,0.076,S3
FETCH,1762987397.651,52599,294,0.069,S3
FETCH,1762987397.654,52598,486,0.118,S3
FETCH,1762987397.673,52600,627,0.080,S3
FETCH,1762987397.694,52598,772,0.040,S3
FETCH,1762987397.696,52597,986,0.084,S3
FETCH,1762987397.759,52600,769,0.086,S3
FETCH,1762987397.759,52599,406,0.108,S3
FETCH,1762987397.762,52597,428,0.066,S3
FETCH,1762987397.800,52598,565,0.105,S3
FETCH,1762987397.804,52597,344,0.042,S3
FETCH,1762987397.817,52599,211,0.057,S3
FETCH,1762987397.829,52600,412,0.070,S3
FETCH,1762987397.856,52598,418,0.057,S3
FETCH,1762987397.858,52597,704,0.053,S3
FETCH,1762987397.878,52599,744,0.061,S3
FETCH,1762987397.887,52600,638,0.058,S3
FETCH,1762987397.896,52598,616,0.039,S3
FETCH,1762987397.898,52597,119,0.040,S3
FETCH,1762987397.940,52598,401,0.044,S3
FETCH,1762987397.941,52597,884,0.043,S3
FETCH,1762987397.948,52600,677,0.060,S3
FETCH,1762987397.965,52599,790,0.088,S3
FETCH,1762987397.983,52597,631,0.042,S3
FETCH,1762987397.998,52598,98,0.058,S3
FETCH,1762987398.012,52599,718,0.047,S3
FETCH,1762987398.036,52600,268,0.089,S3
FETCH,1762987398.044,52597,155,0.061,S3
FETCH,1762987398.092,52597,913,0.048,S3
FETCH,1762987398.112,52600,625,0.076,S3
FETCH,1762987398.116,52599,415,0.104,S3
FETCH,1762987398.128,52598,475,0.129,S3
FETCH,1762987398.148,52597,949,0.057,S3
FETCH,1762987398.181,52600,65,0.069,S3
FETCH,1762987398.197,52598,85,0.070,S3
FETCH,1762987398.208,52599,572,0.092,S3
FETCH,1762987398.241,52600,385,0.059,S3
FETCH,1762987398.266,52598,481,0.069,S3
FETCH,1762987398.274,52599,854,0.066,S3
FETCH,1762987398.297,52600,388,0.056,S3
FETCH,1762987398.304,52598,920,0.038,S3
FETCH,1762987398.325,52599,850,0.051,S3
FETCH,1762987398.340,52600,115,0.042,S3
FETCH,1762987398.367,52598,458,0.063,S3
FETCH,1762987398.375,52599,28,0.050,S3
FETCH,1762987398.376,52597,786,0.227,S3
FETCH,1762987398.413,52597,489,0.038,S3
FETCH,1762987398.430,52598,427,0.064,S3
FETCH,1762987398.433,52599,897,0.058,S3
FETCH,1762987398.436,52600,743,0.096,S3
FETCH,1762987398.480,52597,802,0.066,S3
FETCH,1762987398.491,52600,29,0.055,S3
FETCH,1762987398.502,52599,799,0.068,S3
FETCH,1762987398.536,52600,712,0.046,S3
FETCH,1762987398.536,52597,324,0.057,S3
FETCH,1762987398.538,52598,13,0.108,S3
FETCH,1762987398.552,52599,974,0.050,S3
FETCH,1762987398.584,52600,11,0.048,S3
FETCH,1762987398.599,52598,484,0.060,S3
FETCH,1762987398.601,52599,595,0.049,S3
FETCH,1762987398.632,52597,88,0.095,S3
FETCH,1762987398.640,52598,408,0.041,S3
FETCH,1762987398.677,52599,959,0.076,S3
FETCH,1762987398.677,52597,73,0.046,S3
FETCH,1762987398.692,52600,510,0.107,S3
FETCH,1762987398.692,52598,488,0.052,S3
FETCH,1762987398.731,52597,2,0.053,S3
FETCH,1762987398.739,52598,392,0.047,S3
FETCH,1762987398.746,52599,878,0.069,S3
FETCH,1762987398.747,52600,526,0.056,S3
FETCH,1762987398.788,52598,715,0.049,S3
FETCH,1762987398.791,52599,60,0.046,S3
FETCH,1762987398.796,52600,602,0.049,S3
FETCH,1762987398.819,52597,447,0.088,S3
FETCH,1762987398.833,52598,461,0.045,S3
FETCH,1762987398.884,52600,44,0.088,S3
FETCH,1762987398.901,52598,261,0.068,S3
FETCH,1762987398.901,52599,120,0.110,S3
FETCH,1762987398.923,52597,431,0.105,S3
FETCH,1762987398.948,52598,40,0.047,S3
FETCH,1762987398.948,52600,174,0.064,S3
FETCH,1762987398.992,52599,37,0.091,S3
FETCH,1762987398.992,52597,655,0.069,S3
FETCH,1762987399.014,52598,872,0.066,S3
FETCH,1762987399.022,52600,973,0.074,S3
FETCH,1762987399.060,52598,221,0.046,S3
FETCH,1762987399.076,52600,643,0.054,S3
FETCH,1762987399.076,52597,96,0.083,S3
FETCH,1762987399.115,52597,59,0.039,S3
FETCH,1762987399.116,52598,960,0.056,S3
FETCH,1762987399.116,52599,564,0.123,S3
FETCH,1762987399.123,52600,251,0.048,S3
FETCH,1762987399.187,52597,19,0.071,S3
FETCH,1762987399.187,52598,182,0.071,S3
FETCH,1762987399.188,52599,237,0.072,S3
FETCH,1762987399.205,52600,472,0.082,S3
FETCH,1762987399.241,52599,533,0.054,S3
FETCH,1762987399.262,52597,833,0.075,S3
FETCH,1762987399.265,52598,70,0.077,S3
FETCH,1762987399.292,52600,928,0.087,S3
FETCH,1762987399.336,52597,285,0.072,S3
FETCH,1762987399.336,52599,224,0.094,S3
FETCH,1762987399.337,52598,25,0.072,S3
FETCH,1762987399.369,52600,792,0.076,S3
FETCH,1762987399.393,52599,892,0.057,S3
FETCH,1762987399.403,52597,299,0.067,S3
FETCH,1762987399.412,52598,782,0.075,S3
FETCH,1762987399.439,52600,779,0.069,S3
FETCH,1762987399.443,52599,270,0.049,S3
FETCH,1762987399.455,52597,476,0.052,S3
FETCH,1762987399.463,52598,637,0.051,S3
FETCH,1762987399.488,52600,195,0.049,S3
FETCH,1762987399.500,52597,674,0.044,S3
FETCH,1762987399.503,52599,808,0.060,S3
FETCH,1762987399.523,52598,931,0.061,S3
FETCH,1762987399.553,52597,619,0.053,S3
FETCH,1762987399.566,52598,939,0.042,S3
FETCH,1762987399.571,52599,178,0.068,S3
FETCH,1762987399.571,52600,859,0.083,S3
FETCH,1762987399.600,52597,535,0.046,S3
FETCH,1762987399.616,52600,457,0.045,S3
FETCH,1762987399.616,52598,358,0.050,S3
FETCH,1762987399.618,52599,168,0.048,S3
FETCH,1762987399.667,52598,862,0.051,S3
FETCH,1762987399.667,52600,42,0.051,S3
FETCH,1762987399.670,52599,209,0.051,S3
FETCH,1762987399.681,52597,724,0.082,S3
FETCH,1762987399.722,52598,27,0.055,S3
FETCH,1762987399.724,52600,372,0.057,S3
FETCH,1762987399.724,52599,522,0.054,S3
FETCH,1762987399.748,52597,741,0.066,S3
FETCH,1762987399.803,52598,841,0.081,S3
FETCH,1762987399.803,52597,316,0.056,S3
FETCH,1762987399.807,52600,328,0.084,S3
FETCH,1762987399.817,52599,765,0.093,S3
FETCH,1762987399.846,52597,611,0.043,S3
FETCH,1762987399.863,52600,371,0.055,S3
FETCH,1762987399.886,52599,368,0.069,S3
FETCH,1762987399.903,52598,172,0.100,S3
FETCH,1762987399.923,52597,433,0.076,S3
FETCH,1762987399.936,52600,10,0.074,S3
FETCH,1762987399.975,52599,630,0.089,S3
FETCH,1762987399.982,52600,151,0.046,S3
FETCH,1762987400.001,52598,910,0.098,S3
FETCH,1762987400.023,52597,127,0.100,S3
FETCH,1762987400.024,52599,725,0.049,S3
FETCH,1762987400.055,52598,436,0.054,S3
FETCH,1762987400.055,52600,648,0.073,S3
FETCH,1762987400.065,52597,398,0.042,S3
FETCH,1762987400.079,52599,231,0.055,S3
FETCH,1762987400.110,52598,605,0.055,S3
FETCH,1762987400.116,52597,130,0.050,S3
FETCH,1762987400.130,52599,50,0.051,S3
FETCH,1762987400.143,52600,751,0.088,S3
FETCH,1762987400.181,52597,588,0.065,S3
FETCH,1762987400.181,52599,964,0.051,S3
FETCH,1762987400.181,52598,367,0.071,S3
FETCH,1762987400.219,52597,14,0.038,S3
FETCH,1762987400.231,52600,528,0.088,S3
FETCH,1762987400.244,52599,723,0.063,S3
FETCH,1762987400.254,52598,876,0.073,S3
FETCH,1762987400.273,52597,997,0.054,S3
FETCH,1762987400.273,52600,139,0.042,S3
FETCH,1762987400.298,52599,267,0.053,S3
FETCH,1762987400.327,52597,877,0.054,S3
FETCH,1762987400.327,52598,102,0.073,S3
FETCH,1762987400.348,52599,497,0.050,S3
FETCH,1762987400.372,52597,697,0.045,S3
FETCH,1762987400.373,52598,467,0.046,S3
FETCH,1762987400.381,52600,137,0.107,S3
FETCH,1762987400.392,52599,894,0.044,S3
FETCH,1762987400.425,52598,346,0.052,S3
FETCH,1762987400.442,52599,456,0.050,S3
FETCH,1762987400.445,52600,822,0.064,S3
FETCH,1762987400.459,52597,364,0.087,S3
FETCH,1762987400.477,52598,136,0.051,S3
FETCH,1762987400.491,52600,442,0.046,S3
FETCH,1762987400.498,52599,0,0.056,S3
FETCH,1762987400.507,52597,866,0.048,S3
FETCH,1762987400.565,52598,664,0.089,S3
FETCH,1762987400.614,52597,396,0.106,S3
FETCH,1762987400.652,52598,890,0.087,S3
FETCH,1762987400.652,52599,337,0.154,S3
FETCH,1762987400.734,52597,32,0.120,S3
FETCH,1762987400.798,52597,599,0.064,S3
FETCH,1762987400.801,52599,159,0.149,S3
FETCH,1762987400.815,52598,709,0.162,S3
FETCH,1762987400.840,52597,749,0.042,S3
FETCH,1762987400.849,52599,275,0.048,S3
FETCH,1762987400.883,52597,687,0.043,S3
FETCH,1762987400.886,52598,144,0.071,S3
FETCH,1762987400.902,52599,410,0.053,S3
FETCH,1762987400.935,52598,462,0.049,S3
FETCH,1762987400.938,52597,937,0.055,S3
FETCH,1762987400.972,52599,95,0.069,S3
FETCH,1762987400.974,52598,196,0.038,S3
FETCH,1762987400.988,52597,234,0.050,S3
FETCH,1762987401.031,52599,212,0.060,S3
FETCH,1762987401.044,52597,727,0.055,S3
FETCH,1762987401.045,52598,404,0.071,S3
FETCH,1762987401.082,52597,421,0.038,S3
FETCH,1762987401.104,52599,183,0.073,S3
FETCH,1762987401.124,52597,613,0.041,S3
FETCH,1762987401.189,52597,256,0.065,S3
PROCESS,1762987401.193,52591,100,236,696,829,695,806,985,463,280,283,870,244,525,612,845,205,287,278,947,891,252,556,80,422,455,700,83,420,682,992,881,989,245,379,35,880,563,366,690,608,635,249,864,384,479,986,428,344,704,119,884,631,155,913,949,786,489,802,324,88,73,2,447,431,655,96,59,19,833,285,299,476,674,619,535,724,741,316,611,433,127,398,130,588,14,997,877,697,364,866,396,32,599,749,687,937,234,727,421,613,256
FETCH,1762987401.228,52598,624,0.179,S3
FETCH,1762987401.276,52598,958,0.048,S3
FETCH,1762987401.332,52598,668,0.056,S3
FETCH,1762987401.388,52598,653,0.055,S3
FETCH,1762987401.395,52597,848,0.204,S3
FETCH,1762987401.463,52597,338,0.068,S3
FETCH,1762987401.494,52598,656,0.106,S3
FETCH,1762987401.513,52597,662,0.051,S3
FETCH,1762987401.549,52598,729,0.055,S3
FETCH,1762987401.596,52597,763,0.082,S3
FETCH,1762987401.599,52598,834,0.050,S3
FETCH,1762987401.682,52597,534,0.086,S3
FETCH,1762987401.688,52598,936,0.089,S3
FETCH,1762987401.746,52597,767,0.064,S3
FETCH,1762987401.763,52598,784,0.076,S3
FETCH,1762987401.810,52597,228,0.063,S3
FETCH,1762987401.899,52598,979,0.136,S3
FETCH,1762987401.917,52597,521,0.108,S3
FETCH,1762987401.962,52598,46,0.062,S3
FETCH,1762987401.963,52597,68,0.046,S3
PROCESS,1762987401.987,52591,100,247,523,15,468,922,506,201,71,568,26,903,356,871,912,950,104,200,63,815,770,628,646,858,517,375,641,550,559,310,935,147,82,107,89,362,157,109,202,441,217,590,235,113,293,717,175,980,486,772,565,418,616,401,98,475,85,481,920,458,427,13,484,408,488,392,715,461,261,40,872,221,960,182,70,25,782,637,931,939,358,862,27,841,172,910,436,605,367,876,102,467,346,136,664,890,709,144,462,196,404
FETCH,1762987402.009,52597,803,0.046,S3
FETCH,1762987402.028,52598,31,0.067,S3
FETCH,1762987402.080,52598,230,0.051,S3
FETCH,1762987402.104,52597,593,0.095,S3
FETCH,1762987402.129,52598,97,0.049,S3
FETCH,1762987402.172,52597,106,0.068,S3
FETCH,1762987402.172,52598,943,0.044,S3
FETCH,1762987402.219,52598,962,0.046,S3
PROCESS,1762987402.242,52591,100,642,976,652,254,915,451,513,558,957,429,359,689,686,783,4,699,902,181,683,838,762,966,977,288,260,622,417,126,591,560,34,797,331,164,297,38,101,614,901,978,274,633,735,857,836,899,184,177,43,294,406,211,744,790,718,415,572,854,850,28,897,799,974,595,959,878,60,120,37,564,237,533,224,892,270,808,178,168,209,522,765,368,630,725,231,50,964,723,267,497,894,456,0,337,159,275,410,95,212,183
FETCH,1762987402.245,52597,759,0.073,S3
FETCH,1762987402.270,52598,609,0.051,S3
FETCH,1762987402.294,52597,905,0.049,S3
FETCH,1762987402.340,52597,93,0.046,S3
FETCH,1762987402.340,52598,817,0.070,S3
FETCH,1762987402.409,52598,243,0.069,S3
FETCH,1762987402.409,52597,48,0.070,S3
FETCH,1762987402.461,52598,493,0.052,S3
FETCH,1762987402.486,52597,512,0.076,S3
PROCESS,1762987402.492,52591,100,549,587,511,94,819,863,352,755,263,18,311,45,843,325,363,253,740,389,544,57,192,20,768,716,227,726,90,742,335,519,640,805,908,399,773,598,821,286,728,330,825,257,581,75,8,671,756,886,620,425,432,846,832,78,122,304,798,627,769,412,638,677,268,625,65,385,388,115,743,29,712,11,510,526,602,44,174,973,643,251,472,928,792,779,195,859,457,42,372,328,371,10,151,648,751,528,139,137,822,442
FETCH,1762987402.536,52597,661,0.050,S3
FETCH,1762987402.549,52598,239,0.087,S3
FETCH,1762987402.588,52597,215,0.052,S3
FETCH,1762987402.596,52598,170,0.048,S3
FETCH,1762987402.643,52598,162,0.046,S3
FETCH,1762987402.678,52597,993,0.090,S3
FETCH,1762987402.704,52598,141,0.061,S3
FETCH,1762987402.742,52597,354,0.065,S3
FETCH,1762987402.767,52598,830,0.062,S3
FETCH,1762987402.807,52597,281,0.065,S3
FETCH,1762987402.836,52598,434,0.069,S3
FETCH,1762987402.856,52597,111,0.049,S3
FETCH,1762987402.891,52598,92,0.055,S3
FETCH,1762987402.989,52597,835,0.133,S3
FETCH,1762987402.992,52598,411,0.101,S3
FETCH,1762987403.047,52598,874,0.055,S3
FETCH,1762987403.047,52597,84,0.058,S3
FETCH,1762987403.104,52597,963,0.057,S3
FETCH,1762987403.106,52598,896,0.058,S3
FETCH,1762987403.170,52598,951,0.064,S3
FETCH,1762987403.170,52597,1,0.066,S3
FETCH,1762987403.222,52598,255,0.052,S3
FETCH,1762987403.227,52597,596,0.057,S3
FETCH,1762987403.274,52598,446,0.052,S3
FETCH,1762987403.293,52597,323,0.066,S3
FETCH,1762987403.339,52598,318,0.064,S3
FETCH,1762987403.407,52598,847,0.068,S3
FETCH,1762987403.411,52597,801,0.117,S3
FETCH,1762987403.466,52598,952,0.059,S3
FETCH,1762987403.471,52597,214,0.061,S3
FETCH,1762987403.518,52598,483,0.051,S3
FETCH,1762987403.528,52597,502,0.057,S3
FETCH,1762987403.616,52598,701,0.098,S3
FETCH,1762987403.647,52597,303,0.119,S3
FETCH,1762987403.667,52598,333,0.051,S3
FETCH,1762987403.699,52597,317,0.052,S3
FETCH,1762987403.748,52598,945,0.080,S3
FETCH,1762987403.752,52597,355,0.053,S3
FETCH,1762987403.814,52597,248,0.062,S3
FETCH,1762987403.814,52598,816,0.066,S3
FETCH,1762987403.874,52598,787,0.060,S3
FETCH,1762987403.902,52597,956,0.088,S3
FETCH,1762987403.933,52598,279,0.059,S3
FETCH,1762987403.973,52597,391,0.071,S3
FETCH,1762987403.985,52598,518,0.052,S3
FETCH,1762987404.035,52598,449,0.050,S3
FETCH,1762987404.036,52597,606,0.063,S3
FETCH,1762987404.090,52598,6,0.054,S3
FETCH,1762987404.099,52597,402,0.064,S3
FETCH,1762987404.156,52597,393,0.056,S3
FETCH,1762987404.162,52598,131,0.072,S3
FETCH,1762987404.201,52597,114,0.045,S3
FETCH,1762987404.222,52598,814,0.060,S3
FETCH,1762987404.249,52597,332,0.049,S3
FETCH,1762987404.298,52597,569,0.049,S3
FETCH,1762987404.318,52598,539,0.096,S3
FETCH,1762987404.379,52597,532,0.081,S3
FETCH,1762987404.386,52598,971,0.068,S3
FETCH,1762987404.441,52598,277,0.055,S3
FETCH,1762987404.455,52597,753,0.076,S3
FETCH,1762987404.504,52597,904,0.049,S3
FETCH,1762987404.543,52598,644,0.102,S3
FETCH,1762987404.581,52597,647,0.077,S3
FETCH,1762987404.587,52598,764,0.044,S3
FETCH,1762987404.635,52597,405,0.054,S3
FETCH,1762987404.666,52598,927,0.079,S3
FETCH,1762987404.696,52597,514,0.061,S3
FETCH,1762987404.714,52598,163,0.049,S3
FETCH,1762987404.756,52598,194,0.042,S3
FETCH,1762987404.770,52597,145,0.074,S3
FETCH,1762987404.816,52598,923,0.060,S3
FETCH,1762987404.828,52597,688,0.057,S3
FETCH,1762987404.927,52597,730,0.100,S3
FETCH,1762987404.928,52598,733,0.111,S3
FETCH,1762987405.012,52598,942,0.084,S3
FETCH,1762987405.030,52597,204,0.103,S3
FETCH,1762987405.062,52598,465,0.050,S3
FETCH,1762987405.096,52597,659,0.065,S3
FETCH,1762987405.149,52598,62,0.087,S3
FETCH,1762987405.150,52597,291,0.055,S3
FETCH,1762987405.199,52598,968,0.049,S3
FETCH,1762987405.208,52597,390,0.058,S3
FETCH,1762987405.248,52598,437,0.049,S3
FETCH,1762987405.282,52597,473,0.074,S3
FETCH,1762987405.339,52598,179,0.091,S3
FETCH,1762987405.343,52597,576,0.061,S3
FETCH,1762987405.399,52598,496,0.060,S3
FETCH,1762987405.444,52597,748,0.100,S3
FETCH,1762987405.460,52598,499,0.060,S3
FETCH,1762987405.510,52597,529,0.066,S3
FETCH,1762987405.510,52598,948,0.050,S3
FETCH,1762987405.574,52597,703,0.064,S3
FETCH,1762987405.584,52598,736,0.074,S3
FETCH,1762987405.633,52598,983,0.049,S3
FETCH,1762987405.676,52597,301,0.102,S3
FETCH,1762987405.684,52598,804,0.051,S3
FETCH,1762987405.736,52597,189,0.059,S3
FETCH,1762987405.749,52598,552,0.065,S3
FETCH,1762987405.802,52597,678,0.066,S3
FETCH,1762987405.818,52598,698,0.068,S3
FETCH,1762987405.850,52597,524,0.048,S3
FETCH,1762987405.900,52598,452,0.082,S3
FETCH,1762987405.955,52597,91,0.105,S3
FETCH,1762987405.955,52598,557,0.055,S3
FETCH,1762987406.006,52597,914,0.051,S3
FETCH,1762987406.019,52598,879,0.064,S3
FETCH,1762987406.072,52597,831,0.065,S3
FETCH,1762987406.125,52597,135,0.054,S3
FETCH,1762987406.156,52598,121,0.136,S3
FETCH,1762987406.188,52597,142,0.062,S3
FETCH,1762987406.244,52597,266,0.056,S3
FETCH,1762987406.261,52598,180,0.105,S3
FETCH,1762987406.297,52597,152,0.053,S3
FETCH,1762987406.311,52598,869,0.050,S3
FETCH,1762987406.345,52597,771,0.047,S3
FETCH,1762987406.362,52598,685,0.050,S3
FETCH,1762987406.416,52597,207,0.071,S3
FETCH,1762987406.416,52598,988,0.055,S3
FETCH,1762987406.463,52597,713,0.046,S3
FETCH,1762987406.499,52598,578,0.082,S3
FETCH,1762987406.524,52597,856,0.061,S3
FETCH,1762987406.553,52598,149,0.054,S3
FETCH,1762987406.582,52597,575,0.058,S3
FETCH,1762987406.604,52598,374,0.051,S3
FETCH,1762987406.653,52597,440,0.071,S3
FETCH,1762987406.681,52598,206,0.077,S3
FETCH,1762987406.726,52597,351,0.072,S3
FETCH,1762987406.728,52598,134,0.047,S3
FETCH,1762987406.777,52598,156,0.049,S3
FETCH,1762987406.798,52597,49,0.073,S3
FETCH,1762987406.858,52598,369,0.081,S3
FETCH,1762987406.859,52597,321,0.061,S3
FETCH,1762987406.915,52597,23,0.056,S3
FETCH,1762987406.927,52598,373,0.069,S3
FETCH,1762987406.974,52597,906,0.059,S3
FETCH,1762987406.988,52598,213,0.061,S3
FETCH,1762987407.043,52598,218,0.056,S3
FETCH,1762987407.044,52597,103,0.069,S3
FETCH,1762987407.102,52598,259,0.059,S3
FETCH,1762987407.103,52597,450,0.059,S3
FETCH,1762987407.155,52598,166,0.053,S3
FETCH,1762987407.156,52597,921,0.053,S3
FETCH,1762987407.207,52598,7,0.052,S3
FETCH,1762987407.210,52597,793,0.054,S3
FETCH,1762987407.265,52598,185,0.058,S3
FETCH,1762987407.286,52597,454,0.076,S3
FETCH,1762987407.328,52598,548,0.063,S3
FETCH,1762987407.359,52597,153,0.074,S3
FETCH,1762987407.404,52598,636,0.075,S3
FETCH,1762987407.422,52597,295,0.062,S3
FETCH,1762987407.464,52598,746,0.060,S3
FETCH,1762987407.495,52597,225,0.073,S3
FETCH,1762987407.524,52598,296,0.060,S3
FETCH,1762987407.582,52598,600,0.058,S3
FETCH,1762987407.605,52597,407,0.110,S3
FETCH,1762987407.629,52598,626,0.047,S3
FETCH,1762987407.757,52597,124,0.152,S3
FETCH,1762987407.829,52597,810,0.072,S3
FETCH,1762987407.879,52597,232,0.050,S3
FETCH,1762987407.970,52597,867,0.092,S3
FETCH,1762987408.016,52597,665,0.045,S3
FETCH,1762987408.090,52597,875,0.074,S3
FETCH,1762987408.140,52597,795,0.050,S3
PROCESS,1762987408.142,52591,100,848,338,662,763,534,767,228,521,68,803,593,106,759,905,93,48,512,661,215,993,354,281,111,835,84,963,1,596,323,801,214,502,303,317,355,248,956,391,606,402,393,114,332,569,532,753,904,647,405,514,145,688,730,204,659,291,390,473,576,748,529,703,301,189,678,524,91,914,831,135,142,266,152,771,207,713,856,575,440,351,49,321,23,906,103,450,921,793,454,153,295,225,407,124,810,232,867,665,875,795
PROCESS,1762987408.426,52591,100,624,958,668,653,656,729,834,936,784,979,46,31,230,97,943,962,609,817,243,493,239,170,162,141,830,434,92,411,874,896,951,255,446,318,847,952,483,701,333,945,816,787,279,518,449,6,131,814,539,971,277,644,764,927,163,194,923,733,942,465,62,968,437,179,496,499,948,736,983,804,552,698,452,557,879,121,180,869,685,988,578,149,374,206,134,156,369,373,213,218,259,166,7,185,548,636,746,296,600,626
FETCH,1762987408.683,52598,971,0.000,RAM
FETCH,1762987408.683,52597,316,0.000,RAM
FETCH,1762987408.691,52600,350,0.008,RPC
FETCH,1762987408.691,52598,773,0.008,RPC
FETCH,1762987408.691,52597,698,0.008,RPC
FETCH,1762987408.691,52599,143,0.008,RPC
FETCH,1762987408.693,52597,573,0.002,RPC
FETCH,1762987408.693,52598,58,0.003,RPC
FETCH,1762987408.693,52600,929,0.003,RPC
FETCH,1762987408.694,52598,605,0.000,RAM
FETCH,1762987408.694,52599,556,0.003,RPC
FETCH,1762987408.694,52598,872,0.000,RAM
FETCH,1762987408.694,52597,400,0.001,RPC
FETCH,1762987408.695,52597,848,0.000,RAM
FETCH,1762987408.696,52598,678,0.002,RPC
FETCH,1762987408.696,52600,222,0.003,RPC
FETCH,1762987408.697,52599,81,0.003,RPC
FETCH,1762987408.698,52597,505,0.003,RPC
FETCH,1762987408.701,52600,675,0.004,RPC
FETCH,1762987408.701,52599,376,0.004,RPC
FETCH,1762987408.701,52597,742,0.003,RPC
FETCH,1762987408.701,52598,212,0.005,RPC
FETCH,1762987408.701,52600,638,0.000,RAM
FETCH,1762987408.701,52597,364,0.000,RAM
FETCH,1762987408.703,52600,714,0.002,RPC
FETCH,1762987408.703,52600,981,0.000,RAM
FETCH,1762987408.703,52598,219,0.002,RPC
FETCH,1762987408.703,52600,459,0.000,RAM
FETCH,1762987408.703,52597,842,0.002,RPC
FETCH,1762987408.703,52598,342,0.000,RAM
FETCH,1762987408.703,52599,701,0.003,RPC
FETCH,1762987408.705,52599,340,0.002,RPC
FETCH,1762987408.706,52600,172,0.003,RPC
FETCH,1762987408.706,52597,64,0.003,RPC
FETCH,1762987408.706,52598,2,0.003,RPC
FETCH,1762987408.706,52598,935,0.000,RAM
FETCH,1762987408.708,52600,147,0.003,RPC
FETCH,1762987408.709,52598,758,0.002,RPC
FETCH,1762987408.709,52597,178,0.003,RPC
FETCH,1762987408.709,52599,973,0.004,RPC
FETCH,1762987408.710,52598,644,0.001,RAM
FETCH,1762987408.710,52598,815,0.000,RAM
FETCH,1762987408.710,52598,882,0.000,RAM
FETCH,1762987408.710,52598,462,0.000,RAM
FETCH,1762987408.710,52598,609,0.000,RAM
FETCH,1762987408.712,52600,329,0.004,RPC
FETCH,1762987408.712,52600,716,0.000,RAM
FETCH,1762987408.713,52597,286,0.004,RPC
FETCH,1762987408.713,52598,91,0.002,RPC
FETCH,1762987408.713,52599,130,0.003,RPC
FETCH,1762987408.714,52597,994,0.001,RPC
FETCH,1762987408.714,52597,431,0.000,RAM
FETCH,1762987408.714,52600,113,0.002,RPC
FETCH,1762987408.714,52598,1,0.002,RPC
FETCH,1762987408.714,52599,550,0.002,RPC
FETCH,1762987408.714,52600,629,0.000,RAM
FETCH,1762987408.716,52597,719,0.002,RPC
FETCH,1762987408.716,52598,827,0.002,RPC
FETCH,1762987408.716,52599,419,0.002,RPC
FETCH,1762987408.716,52600,857,0.002,RPC
FETCH,1762987408.718,52597,289,0.002,RPC
FETCH,1762987408.718,52597,795,0.000,RAM
FETCH,1762987408.718,52598,731,0.002,RPC
FETCH,1762987408.718,52597,844,0.000,RAM
FETCH,1762987408.718,52599,156,0.002,RPC
FETCH,1762987408.719,52600,977,0.002,RPC
FETCH,1762987408.719,52600,210,0.000,RAM
FETCH,1762987408.720,52598,416,0.002,RPC
FETCH,1762987408.720,52600,120,0.002,RPC
FETCH,1762987408.721,52599,549,0.002,RPC
FETCH,1762987408.721,52597,528,0.003,RPC
FETCH,1762987408.722,52598,802,0.002,RPC
FETCH,1762987408.723,52599,362,0.002,RPC
FETCH,1762987408.723,52598,991,0.000,RAM
FETCH,1762987408.723,52600,314,0.002,RPC
FETCH,1762987408.723,52597,539,0.002,RPC
FETCH,1762987408.724,52600,838,0.002,RPC
FETCH,1762987408.724,52597,789,0.002,RPC
FETCH,1762987408.725,52598,232,0.002,RPC
FETCH,1762987408.725,52599,162,0.002,RPC
FETCH,1762987408.725,52600,544,0.000,RAM
FETCH,1762987408.725,52598,567,0.000,RAM
FETCH,1762987408.725,52599,776,0.000,RAM
FETCH,1762987408.725,52598,812,0.000,RAM
FETCH,1762987408.725,52598,467,0.000,RAM
FETCH,1762987408.725,52598,279,0.000,RAM
FETCH,1762987408.727,52597,104,0.002,RPC
FETCH,1762987408.727,52600,423,0.002,RPC
FETCH,1762987408.727,52599,325,0.002,RPC
FETCH,1762987408.727,52598,186,0.002,RPC
FETCH,1762987408.728,52597,616,0.002,RPC
FETCH,1762987408.729,52598,602,0.002,RPC
FETCH,1762987408.729,52600,206,0.002,RPC
FETCH,1762987408.729,52598,392,0.000,RAM
FETCH,1762987408.729,52599,97,0.002,RPC
FETCH,1762987408.730,52598,254,0.001,RPC
FETCH,1762987408.730,52597,976,0.002,RPC
FETCH,1762987408.730,52600,561,0.002,RPC
FETCH,1762987408.731,52598,223,0.000,RAM
FETCH,1762987408.731,52598,441,0.000,RAM
FETCH,1762987408.731,52599,593,0.002,RPC
FETCH,1762987408.731,52599,491,0.000,RAM
FETCH,1762987408.732,52600,165,0.002,RPC
FETCH,1762987408.732,52597,874,0.002,RPC
FETCH,1762987408.732,52598,435,0.002,RPC
FETCH,1762987408.733,52599,653,0.002,RPC
FETCH,1762987408.734,52600,287,0.002,RPC
FETCH,1762987408.734,52598,282,0.001,RPC
FETCH,1762987408.734,52597,346,0.002,RPC
FETCH,1762987408.734,52598,680,0.000,RAM
FETCH,1762987408.734,52599,59,0.002,RPC
FETCH,1762987408.735,52600,918,0.002,RPC
FETCH,1762987408.736,52597,931,0.002,RPC
FETCH,1762987408.736,52598,415,0.002,RPC
FETCH,1762987408.737,52599,131,0.003,RPC
FETCH,1762987408.738,52599,824,0.001,RAM
FETCH,1762987408.738,52600,887,0.003,RPC
FETCH,1762987408.738,52599,566,0.001,RAM
FETCH,1762987408.738,52597,541,0.003,RPC
FETCH,1762987408.739,52598,323,0.002,RPC
FETCH,1762987408.739,52600,796,0.000,RAM
FETCH,1762987408.739,52597,635,0.000,RAM
FETCH,1762987408.739,52598,488,0.000,RAM
FETCH,1762987408.739,52597,204,0.000,RAM
FETCH,1762987408.741,52597,240,0.002,RAM
FETCH,1762987408.742,52599,94,0.003,RPC
FETCH,1762987408.742,52597,877,0.000,RAM
FETCH,1762987408.742,52598,433,0.003,RPC
FETCH,1762987408.743,52600,72,0.004,RPC
FETCH,1762987408.747,52599,954,0.005,RPC
FETCH,1762987408.749,52600,15,0.006,RPC
FETCH,1762987408.749,52599,160,0.002,RPC
FETCH,1762987408.749,52598,343,0.007,RPC
FETCH,1762987408.749,52598,259,0.000,RAM
FETCH,1762987408.750,52597,735,0.008,RPC
FETCH,1762987408.750,52597,875,0.000,RAM
FETCH,1762987408.750,52600,970,0.002,RPC
FETCH,1762987408.751,52599,258,0.002,RPC
FETCH,1762987408.751,52598,471,0.002,RPC
FETCH,1762987408.752,52597,820,0.002,RPC
FETCH,1762987408.752,52600,427,0.002,RPC
FETCH,1762987408.752,52600,425,0.000,RAM
FETCH,1762987408.752,52599,990,0.002,RPC
FETCH,1762987408.753,52598,331,0.002,RPC
FETCH,1762987408.754,52597,516,0.002,RPC
FETCH,1762987408.754,52600,71,0.002,RPC
FETCH,1762987408.754,52599,152,0.002,RPC
FETCH,1762987408.755,52598,355,0.001,RPC
FETCH,1762987408.755,52599,315,0.001,RPC
FETCH,1762987408.755,52597,553,0.001,RPC
FETCH,1762987408.755,52599,836,0.000,RAM
FETCH,1762987408.756,52600,855,0.002,RPC
FETCH,1762987408.756,52598,29,0.001,RPC
FETCH,1762987408.757,52597,161,0.001,RPC
FETCH,1762987408.757,52599,457,0.001,RPC
FETCH,1762987408.757,52598,44,0.001,RPC
FETCH,1762987408.757,52600,0,0.002,RPC
FETCH,1762987408.758,52597,859,0.001,RPC
FETCH,1762987408.758,52597,676,0.000,RAM
FETCH,1762987408.759,52598,902,0.001,RPC
FETCH,1762987408.759,52599,831,0.002,RPC
FETCH,1762987408.759,52600,230,0.001,RPC
FETCH,1762987408.759,52600,345,0.000,RAM
FETCH,1762987408.760,52597,996,0.002,RPC
FETCH,1762987408.760,52598,339,0.002,RPC
FETCH,1762987408.760,52599,114,0.002,RPC
FETCH,1762987408.761,52599,276,0.000,RAM
FETCH,1762987408.761,52600,465,0.002,RPC
FETCH,1762987408.762,52598,725,0.001,RPC
FETCH,1762987408.762,52598,437,0.000,RAM
FETCH,1762987408.762,52597,176,0.002,RPC
FETCH,1762987408.762,52597,73,0.000,RAM
FETCH,1762987408.763,52600,300,0.002,RPC
FETCH,1762987408.763,52599,74,0.002,RPC
FETCH,1762987408.763,52599,657,0.000,RAM
FETCH,1762987408.763,52599,181,0.000,RAM
FETCH,1762987408.764,52598,38,0.002,RPC
FETCH,1762987408.764,52597,269,0.002,RPC
FETCH,1762987408.764,52597,571,0.000,RAM
FETCH,1762987408.764,52600,557,0.002,RPC
FETCH,1762987408.764,52599,510,0.001,RPC
FETCH,1762987408.765,52599,95,0.000,RAM
FETCH,1762987408.765,52598,597,0.001,RPC
FETCH,1762987408.766,52597,686,0.001,RPC
FETCH,1762987408.766,52600,68,0.001,RPC
FETCH,1762987408.766,52597,110,0.000,RAM
FETCH,1762987408.766,52599,568,0.002,RPC
FETCH,1762987408.767,52598,721,0.002,RPC
FETCH,1762987408.767,52600,944,0.001,RPC
FETCH,1762987408.767,52597,166,0.001,RPC
FETCH,1762987408.769,52600,306,0.002,RPC
FETCH,1762987408.769,52599,666,0.002,RPC
FETCH,1762987408.769,52598,558,0.002,RPC
FETCH,1762987408.769,52597,164,0.002,RPC
FETCH,1762987408.769,52598,102,0.000,RAM
FETCH,1762987408.769,52597,665,0.000,RAM
FETCH,1762987408.769,52598,746,0.000,RAM
FETCH,1762987408.769,52597,244,0.000,RAM
FETCH,1762987408.770,52599,623,0.001,RPC
FETCH,1762987408.771,52600,109,0.002,RPC
FETCH,1762987408.771,52597,200,0.001,RPC
FETCH,1762987408.771,52598,66,0.001,RPC
FETCH,1762987408.771,52598,41,0.000,RAM
FETCH,1762987408.771,52597,35,0.000,RAM
FETCH,1762987408.771,52599,396,0.001,RPC
FETCH,1762987408.772,52600,262,0.001,RPC
FETCH,1762987408.773,52597,158,0.001,RPC
FETCH,1762987408.773,52598,828,0.002,RPC
FETCH,1762987408.773,52599,913,0.002,RPC
FETCH,1762987408.773,52600,978,0.001,RPC
FETCH,1762987408.773,52600,756,0.000,RAM
FETCH,1762987408.774,52597,326,0.001,RPC
FETCH,1762987408.774,52598,870,0.001,RPC
FETCH,1762987408.774,52600,995,0.001,RPC
FETCH,1762987408.775,52599,141,0.002,RPC
FETCH,1762987408.776,52597,217,0.001,RPC
FETCH,1762987408.776,52598,771,0.002,RPC
FETCH,1762987408.776,52600,715,0.002,RPC
FETCH,1762987408.777,52599,98,0.002,RPC
FETCH,1762987408.777,52597,684,0.001,RPC
FETCH,1762987408.777,52597,753,0.000,RAM
FETCH,1762987408.777,52597,463,0.000,RAM
FETCH,1762987408.778,52598,965,0.002,RPC
FETCH,1762987408.778,52600,570,0.002,RPC
FETCH,1762987408.778,52599,418,0.001,RPC
FETCH,1762987408.779,52597,461,0.002,RPC
FETCH,1762987408.779,52598,43,0.001,RPC
FETCH,1762987408.779,52598,890,0.000,RAM
FETCH,1762987408.780,52600,803,0.001,RPC
FETCH,1762987408.780,52599,379,0.002,RPC
FETCH,1762987408.781,52599,888,0.001,RPC
FETCH,1762987408.781,52597,768,0.002,RPC
FETCH,1762987408.781,52600,203,0.002,RPC
FETCH,1762987408.781,52598,851,0.002,RPC
FETCH,1762987408.781,52597,502,0.000,RAM
FETCH,1762987408.782,52598,26,0.001,RAM
FETCH,1762987408.782,52599,48,0.001,RPC
FETCH,1762987408.782,52600,958,0.001,RPC
FETCH,1762987408.783,52597,894,0.001,RPC
FETCH,1762987408.783,52598,495,0.002,RPC
FETCH,1762987408.783,52599,214,0.001,RPC
FETCH,1762987408.784,52600,543,0.001,RPC
FETCH,1762987408.784,52600,328,0.000,RAM
FETCH,1762987408.784,52597,923,0.001,RPC
FETCH,1762987408.784,52597,856,0.000,RAM
FETCH,1762987408.785,52598,238,0.002,RPC
FETCH,1762987408.785,52598,590,0.000,RAM
FETCH,1762987408.785,52599,149,0.002,RPC
FETCH,1762987408.785,52600,348,0.002,RPC
FETCH,1762987408.787,52597,614,0.002,RPC
FETCH,1762987408.787,52597,248,0.000,RAM
FETCH,1762987408.787,52598,135,0.002,RPC
FETCH,1762987408.787,52599,687,0.002,RPC
FETCH,1762987408.787,52600,534,0.002,RPC
FETCH,1762987408.789,52598,808,0.002,RPC
FETCH,1762987408.789,52597,17,0.002,RPC
FETCH,1762987408.789,52600,190,0.002,RPC
FETCH,1762987408.789,52599,865,0.002,RPC
FETCH,1762987408.791,52597,298,0.002,RPC
FETCH,1762987408.791,52598,253,0.002,RPC
FETCH,1762987408.791,52600,917,0.002,RPC
FETCH,1762987408.791,52599,631,0.002,RPC
FETCH,1762987408.791,52598,401,0.000,RAM
FETCH,1762987408.792,52597,412,0.001,RPC
FETCH,1762987408.793,52600,61,0.002,RPC
FETCH,1762987408.793,52598,779,0.002,RPC
FETCH,1762987408.793,52598,365,0.000,RAM
FETCH,1762987408.793,52599,785,0.003,RPC
FETCH,1762987408.793,52598,7,0.000,RAM
FETCH,1762987408.793,52597,497,0.001,RPC
FETCH,1762987408.795,52597,664,0.001,RPC
FETCH,1762987408.795,52599,472,0.002,RPC
FETCH,1762987408.795,52600,429,0.002,RPC
FETCH,1762987408.795,52598,672,0.002,RPC
FETCH,1762987408.796,52597,943,0.001,RPC
FETCH,1762987408.796,52600,760,0.001,RPC
FETCH,1762987408.797,52597,409,0.000,RAM
FETCH,1762987408.797,52600,226,0.000,RAM
FETCH,1762987408.797,52597,634,0.000,RAM
FETCH,1762987408.797,52599,92,0.002,RPC
FETCH,1762987408.797,52598,849,0.002,RPC
FETCH,1762987408.798,52600,447,0.001,RPC
FETCH,1762987408.798,52597,560,0.001,RPC
FETCH,1762987408.798,52599,861,0.001,RPC
FETCH,1762987408.801,52598,37,0.004,RPC
FETCH,1762987408.801,52600,153,0.003,RPC
FETCH,1762987408.801,52599,407,0.003,RPC
FETCH,1762987408.801,52597,319,0.003,RPC
FETCH,1762987408.801,52599,854,0.000,RAM
FETCH,1762987408.801,52599,288,0.000,RAM
FETCH,1762987408.803,52600,883,0.001,RPC
FETCH,1762987408.803,52597,668,0.001,RPC
FETCH,1762987408.803,52600,75,0.000,RAM
FETCH,1762987408.803,52598,363,0.002,RPC
FETCH,1762987408.803,52599,358,0.002,RPC
FETCH,1762987408.804,52598,371,0.002,RPC
FETCH,1762987408.805,52597,862,0.002,RPC
FETCH,1762987408.805,52600,903,0.002,RPC
FETCH,1762987408.805,52599,938,0.002,RPC
FETCH,1762987408.805,52597,215,0.000,RAM
FETCH,1762987408.805,52597,542,0.000,RAM
FETCH,1762987408.806,52598,718,0.002,RPC
FETCH,1762987408.806,52597,46,0.001,RPC
FETCH,1762987408.806,52600,209,0.002,RPC
FETCH,1762987408.807,52600,169,0.000,RAM
FETCH,1762987408.807,52599,881,0.002,RPC
FETCH,1762987408.808,52598,833,0.001,RPC
FETCH,1762987408.808,52599,69,0.001,RPC
FETCH,1762987408.808,52600,338,0.002,RPC
FETCH,1762987408.808,52597,869,0.002,RPC
FETCH,1762987408.810,52598,426,0.002,RPC
FETCH,1762987408.810,52599,245,0.002,RPC
FETCH,1762987408.810,52597,13,0.002,RPC
FETCH,1762987408.810,52600,790,0.002,RPC
FETCH,1762987408.810,52597,661,0.000,RAM
FETCH,1762987408.811,52599,27,0.001,RPC
FETCH,1762987408.811,52599,168,0.000,RAM
FETCH,1762987408.812,52598,14,0.002,RPC
FETCH,1762987408.812,52600,446,0.002,RPC
FETCH,1762987408.812,52597,871,0.002,RPC
FETCH,1762987408.813,52599,554,0.001,RPC
FETCH,1762987408.814,52598,703,0.002,RPC
FETCH,1762987408.814,52600,351,0.001,RPC
FETCH,1762987408.814,52598,449,0.000,RAM
FETCH,1762987408.814,52599,847,0.001,RPC
FETCH,1762987408.814,52597,551,0.002,RPC
FETCH,1762987408.815,52597,249,0.000,RAM
FETCH,1762987408.815,52597,801,0.000,RAM
FETCH,1762987408.815,52598,304,0.002,RPC
FETCH,1762987408.815,52600,763,0.002,RPC
FETCH,1762987408.816,52599,499,0.002,RPC
FETCH,1762987408.816,52597,3,0.001,RPC
FETCH,1762987408.818,52600,916,0.002,RPC
FETCH,1762987408.818,52599,893,0.002,RPC
FETCH,1762987408.818,52600,51,0.000,RAM
FETCH,1762987408.818,52597,620,0.002,RPC
FETCH,1762987408.818,52598,961,0.003,RPC
FETCH,1762987408.818,52598,552,0.000,RAM
FETCH,1762987408.819,52600,922,0.002,RPC
FETCH,1762987408.820,52600,648,0.000,RAM
FETCH,1762987408.820,52599,103,0.002,RPC
FETCH,1762987408.820,52597,564,0.002,RPC
FETCH,1762987408.820,52597,986,0.000,RAM
FETCH,1762987408.820,52598,228,0.002,RPC
FETCH,1762987408.820,52598,670,0.000,RAM
FETCH,1762987408.821,52600,772,0.001,RPC
FETCH,1762987408.822,52599,798,0.002,RPC
FETCH,1762987408.822,52599,707,0.000,RAM
FETCH,1762987408.822,52597,208,0.002,RPC
FETCH,1762987408.822,52599,370,0.000,RAM
FETCH,1762987408.822,52598,897,0.002,RPC
FETCH,1762987408.822,52597,322,0.000,RAM
FETCH,1762987408.822,52600,782,0.001,RPC
FETCH,1762987408.824,52598,443,0.002,RPC
FETCH,1762987408.824,52600,205,0.001,RPC
FETCH,1762987408.824,52599,188,0.002,RPC
FETCH,1762987408.824,52597,39,0.002,RPC
FETCH,1762987408.824,52599,533,0.000,RAM
FETCH,1762987408.826,52600,569,0.002,RPC
FETCH,1762987408.826,52598,583,0.003,RPC
FETCH,1762987408.826,52599,781,0.002,RPC
FETCH,1762987408.826,52597,778,0.002,RPC
FETCH,1762987408.828,52597,702,0.001,RPC
FETCH,1762987408.828,52599,589,0.002,RPC
FETCH,1762987408.828,52600,414,0.002,RPC
FETCH,1762987408.828,52600,381,0.000,RAM
FETCH,1762987408.828,52598,966,0.002,RPC
FETCH,1762987408.829,52597,509,0.001,RPC
FETCH,1762987408.829,52599,837,0.001,RPC
FETCH,1762987408.830,52598,941,0.001,RPC
FETCH,1762987408.830,52600,450,0.002,RPC
FETCH,1762987408.830,52599,942,0.001,RPC
FETCH,1762987408.830,52597,10,0.001,RPC
FETCH,1762987408.832,52600,30,0.002,RPC
PROCESS,1762987408.832,52591,100,316,698,573,400,848,505,742,364,842,64,178,286,994,431,719,289,795,844,528,539,789,104,616,976,874,346,931,541,635,204,240,877,735,875,820,516,553,161,859,676,996,176,73,269,571,686,110,166,164,665,244,200,35,158,326,217,684,753,463,461,768,502,894,923,856,614,248,17,298,412,497,664,943,409,634,560,319,668,862,215,542,46,869,13,661,871,551,249,801,3,620,564,986,208,322,39,778,702,509,10
FETCH,1762987408.833,52598,655,0.002,RPC
FETCH,1762987408.833,52599,119,0.002,RPC
FETCH,1762987408.833,52598,693,0.000,RAM
FETCH,1762987408.833,52597,738,0.002,RPC
FETCH,1762987408.833,52600,224,0.002,RPC
FETCH,1762987408.834,52598,301,0.002,RPC
FETCH,1762987408.835,52597,53,0.002,RPC
FETCH,1762987408.835,52599,884,0.002,RPC
FETCH,1762987408.835,52600,937,0.002,RPC
FETCH,1762987408.835,52599,417,0.000,RAM
FETCH,1762987408.837,52598,840,0.002,RPC
FETCH,1762987408.837,52598,736,0.000,RAM
FETCH,1762987408.837,52597,734,0.002,RPC
FETCH,1762987408.838,52600,468,0.002,RPC
FETCH,1762987408.838,52599,559,0.002,RPC
FETCH,1762987408.838,52599,915,0.000,RAM
FETCH,1762987408.839,52598,93,0.001,RPC
FETCH,1762987408.839,52597,20,0.001,RPC
FETCH,1762987408.839,52600,998,0.002,RPC
FETCH,1762987408.840,52599,632,0.002,RPC
FETCH,1762987408.840,52599,359,0.000,RAM
FETCH,1762987408.840,52598,317,0.001,RPC
FETCH,1762987408.840,52598,538,0.000,RAM
FETCH,1762987408.840,52598,108,0.000,RAM
FETCH,1762987408.841,52597,712,0.002,RPC
FETCH,1762987408.841,52597,688,0.000,RAM
FETCH,1762987408.841,52600,591,0.002,RPC
FETCH,1762987408.842,52599,302,0.002,RPC
FETCH,1762987408.842,52598,36,0.002,RPC
FETCH,1762987408.843,52598,82,0.000,RAM
FETCH,1762987408.843,52598,578,0.000,RAM
FETCH,1762987408.843,52597,25,0.002,RPC
FETCH,1762987408.843,52600,213,0.002,RPC
FETCH,1762987408.843,52599,949,0.002,RPC
FETCH,1762987408.844,52597,123,0.001,RPC
FETCH,1762987408.844,52598,45,0.001,RPC
FETCH,1762987408.845,52600,699,0.002,RPC
FETCH,1762987408.845,52599,791,0.002,RPC
FETCH,1762987408.846,52597,603,0.002,RPC
FETCH,1762987408.846,52598,905,0.002,RPC
FETCH,1762987408.846,52600,807,0.001,RPC
FETCH,1762987408.846,52599,440,0.001,RPC
FETCH,1762987408.848,52598,987,0.002,RPC
FETCH,1762987408.848,52597,637,0.002,RPC
FETCH,1762987408.848,52600,839,0.002,RPC
FETCH,1762987408.848,52599,574,0.001,RPC
FETCH,1762987408.849,52598,272,0.002,RPC
FETCH,1762987408.849,52597,139,0.001,RPC
FETCH,1762987408.849,52598,31,0.000,RAM
FETCH,1762987408.850,52599,627,0.002,RPC
FETCH,1762987408.850,52600,601,0.002,RPC
FETCH,1762987408.851,52598,177,0.001,RPC
FETCH,1762987408.851,52597,242,0.002,RPC
FETCH,1762987408.851,52598,292,0.000,RAM
FETCH,1762987408.851,52597,155,0.000,RAM
FETCH,1762987408.853,52597,677,0.002,RPC
FETCH,1762987408.853,52598,380,0.002,RPC
FETCH,1762987408.853,52600,816,0.003,RPC
FETCH,1762987408.853,52599,809,0.003,RPC
FETCH,1762987408.854,52597,968,0.002,RPC
FETCH,1762987408.855,52598,546,0.001,RPC
FETCH,1762987408.855,52599,383,0.002,RPC
FETCH,1762987408.856,52600,920,0.002,RPC
FETCH,1762987408.856,52597,526,0.001,RPC
FETCH,1762987408.856,52599,67,0.000,RAM
FETCH,1762987408.856,52598,947,0.002,RPC
FETCH,1762987408.858,52599,118,0.001,RPC
FETCH,1762987408.858,52598,919,0.002,RPC
FETCH,1762987408.858,52600,487,0.002,RPC
FETCH,1762987408.859,52597,927,0.003,RPC
FETCH,1762987408.859,52599,19,0.001,RPC
FETCH,1762987408.859,52600,196,0.001,RPC
FETCH,1762987408.860,52598,975,0.002,RPC
FETCH,1762987408.861,52597,879,0.002,RPC
FETCH,1762987408.861,52599,201,0.001,RPC
FETCH,1762987408.861,52600,695,0.001,RPC
FETCH,1762987408.861,52597,845,0.000,RAM
FETCH,1762987408.862,52598,324,0.001,RPC
FETCH,1762987408.862,52598,70,0.000,RAM
FETCH,1762987408.862,52598,656,0.000,RAM
FETCH,1762987408.862,52599,934,0.001,RPC
FETCH,1762987408.863,52600,767,0.002,RPC
FETCH,1762987408.863,52597,511,0.002,RPC
FETCH,1762987408.863,52598,671,0.001,RPC
FETCH,1762987408.863,52598,945,0.000,RAM
FETCH,1762987408.864,52599,6,0.002,RPC
FETCH,1762987408.864,52598,194,0.000,RAM
FETCH,1762987408.864,52598,404,0.000,RAM
FETCH,1762987408.864,52597,330,0.001,RPC
FETCH,1762987408.864,52600,710,0.001,RPC
FETCH,1762987408.864,52600,122,0.000,RAM
FETCH,1762987408.864,52600,805,0.000,RAM
FETCH,1762987408.865,52600,581,0.000,RAM
FETCH,1762987408.866,52600,752,0.001,RPC
FETCH,1762987408.866,52599,299,0.002,RPC
FETCH,1762987408.866,52597,650,0.002,RPC
FETCH,1762987408.866,52598,964,0.002,RPC
FETCH,1762987408.866,52598,685,0.000,RAM
FETCH,1762987408.868,52597,460,0.002,RPC
FETCH,1762987408.868,52599,880,0.002,RPC
FETCH,1762987408.868,52600,422,0.002,RPC
FETCH,1762987408.869,52598,207,0.002,RPC
FETCH,1762987408.869,52598,506,0.000,RAM
FETCH,1762987408.870,52599,694,0.001,RPC
FETCH,1762987408.870,52597,740,0.002,RPC
FETCH,1762987408.870,52600,321,0.002,RPC
FETCH,1762987408.871,52598,83,0.002,RPC
FETCH,1762987408.871,52598,202,0.000,RAM
FETCH,1762987408.872,52599,518,0.002,RPC
FETCH,1762987408.872,52600,312,0.001,RPC
FETCH,1762987408.872,52597,284,0.002,RPC
FETCH,1762987408.873,52598,907,0.001,RPC
FETCH,1762987408.873,52598,134,0.000,RAM
FETCH,1762987408.873,52599,926,0.001,RPC
FETCH,1762987408.874,52597,936,0.002,RPC
FETCH,1762987408.874,52600,594,0.002,RPC
FETCH,1762987408.874,52597,307,0.000,RAM
FETCH,1762987408.874,52598,652,0.002,RPC
FETCH,1762987408.875,52599,621,0.002,RPC
FETCH,1762987408.875,52599,353,0.000,RAM
FETCH,1762987408.876,52597,823,0.002,RPC
FETCH,1762987408.876,52600,85,0.002,RPC
FETCH,1762987408.876,52597,145,0.000,RAM
FETCH,1762987408.876,52598,625,0.002,RPC
FETCH,1762987408.876,52599,252,0.001,RPC
FETCH,1762987408.877,52598,651,0.000,RAM
FETCH,1762987408.877,52598,817,0.000,RAM
FETCH,1762987408.877,52600,588,0.001,RPC
FETCH,1762987408.878,52597,99,0.002,RPC
FETCH,1762987408.878,52599,963,0.002,RPC
FETCH,1762987408.878,52598,271,0.002,RPC
FETCH,1762987408.879,52600,458,0.001,RPC
FETCH,1762987408.879,52600,788,0.000,RAM
FETCH,1762987408.879,52599,128,0.001,RPC
FETCH,1762987408.879,52597,572,0.001,RPC
FETCH,1762987408.880,52598,303,0.001,RPC
FETCH,1762987408.880,52598,367,0.000,RAM
FETCH,1762987408.880,52598,16,0.000,RAM
FETCH,1762987408.881,52600,274,0.002,RPC
FETCH,1762987408.881,52600,967,0.000,RAM
FETCH,1762987408.881,52599,520,0.002,RPC
FETCH,1762987408.881,52597,57,0.002,RPC
FETCH,1762987408.882,52598,575,0.001,RPC
FETCH,1762987408.883,52600,430,0.002,RPC
FETCH,1762987408.883,52599,691,0.001,RPC
FETCH,1762987408.883,52600,775,0.000,RAM
FETCH,1762987408.883,52599,294,0.000,RAM
FETCH,1762987408.883,52597,743,0.002,RPC
FETCH,1762987408.883,52599,397,0.000,RAM
FETCH,1762987408.883,52598,391,0.001,RPC
FETCH,1762987408.883,52597,512,0.000,RAM
FETCH,1762987408.885,52598,28,0.002,RPC
FETCH,1762987408.885,52599,485,0.002,RPC
FETCH,1762987408.885,52598,811,0.000,RAM
FETCH,1762987408.885,52597,137,0.002,RPC
FETCH,1762987408.885,52600,87,0.002,RPC
FETCH,1762987408.886,52600,55,0.001,RPC
FETCH,1762987408.887,52598,521,0.002,RPC
FETCH,1762987408.887,52599,800,0.002,RPC
FETCH,1762987408.887,52597,636,0.002,RPC
FETCH,1762987408.887,52598,360,0.000,RAM
FETCH,1762987408.889,52600,221,0.003,RPC
FETCH,1762987408.890,52599,390,0.003,RPC
FETCH,1762987408.890,52598,843,0.003,RPC
FETCH,1762987408.891,52597,600,0.004,RPC
FETCH,1762987408.904,52598,513,0.014,RPC
FETCH,1762987408.904,52597,886,0.013,RPC
FETCH,1762987408.904,52599,142,0.014,RPC
FETCH,1762987408.905,52600,464,0.015,RPC
FETCH,1762987408.905,52599,183,0.000,RAM
FETCH,1762987408.905,52600,515,0.000,RAM
FETCH,1762987408.906,52598,793,0.002,RPC
FETCH,1762987408.906,52598,980,0.000,RAM
FETCH,1762987408.906,52597,154,0.002,RPC
FETCH,1762987408.906,52600,595,0.002,RPC
FETCH,1762987408.906,52599,136,0.002,RPC
FETCH,1762987408.908,52598,480,0.002,RPC
FETCH,1762987408.908,52597,908,0.002,RPC
FETCH,1762987408.908,52597,125,0.000,RAM
FETCH,1762987408.909,52599,398,0.002,RPC
FETCH,1762987408.909,52600,669,0.003,RPC
FETCH,1762987408.910,52598,482,0.002,RPC
FETCH,1762987408.910,52597,192,0.002,RPC
FETCH,1762987408.911,52600,979,0.001,RPC
FETCH,1762987408.911,52599,580,0.002,RPC
FETCH,1762987408.911,52598,184,0.002,RPC
FETCH,1762987408.912,52597,293,0.002,RPC
FETCH,1762987408.912,52599,236,0.001,RPC
FETCH,1762987408.913,52600,54,0.002,RPC
FETCH,1762987408.913,52598,389,0.001,RPC
FETCH,1762987408.913,52597,267,0.001,RPC
FETCH,1762987408.914,52597,489,0.000,RAM
FETCH,1762987408.914,52599,33,0.002,RPC
FETCH,1762987408.915,52600,126,0.002,RPC
FETCH,1762987408.915,52598,65,0.002,RPC
FETCH,1762987408.915,52598,218,0.000,RAM
FETCH,1762987408.915,52597,794,0.002,RPC
FETCH,1762987408.915,52598,361,0.000,RAM
FETCH,1762987408.916,52600,337,0.001,RPC
FETCH,1762987408.916,52599,608,0.002,RPC
FETCH,1762987408.916,52600,5,0.000,RAM
FETCH,1762987408.917,52598,592,0.001,RPC
FETCH,1762987408.917,52597,663,0.002,RPC
FETCH,1762987408.917,52598,277,0.000,RAM
FETCH,1762987408.917,52598,373,0.000,RAM
FETCH,1762987408.917,52598,548,0.000,RAM
FETCH,1762987408.918,52599,500,0.001,RPC
FETCH,1762987408.918,52600,759,0.002,RPC
FETCH,1762987408.919,52598,101,0.001,RPC
FETCH,1762987408.919,52597,241,0.002,RPC
FETCH,1762987408.919,52599,76,0.002,RPC
FETCH,1762987408.920,52599,386,0.000,RAM
FETCH,1762987408.920,52600,959,0.002,RPC
FETCH,1762987408.920,52597,910,0.001,RPC
FETCH,1762987408.921,52598,604,0.002,RPC
FETCH,1762987408.921,52600,199,0.002,RPC
FETCH,1762987408.922,52599,121,0.002,RPC
FETCH,1762987408.922,52597,645,0.002,RPC
FETCH,1762987408.923,52600,739,0.001,RPC
FETCH,1762987408.923,52599,876,0.001,RPC
FETCH,1762987408.923,52598,724,0.002,RPC
FETCH,1762987408.924,52600,697,0.001,RPC
FETCH,1762987408.924,52597,333,0.002,RPC
FETCH,1762987408.924,52600,769,0.000,RAM
FETCH,1762987408.925,52598,956,0.002,RPC
FETCH,1762987408.925,52599,562,0.002,RPC
FETCH,1762987408.926,52600,647,0.001,RPC
FETCH,1762987408.926,52597,24,0.002,RPC
FETCH,1762987408.926,52599,948,0.001,RPC
FETCH,1762987408.926,52598,682,0.001,RPC
FETCH,1762987408.927,52600,536,0.002,RPC
FETCH,1762987408.927,52599,950,0.001,RPC
FETCH,1762987408.928,52598,283,0.001,RPC
FETCH,1762987408.928,52598,983,0.000,RAM
FETCH,1762987408.928,52598,503,0.000,RAM
FETCH,1762987408.928,52597,227,0.002,RPC
FETCH,1762987408.929,52599,525,0.001,RPC
FETCH,1762987408.929,52599,892,0.000,RAM
FETCH,1762987408.929,52600,470,0.002,RPC
FETCH,1762987408.930,52597,761,0.002,RPC
FETCH,1762987408.930,52598,955,0.002,RPC
FETCH,1762987408.931,52599,523,0.002,RPC
FETCH,1762987408.931,52600,930,0.002,RPC
FETCH,1762987408.932,52598,336,0.002,RPC
FETCH,1762987408.932,52597,530,0.002,RPC
FETCH,1762987408.932,52597,111,0.000,RAM
FETCH,1762987408.932,52597,700,0.000,RAM
FETCH,1762987408.932,52600,906,0.001,RPC
FETCH,1762987408.933,52599,754,0.002,RPC
FETCH,1762987408.934,52599,189,0.001,RPC
FETCH,1762987408.934,52598,726,0.002,RPC
FETCH,1762987408.934,52599,159,0.000,RAM
FETCH,1762987408.934,52597,679,0.002,RPC
FETCH,1762987408.934,52600,434,0.002,RPC
FETCH,1762987408.936,52599,344,0.001,RPC
FETCH,1762987408.936,52599,762,0.000,RAM
FETCH,1762987408.936,52598,456,0.002,RPC
FETCH,1762987408.936,52597,261,0.002,RPC
FETCH,1762987408.936,52600,939,0.002,RPC
FETCH,1762987408.938,52599,737,0.002,RPC
FETCH,1762987408.938,52598,537,0.002,RPC
FETCH,1762987408.938,52597,12,0.001,RPC
FETCH,1762987408.938,52600,138,0.001,RPC
FETCH,1762987408.939,52600,628,0.001,RPC
FETCH,1762987408.940,52599,127,0.002,RPC
FETCH,1762987408.940,52597,406,0.002,RPC
FETCH,1762987408.940,52598,940,0.002,RPC
FETCH,1762987408.940,52598,413,0.000,RAM
FETCH,1762987408.940,52598,477,0.000,RAM
FETCH,1762987408.942,52599,757,0.002,RPC
FETCH,1762987408.942,52600,234,0.002,RPC
FETCH,1762987408.942,52597,432,0.002,RPC
FETCH,1762987408.942,52599,150,0.000,RAM
FETCH,1762987408.942,52598,268,0.002,RPC
FETCH,1762987408.942,52598,163,0.000,RAM
FETCH,1762987408.944,52600,576,0.002,RPC
FETCH,1762987408.944,52597,498,0.002,RPC
FETCH,1762987408.944,52599,420,0.002,RPC
FETCH,1762987408.944,52598,106,0.002,RPC
FETCH,1762987408.946,52600,402,0.002,RPC
FETCH,1762987408.946,52599,766,0.002,RPC
FETCH,1762987408.946,52597,765,0.002,RPC
FETCH,1762987408.946,52598,524,0.002,RPC
FETCH,1762987408.948,52600,706,0.002,RPC
FETCH,1762987408.948,52600,639,0.000,RAM
FETCH,1762987408.948,52597,132,0.002,RPC
FETCH,1762987408.948,52599,786,0.002,RPC
FETCH,1762987408.948,52598,829,0.002,RPC
FETCH,1762987408.948,52597,584,0.000,RAM
FETCH,1762987408.948,52598,484,0.000,RAM
FETCH,1762987408.950,52597,728,0.002,RPC
FETCH,1762987408.950,52599,421,0.002,RPC
FETCH,1762987408.950,52600,231,0.002,RPC
FETCH,1762987408.950,52598,777,0.002,RPC
FETCH,1762987408.950,52598,646,0.000,RAM
FETCH,1762987408.951,52599,997,0.001,RPC
FETCH,1762987408.951,52597,18,0.002,RPC
FETCH,1762987408.952,52600,933,0.002,RPC
FETCH,1762987408.952,52598,403,0.001,RPC
FETCH,1762987408.953,52599,352,0.002,RPC
FETCH,1762987408.953,52598,257,0.002,RPC
FETCH,1762987408.954,52597,151,0.002,RPC
FETCH,1762987408.954,52600,88,0.002,RPC
FETCH,1762987408.954,52599,313,0.001,RPC
FETCH,1762987408.955,52600,582,0.001,RPC
FETCH,1762987408.955,52598,642,0.002,RPC
FETCH,1762987408.955,52597,411,0.002,RPC
FETCH,1762987408.955,52597,989,0.000,RAM
FETCH,1762987408.956,52599,105,0.001,RPC
FETCH,1762987408.956,52600,924,0.002,RPC
FETCH,1762987408.957,52598,825,0.002,RPC
FETCH,1762987408.957,52597,709,0.001,RPC
FETCH,1762987408.958,52600,622,0.001,RPC
FETCH,1762987408.958,52599,818,0.002,RPC
FETCH,1762987408.958,52598,216,0.002,RPC
FETCH,1762987408.959,52597,296,0.002,RPC
FETCH,1762987408.959,52597,56,0.000,RAM
FETCH,1762987408.959,52600,273,0.001,RPC
FETCH,1762987408.959,52599,900,0.001,RPC
FETCH,1762987408.960,52598,23,0.001,RPC
FETCH,1762987408.961,52597,116,0.002,RPC
FETCH,1762987408.961,52600,696,0.001,RPC
FETCH,1762987408.961,52599,490,0.002,RPC
FETCH,1762987408.961,52598,454,0.002,RPC
FETCH,1762987408.962,52600,529,0.001,RPC
FETCH,1762987408.962,52597,107,0.001,RPC
FETCH,1762987408.962,52597,713,0.000,RAM
FETCH,1762987408.962,52597,732,0.000,RAM
FETCH,1762987408.962,52597,453,0.000,RAM
FETCH,1762987408.962,52599,717,0.001,RPC
FETCH,1762987408.963,52597,617,0.000,RAM
FETCH,1762987408.963,52598,78,0.002,RPC
FETCH,1762987408.963,52597,606,0.000,RAM
FETCH,1762987408.963,52600,921,0.001,RPC
FETCH,1762987408.963,52597,615,0.000,RAM
FETCH,1762987408.964,52599,599,0.001,RPC
FETCH,1762987408.965,52600,626,0.002,RPC
FETCH,1762987408.965,52599,32,0.001,RPC
FETCH,1762987408.965,52597,507,0.002,RPC
FETCH,1762987408.966,52600,211,0.001,RPC
FETCH,1762987408.967,52599,356,0.001,RPC
FETCH,1762987408.967,52597,860,0.001,RPC
FETCH,1762987408.968,52600,952,0.001,RPC
FETCH,1762987408.968,52599,563,0.001,RPC
FETCH,1762987408.968,52597,86,0.001,RPC
FETCH,1762987408.969,52600,494,0.002,RPC
FETCH,1762987408.969,52599,733,0.001,RPC
FETCH,1762987408.970,52597,711,0.001,RPC
FETCH,1762987408.971,52600,868,0.001,RPC
FETCH,1762987408.971,52599,741,0.001,RPC
FETCH,1762987408.971,52597,408,0.001,RPC
FETCH,1762987408.971,52597,993,0.000,RAM
FETCH,1762987408.972,52600,255,0.001,RPC
FETCH,1762987408.972,52599,129,0.001,RPC
FETCH,1762987408.973,52597,832,0.002,RPC
FETCH,1762987408.973,52600,198,0.001,RPC
FETCH,1762987408.974,52599,146,0.001,RPC
FETCH,1762987408.975,52597,545,0.002,RPC
FETCH,1762987408.975,52599,438,0.001,RPC
FETCH,1762987408.975,52600,281,0.001,RPC
FETCH,1762987408.976,52597,493,0.002,RPC
FETCH,1762987408.977,52599,749,0.002,RPC
FETCH,1762987408.977,52600,619,0.002,RPC
FETCH,1762987408.978,52597,327,0.001,RPC
FETCH,1762987408.978,52599,235,0.001,RPC
FETCH,1762987408.978,52600,60,0.001,RPC
FETCH,1762987408.978,52597,476,0.000,RAM
FETCH,1762987408.978,52599,705,0.000,RAM
FETCH,1762987408.978,52600,822,0.000,RAM
FETCH,1762987408.980,52600,280,0.001,RPC
FETCH,1762987408.980,52597,784,0.002,RPC
FETCH,1762987408.980,52599,951,0.002,RPC
FETCH,1762987408.981,52600,197,0.001,RPC
FETCH,1762987408.981,52600,385,0.000,RAM
FETCH,1762987408.982,52599,692,0.002,RPC
FETCH,1762987408.982,52597,243,0.002,RPC
FETCH,1762987408.983,52597,673,0.001,RPC
FETCH,1762987408.983,52600,527,0.002,RPC
FETCH,1762987408.983,52597,246,0.000,RAM
FETCH,1762987408.984,52599,792,0.002,RPC
FETCH,1762987408.984,52600,850,0.001,RPC
FETCH,1762987408.984,52597,335,0.001,RPC
FETCH,1762987408.984,52597,774,0.000,RAM
FETCH,1762987408.985,52599,144,0.001,RPC
FETCH,1762987408.986,52600,478,0.001,RPC
FETCH,1762987408.986,52597,517,0.001,RPC
FETCH,1762987408.987,52599,780,0.001,RPC
FETCH,1762987408.987,52599,52,0.000,RAM
FETCH,1762987408.988,52600,384,0.002,RPC
FETCH,1762987408.988,52597,895,0.002,RPC
FETCH,1762987408.988,52599,475,0.002,RPC
FETCH,1762987408.989,52600,220,0.002,RPC
FETCH,1762987408.990,52599,8,0.001,RPC
FETCH,1762987408.990,52597,290,0.002,RPC
FETCH,1762987408.990,52597,377,0.000,RAM
FETCH,1762987408.991,52600,904,0.001,RPC
FETCH,1762987408.991,52600,909,0.000,RAM
FETCH,1762987408.991,52600,598,0.000,RAM
FETCH,1762987408.991,52599,140,0.001,RPC
FETCH,1762987408.992,52597,841,0.001,RPC
FETCH,1762987408.993,52599,84,0.001,RPC
FETCH,1762987408.993,52600,723,0.002,RPC
FETCH,1762987408.993,52597,531,0.002,RPC
FETCH,1762987408.993,52597,291,0.000,RAM
FETCH,1762987408.994,52599,659,0.001,RPC
FETCH,1762987408.994,52599,264,0.000,RAM
FETCH,1762987408.996,52599,751,0.002,RPC
FETCH,1762987408.997,52600,858,0.004,RPC
FETCH,1762987408.997,52597,481,0.003,RPC
FETCH,1762987408.998,52599,830,0.001,RPC
FETCH,1762987408.998,52599,451,0.000,RAM
FETCH,1762987408.998,52597,452,0.001,RPC
FETCH,1762987408.998,52600,806,0.002,RPC
FETCH,1762987409.000,52599,914,0.002,RPC
FETCH,1762987409.000,52597,787,0.002,RPC
FETCH,1762987409.000,52600,649,0.002,RPC
FETCH,1762987409.001,52599,263,0.002,RPC
FETCH,1762987409.002,52597,185,0.001,RPC
FETCH,1762987409.002,52600,100,0.002,RPC
FETCH,1762987409.003,52599,171,0.001,RPC
FETCH,1762987409.003,52597,660,0.002,RPC
FETCH,1762987409.004,52600,932,0.001,RPC
FETCH,1762987409.004,52599,873,0.002,RPC
FETCH,1762987409.005,52597,229,0.002,RPC
FETCH,1762987409.005,52600,813,0.001,RPC
FETCH,1762987409.006,52599,988,0.001,RPC
FETCH,1762987409.006,52599,260,0.000,RAM
FETCH,1762987409.006,52597,834,0.002,RPC
FETCH,1762987409.007,52600,912,0.001,RPC
FETCH,1762987409.007,52599,62,0.001,RPC
FETCH,1762987409.008,52597,310,0.001,RPC
FETCH,1762987409.008,52600,448,0.001,RPC
FETCH,1762987409.009,52599,508,0.001,RPC
FETCH,1762987409.009,52597,764,0.001,RPC
FETCH,1762987409.009,52600,783,0.001,RPC
FETCH,1762987409.010,52599,867,0.001,RPC
FETCH,1762987409.010,52597,654,0.001,RPC
FETCH,1762987409.011,52597,80,0.000,RAM
FETCH,1762987409.011,52600,972,0.002,RPC
FETCH,1762987409.011,52599,853,0.001,RPC
FETCH,1762987409.012,52597,643,0.001,RPC
FETCH,1762987409.013,52600,586,0.001,RPC
FETCH,1762987409.013,52597,399,0.001,RPC
FETCH,1762987409.014,52597,826,0.000,RAM
FETCH,1762987409.014,52600,405,0.001,RPC
FETCH,1762987409.014,52600,444,0.000,RAM
FETCH,1762987409.015,52597,667,0.001,RPC
FETCH,1762987409.018,52597,618,0.003,RPC
FETCH,1762987409.029,52597,878,0.011,RPC
FETCH,1762987409.029,52597,479,0.000,RAM
FETCH,1762987409.030,52597,193,0.001,RPC
FETCH,1762987409.030,52597,898,0.000,RAM
FETCH,1762987409.032,52597,577,0.001,RPC
FETCH,1762987409.033,52597,297,0.001,RPC
FETCH,1762987409.034,52597,388,0.001,RPC
FETCH,1762987409.034,52597,354,0.000,RAM
FETCH,1762987409.035,52597,11,0.001,RPC
FETCH,1762987409.036,52597,852,0.001,RPC
FETCH,1762987409.036,52597,395,0.000,RAM
FETCH,1762987409.037,52597,90,0.001,RPC
FETCH,1762987409.039,52597,357,0.001,RPC
FETCH,1762987409.040,52597,174,0.001,RPC
FETCH,1762987409.040,52597,690,0.000,RAM
FETCH,1762987409.040,52597,925,0.000,RAM
FETCH,1762987409.041,52597,885,0.001,RPC
FETCH,1762987409.041,52597,662,0.000,RAM
FETCH,1762987409.042,52597,681,0.001,RPC
FETCH,1762987409.042,52597,992,0.000,RAM
FETCH,1762987409.044,52597,117,0.001,RPC
FETCH,1762987409.045,52597,821,0.001,RPC
FETCH,1762987409.046,52597,22,0.001,RPC
FETCH,1762987409.047,52597,115,0.001,RPC
FETCH,1762987409.048,52597,745,0.001,RPC
FETCH,1762987409.048,52597,748,0.000,RAM
FETCH,1762987409.049,52597,374,0.001,RPC
FETCH,1762987409.050,52597,251,0.001,RPC
FETCH,1762987409.051,52597,424,0.001,RPC
FETCH,1762987409.053,52597,901,0.001,RPC
FETCH,1762987409.053,52597,148,0.000,RAM
FETCH,1762987409.054,52597,863,0.001,RPC
FETCH,1762987409.055,52597,486,0.001,RPC
FETCH,1762987409.055,52597,256,0.000,RAM
FETCH,1762987409.057,52597,270,0.002,RPC
FETCH,1762987409.057,52597,730,0.000,RAM
FETCH,1762987409.057,52597,674,0.000,RAM
FETCH,1762987409.059,52597,984,0.001,RPC
FETCH,1762987409.060,52597,77,0.001,RPC
FETCH,1762987409.060,52597,514,0.000,RAM
FETCH,1762987409.061,52597,9,0.001,RPC
FETCH,1762987409.063,52597,722,0.001,RPC
FETCH,1762987409.064,52597,250,0.001,RPC
FETCH,1762987409.065,52597,334,0.001,RPC
FETCH,1762987409.065,52597,187,0.000,RAM
FETCH,1762987409.066,52597,191,0.001,RPC
FETCH,1762987409.076,52597,347,0.010,RPC
FETCH,1762987409.079,52597,770,0.003,RPC
FETCH,1762987409.079,52597,579,0.000,RAM
FETCH,1762987409.081,52597,311,0.001,RPC
FETCH,1762987409.081,52597,492,0.000,RAM
FETCH,1762987409.081,52597,49,0.000,RAM
FETCH,1762987409.081,52597,393,0.000,RAM
FETCH,1762987409.082,52597,750,0.001,RPC
FETCH,1762987409.084,52597,170,0.002,RPC
FETCH,1762987409.085,52597,889,0.001,RPC
FETCH,1762987409.087,52597,744,0.002,RPC
FETCH,1762987409.087,52597,124,0.000,RAM
FETCH,1762987409.088,52597,40,0.001,RPC
FETCH,1762987409.089,52597,366,0.000,RAM
FETCH,1762987409.090,52597,641,0.001,RPC
FETCH,1762987409.091,52597,42,0.001,RPC
FETCH,1762987409.093,52597,540,0.001,RPC
FETCH,1762987409.094,52597,899,0.001,RPC
FETCH,1762987409.094,52597,504,0.000,RAM
FETCH,1762987409.096,52597,305,0.002,RPC
FETCH,1762987409.097,52597,633,0.001,RPC
FETCH,1762987409.097,52597,607,0.000,RAM
FETCH,1762987409.099,52597,974,0.001,RPC
FETCH,1762987409.101,52597,436,0.002,RPC
FETCH,1762987409.103,52597,369,0.001,RPC
FETCH,1762987409.104,52597,394,0.002,RPC
PROCESS,1762987409.104,52591,100,971,773,58,605,872,678,212,219,342,2,935,758,644,815,882,462,609,91,1,827,731,416,802,991,232,567,812,467,279,186,602,392,254,223,441,435,282,680,415,323,488,433,343,259,471,331,355,29,44,902,339,725,437,38,597,721,558,102,746,66,41,828,870,771,965,43,890,851,26,495,238,590,135,808,253,401,779,365,7,672,849,37,363,371,718,833,426,14,703,449,304,961,552,228,670,897,443,583,966,941
FETCH,1762987409.104,52598,501,0.000,RAM
FETCH,1762987409.106,52597,378,0.002,RPC
FETCH,1762987409.106,52598,442,0.002,RPC
FETCH,1762987409.108,52597,309,0.002,RPC
FETCH,1762987409.108,52598,332,0.002,RPC
FETCH,1762987409.109,52597,814,0.001,RPC
FETCH,1762987409.109,52598,522,0.001,RPC
FETCH,1762987409.110,52598,532,0.001,RPC
FETCH,1762987409.111,52597,747,0.002,RPC
FETCH,1762987409.112,52597,320,0.002,RPC
FETCH,1762987409.112,52597,596,0.000,RAM
FETCH,1762987409.113,52598,953,0.002,RPC
FETCH,1762987409.113,52598,308,0.000,RAM
FETCH,1762987409.113,52598,624,0.000,RAM
FETCH,1762987409.114,52598,658,0.002,RPC
FETCH,1762987409.115,52598,474,0.000,RAM
FETCH,1762987409.116,52598,50,0.001,RPC
FETCH,1762987409.117,52598,891,0.001,RPC
FETCH,1762987409.119,52598,612,0.001,RPC
FETCH,1762987409.120,52598,4,0.001,RPC
FETCH,1762987409.123,52598,810,0.003,RPC
FETCH,1762987409.124,52598,182,0.001,RAM
FETCH,1762987409.126,52598,755,0.002,RPC
FETCH,1762987409.128,52598,928,0.002,RPC
FETCH,1762987409.129,52598,473,0.002,RPC
FETCH,1762987409.131,52598,372,0.002,RPC
FETCH,1762987409.131,52598,318,0.000,RAM
FETCH,1762987409.131,52598,63,0.000,RAM
FETCH,1762987409.132,52598,610,0.000,RAM
FETCH,1762987409.133,52598,704,0.002,RPC
FETCH,1762987409.135,52598,79,0.002,RPC
FETCH,1762987409.137,52598,613,0.002,RPC
FETCH,1762987409.139,52598,585,0.002,RPC
FETCH,1762987409.141,52598,969,0.002,RPC
FETCH,1762987409.142,52598,180,0.000,RAM
FETCH,1762987409.144,52598,630,0.002,RPC
FETCH,1762987409.146,52598,982,0.002,RPC
FETCH,1762987409.147,52598,466,0.001,RPC
FETCH,1762987409.149,52598,445,0.001,RPC
FETCH,1762987409.150,52598,237,0.001,RPC
FETCH,1762987409.152,52598,285,0.002,RPC
FETCH,1762987409.152,52598,962,0.000,RAM
FETCH,1762987409.154,52598,133,0.002,RPC
FETCH,1762987409.154,52598,157,0.000,RAM
FETCH,1762987409.156,52598,368,0.002,RPC
FETCH,1762987409.157,52598,382,0.002,RPC
FETCH,1762987409.159,52598,34,0.001,RPC
FETCH,1762987409.160,52598,233,0.002,RPC
FETCH,1762987409.160,52598,960,0.000,RAM
FETCH,1762987409.160,52598,247,0.000,RAM
FETCH,1762987409.162,52598,225,0.001,RPC
FETCH,1762987409.162,52598,239,0.000,RAM
FETCH,1762987409.162,52598,565,0.000,RAM
FETCH,1762987409.164,52598,341,0.002,RPC
FETCH,1762987409.164,52598,167,0.000,RAM
FETCH,1762987409.164,52598,175,0.000,RAM
FETCH,1762987409.165,52598,611,0.001,RPC
FETCH,1762987409.167,52598,439,0.001,RPC
FETCH,1762987409.168,52598,195,0.002,RPC
FETCH,1762987409.170,52598,519,0.001,RPC
FETCH,1762987409.171,52598,819,0.002,RPC
FETCH,1762987409.173,52598,555,0.001,RPC
FETCH,1762987409.173,52598,375,0.000,RAM
FETCH,1762987409.175,52598,708,0.002,RPC
FETCH,1762987409.175,52598,89,0.000,RAM
FETCH,1762987409.175,52598,547,0.000,RAM
FETCH,1762987409.176,52598,999,0.001,RPC
FETCH,1762987409.178,52598,266,0.002,RPC
FETCH,1762987409.178,52598,946,0.000,RAM
FETCH,1762987409.180,52598,112,0.002,RPC
FETCH,1762987409.181,52598,866,0.001,RPC
FETCH,1762987409.182,52598,896,0.000,RAM
FETCH,1762987409.183,52598,797,0.001,RPC
FETCH,1762987409.184,52598,96,0.001,RPC
FETCH,1762987409.185,52598,804,0.000,RAM
FETCH,1762987409.186,52598,683,0.001,RPC
FETCH,1762987409.187,52598,21,0.001,RPC
FETCH,1762987409.189,52598,727,0.002,RPC
FETCH,1762987409.193,52598,469,0.004,RPC
FETCH,1762987409.194,52598,535,0.002,RPC
FETCH,1762987409.199,52598,846,0.004,RPC
FETCH,1762987409.200,52598,587,0.001,RPC
FETCH,1762987409.202,52598,275,0.001,RPC
FETCH,1762987409.202,52598,349,0.000,RAM
FETCH,1762987409.202,52598,179,0.000,RAM
FETCH,1762987409.202,52598,483,0.000,RAM
FETCH,1762987409.203,52598,911,0.002,RPC
FETCH,1762987409.205,52598,47,0.002,RPC
FETCH,1762987409.207,52598,689,0.002,RPC
FETCH,1762987409.209,52598,278,0.002,RPC
FETCH,1762987409.210,52598,957,0.001,RPC
FETCH,1762987409.211,52598,799,0.001,RPC
FETCH,1762987409.213,52598,985,0.001,RPC
FETCH,1762987409.214,52598,295,0.001,RPC
FETCH,1762987409.214,52598,265,0.000,RAM
FETCH,1762987409.214,52598,729,0.000,RAM
FETCH,1762987409.215,52598,387,0.001,RPC
FETCH,1762987409.215,52598,496,0.000,RAM
FETCH,1762987409.215,52598,720,0.000,RAM
FETCH,1762987409.217,52598,455,0.001,RPC
FETCH,1762987409.218,52598,410,0.002,RPC
FETCH,1762987409.220,52598,835,0.002,RPC
FETCH,1762987409.222,52598,864,0.002,RPC
FETCH,1762987409.223,52598,640,0.002,RPC
FETCH,1762987409.225,52598,428,0.002,RPC
FETCH,1762987409.227,52598,173,0.002,RPC
PROCESS,1762987409.374,52591,100,143,556,81,376,701,340,973,130,550,419,156,549,362,162,776,325,97,593,491,653,59,131,824,566,94,954,160,258,990,152,315,836,457,831,114,276,74,657,181,510,95,568,666,623,396,913,141,98,418,379,888,48,214,149,687,865,631,785,472,92,861,407,854,288,358,938,881,69,245,27,168,554,847,499,893,103,798,707,370,188,533,781,589,837,942,119,884,417,559,915,632,359,302,949,791,440,574,627,809,383
PROCESS,1762987409.639,52591,100,350,929,222,675,638,714,981,459,172,147,329,716,113,629,857,977,210,120,314,838,544,423,206,561,165,287,918,887,796,72,15,970,427,425,71,855,0,230,345,465,300,557,68,944,306,109,262,978,756,995,715,570,803,203,958,543,328,348,534,190,917,61,429,760,226,447,153,883,75,903,209,169,338,790,446,351,763,916,51,922,648,772,782,205,569,414,381,450,30,224,937,468,998,591,213,699,807,839,601,816
PROCESS,1762987410.001,52591,100,738,53,734,20,712,688,25,123,603,637,139,242,155,677,968,526,927,879,845,511,330,650,460,740,284,936,307,823,145,99,572,57,743,512,137,636,600,886,154,908,125,192,293,267,489,794,663,241,910,645,333,24,227,761,530,111,700,679,261,12,406,432,498,765,132,584,728,18,151,411,989,709,296,56,116,107,713,732,453,617,606,615,507,860,86,711,408,993,832,545,493,327,476,784,243,673,246,335,774,517
PROCESS,1762987410.319,52591,100,655,693,301,840,736,93,317,538,108,36,82,578,45,905,987,272,31,177,292,380,546,947,919,975,324,70,656,671,945,194,404,964,685,207,506,83,202,907,134,652,625,651,817,271,303,367,16,575,391,28,811,521,360,843,513,793,980,480,482,184,389,65,218,361,592,277,373,548,101,604,724,956,682,283,983,503,955,336,726,456,537,940,413,477,268,163,106,524,829,484,777,646,403,257,642,825,216,23,454,78
PROCESS,1762987410.583,52591,100,67,118,19,201,934,6,299,880,694,518,926,621,353,252,963,128,520,691,294,397,485,800,390,142,183,136,398,580,236,33,608,500,76,386,121,876,562,948,950,525,892,523,754,189,159,344,762,737,127,757,150,420,766,786,421,997,352,313,105,818,900,490,717,599,32,356,563,733,741,129,146,438,749,235,705,951,692,792,144,780,52,475,8,140,84,659,264,751,830,451,914,263,171,873,988,260,62,508,867,853
PROCESS,1762987410.839,52591,100,920,487,196,695,767,710,122,805,581,752,422,321,312,594,85,588,458,788,274,967,430,775,87,55,221,464,515,595,669,979,54,126,337,5,759,959,199,739,697,769,647,536,470,930,906,434,939,138,628,234,576,402,706,639,231,933,88,582,924,622,273,696,529,921,626,211,952,494,868,255,198,281,619,60,822,280,197,385,527,850,478,384,220,904,909,598,723,858,806,649,100,932,813,912,448,783,972,586,405,444
PROCESS,1762987411.090,52591,100,895,290,377,841,531,291,481,452,787,185,660,229,834,310,764,654,80,643,399,826,667,618,878,479,193,898,577,297,388,354,11,852,395,90,357,174,690,925,885,662,681,992,117,821,22,115,745,748,374,251,424,901,148,863,486,256,270,730,674,984,77,514,9,722,250,334,187,191,347,770,579,311,492,49,393,750,170,889,744,124,40,366,641,42,540,899,504,305,633,607,974,436,369,394,378,309,814,747,320,596
PROCESS,1762987411.349,52591,100,501,442,332,522,532,953,308,624,658,474,50,891,612,4,810,182,755,928,473,372,318,63,610,704,79,613,585,969,180,630,982,466,445,237,285,962,133,157,368,382,34,233,960,247,225,239,565,341,167,175,611,439,195,519,819,555,375,708,89,547,999,266,946,112,866,896,797,96,804,683,21,727,469,535,846,587,275,349,179,483,911,47,689,278,957,799,985,295,265,729,387,496,720,455,410,835,864,640,428,173
FETCH,1762987411.611,52600,381,0.000,RAM
FETCH,1762987411.615,52597,942,0.005,RPC
FETCH,1762987411.616,52597,431,0.000,RAM
FETCH,1762987411.616,52598,629,0.005,RPC
FETCH,1762987411.616,52600,133,0.005,RPC
FETCH,1762987411.616,52599,96,0.005,RPC
FETCH,1762987411.616,52599,929,0.000,RAM
FETCH,1762987411.620,52600,188,0.004,RPC
FETCH,1762987411.621,52597,485,0.005,RPC
FETCH,1762987411.621,52597,139,0.000,RAM
FETCH,1762987411.621,52597,137,0.000,RAM
FETCH,1762987411.621,52597,228,0.000,RAM
FETCH,1762987411.622,52598,126,0.006,RPC
FETCH,1762987411.622,52598,34,0.000,RAM
FETCH,1762987411.631,52600,608,0.010,RPC
FETCH,1762987411.632,52599,468,0.016,RPC
FETCH,1762987411.632,52598,878,0.010,RPC
FETCH,1762987411.632,52599,379,0.000,RAM
FETCH,1762987411.632,52597,649,0.011,RPC
FETCH,1762987411.633,52598,129,0.000,RAM
FETCH,1762987411.633,52600,765,0.002,RPC
FETCH,1762987411.633,52598,589,0.000,RAM
FETCH,1762987411.633,52598,804,0.000,RAM
FETCH,1762987411.633,52598,317,0.000,RAM
FETCH,1762987411.634,52600,639,0.000,RAM
FETCH,1762987411.634,52598,179,0.000,RAM
FETCH,1762987411.635,52599,972,0.002,RPC
FETCH,1762987411.635,52597,143,0.003,RPC
FETCH,1762987411.636,52600,734,0.002,RPC
FETCH,1762987411.637,52598,227,0.003,RPC
FETCH,1762987411.637,52599,958,0.003,RPC
FETCH,1762987411.638,52600,166,0.002,RPC
FETCH,1762987411.639,52597,644,0.003,RPC
FETCH,1762987411.639,52600,419,0.001,RAM
FETCH,1762987411.639,52597,295,0.000,RAM
FETCH,1762987411.640,52597,74,0.000,RAM
FETCH,1762987411.640,52598,534,0.002,RPC
FETCH,1762987411.640,52597,355,0.000,RAM
FETCH,1762987411.640,52598,113,0.000,RAM
FETCH,1762987411.640,52599,992,0.003,RPC
FETCH,1762987411.640,52597,251,0.000,RAM
FETCH,1762987411.641,52600,724,0.002,RPC
FETCH,1762987411.641,52600,457,0.000,RAM
FETCH,1762987411.642,52597,173,0.002,RPC
FETCH,1762987411.642,52598,635,0.002,RPC
FETCH,1762987411.642,52599,324,0.002,RPC
FETCH,1762987411.646,52598,344,0.004,RPC
FETCH,1762987411.646,52599,879,0.004,RPC
FETCH,1762987411.646,52598,555,0.000,RAM
FETCH,1762987411.646,52598,613,0.000,RAM
FETCH,1762987411.646,52597,837,0.004,RPC
FETCH,1762987411.646,52600,25,0.006,RPC
FETCH,1762987411.648,52597,781,0.002,RPC
FETCH,1762987411.648,52597,479,0.000,RAM
FETCH,1762987411.648,52597,694,0.000,RAM
FETCH,1762987411.649,52599,486,0.002,RPC
FETCH,1762987411.649,52598,406,0.003,RPC
FETCH,1762987411.649,52600,150,0.003,RPC
FETCH,1762987411.650,52598,509,0.000,RAM
FETCH,1762987411.650,52598,441,0.000,RAM
FETCH,1762987411.650,52597,413,0.002,RPC
FETCH,1762987411.650,52597,455,0.000,RAM
FETCH,1762987411.651,52599,827,0.002,RPC
FETCH,1762987411.651,52600,415,0.002,RPC
FETCH,1762987411.652,52598,581,0.002,RPC
FETCH,1762987411.652,52599,673,0.002,RPC
FETCH,1762987411.653,52597,815,0.002,RPC
FETCH,1762987411.653,52600,704,0.002,RPC
FETCH,1762987411.653,52597,905,0.000,RAM
FETCH,1762987411.654,52598,153,0.002,RPC
FETCH,1762987411.654,52598,951,0.000,RAM
FETCH,1762987411.654,52599,748,0.002,RPC
FETCH,1762987411.654,52599,591,0.000,RAM
FETCH,1762987411.655,52597,451,0.001,RPC
FETCH,1762987411.655,52600,664,0.002,RPC
FETCH,1762987411.656,52598,716,0.002,RPC
FETCH,1762987411.656,52598,535,0.000,RAM
FETCH,1762987411.656,52598,565,0.000,RAM
FETCH,1762987411.656,52598,239,0.000,RAM
FETCH,1762987411.656,52600,501,0.001,RPC
FETCH,1762987411.656,52599,215,0.002,RPC
FETCH,1762987411.656,52597,944,0.002,RPC
FETCH,1762987411.656,52600,768,0.000,RAM
FETCH,1762987411.657,52599,718,0.000,RAM
FETCH,1762987411.657,52597,745,0.000,RAM
FETCH,1762987411.657,52599,969,0.000,RAM
FETCH,1762987411.657,52600,117,0.000,RAM
FETCH,1762987411.657,52597,93,0.000,RAM
FETCH,1762987411.657,52599,270,0.000,RAM
FETCH,1762987411.659,52598,174,0.003,RPC
FETCH,1762987411.659,52600,301,0.002,RPC
FETCH,1762987411.660,52599,916,0.003,RPC
FETCH,1762987411.661,52597,6,0.003,RPC
FETCH,1762987411.661,52600,58,0.002,RPC
FETCH,1762987411.662,52598,798,0.002,RPC
FETCH,1762987411.662,52600,932,0.000,RAM
FETCH,1762987411.662,52598,180,0.000,RAM
FETCH,1762987411.662,52597,392,0.002,RPC
FETCH,1762987411.662,52599,345,0.002,RPC
FETCH,1762987411.662,52597,985,0.000,RAM
FETCH,1762987411.663,52597,319,0.000,RAM
FETCH,1762987411.664,52599,328,0.002,RPC
FETCH,1762987411.665,52597,860,0.002,RAM
FETCH,1762987411.665,52597,83,0.000,RAM
FETCH,1762987411.665,52598,795,0.003,RPC
FETCH,1762987411.665,52600,986,0.003,RPC
FETCH,1762987411.665,52597,333,0.000,RAM
FETCH,1762987411.666,52598,403,0.000,RAM
FETCH,1762987411.666,52600,654,0.000,RAM
FETCH,1762987411.666,52597,757,0.000,RAM
FETCH,1762987411.666,52598,285,0.000,RAM
FETCH,1762987411.666,52599,395,0.002,RPC
FETCH,1762987411.670,52598,713,0.004,RPC
FETCH,1762987411.670,52597,475,0.004,RPC
FETCH,1762987411.670,52599,226,0.003,RPC
FETCH,1762987411.670,52597,712,0.000,RAM
FETCH,1762987411.670,52600,681,0.004,RPC
FETCH,1762987411.670,52599,396,0.000,RAM
FETCH,1762987411.670,52600,933,0.000,RAM
FETCH,1762987411.670,52599,510,0.000,RAM
FETCH,1762987411.670,52597,891,0.000,RAM
FETCH,1762987411.671,52599,949,0.000,RAM
FETCH,1762987411.671,52599,4,0.000,RAM
FETCH,1762987411.671,52597,420,0.000,RAM
FETCH,1762987411.671,52597,311,0.000,RAM
FETCH,1762987411.673,52598,316,0.003,RPC
FETCH,1762987411.673,52600,656,0.002,RPC
FETCH,1762987411.673,52598,910,0.000,RAM
FETCH,1762987411.673,52600,61,0.000,RAM
FETCH,1762987411.673,52599,234,0.002,RPC
FETCH,1762987411.673,52598,964,0.000,RAM
FETCH,1762987411.673,52599,558,0.000,RAM
FETCH,1762987411.673,52598,683,0.000,RAM
FETCH,1762987411.673,52597,816,0.002,RPC
FETCH,1762987411.674,52598,443,0.000,RAM
FETCH,1762987411.674,52597,278,0.000,RAM
FETCH,1762987411.675,52600,698,0.002,RPC
FETCH,1762987411.675,52599,612,0.002,RPC
FETCH,1762987411.676,52598,801,0.002,RPC
FETCH,1762987411.676,52597,777,0.002,RPC
FETCH,1762987411.676,52597,297,0.000,RAM
FETCH,1762987411.677,52600,983,0.002,RPC
FETCH,1762987411.677,52600,715,0.000,RAM
FETCH,1762987411.677,52599,145,0.002,RPC
FETCH,1762987411.677,52598,148,0.002,RPC
FETCH,1762987411.678,52598,175,0.000,RAM
FETCH,1762987411.678,52598,207,0.000,RAM
FETCH,1762987411.679,52597,850,0.002,RPC
FETCH,1762987411.679,52600,634,0.002,RPC
FETCH,1762987411.680,52599,885,0.002,RPC
FETCH,1762987411.680,52600,515,0.001,RAM
FETCH,1762987411.680,52600,857,0.000,RAM
FETCH,1762987411.680,52598,895,0.002,RPC
FETCH,1762987411.680,52600,843,0.000,RAM
FETCH,1762987411.680,52597,520,0.002,RPC
FETCH,1762987411.682,52599,626,0.002,RPC
FETCH,1762987411.682,52597,66,0.002,RPC
FETCH,1762987411.682,52598,214,0.002,RPC
FETCH,1762987411.683,52597,826,0.000,RAM
FETCH,1762987411.683,52598,931,0.000,RAM
FETCH,1762987411.683,52600,633,0.003,RPC
FETCH,1762987411.685,52599,619,0.003,RPC
FETCH,1762987411.685,52600,323,0.002,RPC
FETCH,1762987411.686,52597,121,0.003,RPC
FETCH,1762987411.686,52598,161,0.003,RPC
FETCH,1762987411.687,52600,26,0.002,RPC
FETCH,1762987411.687,52599,476,0.002,RPC
FETCH,1762987411.687,52600,554,0.000,RAM
FETCH,1762987411.688,52598,267,0.002,RPC
FETCH,1762987411.688,52597,292,0.002,RPC
FETCH,1762987411.688,52598,825,0.000,RAM
FETCH,1762987411.689,52597,84,0.000,RAM
FETCH,1762987411.689,52597,728,0.000,RAM
FETCH,1762987411.689,52600,849,0.002,RPC
FETCH,1762987411.691,52599,994,0.003,RPC
FETCH,1762987411.691,52597,209,0.002,RPC
FETCH,1762987411.691,52598,100,0.003,RPC
FETCH,1762987411.691,52598,808,0.000,RAM
FETCH,1762987411.691,52600,331,0.002,RPC
FETCH,1762987411.692,52600,60,0.000,RAM
FETCH,1762987411.693,52599,452,0.002,RPC
FETCH,1762987411.693,52599,325,0.000,RAM
FETCH,1762987411.693,52599,114,0.000,RAM
FETCH,1762987411.693,52597,71,0.002,RPC
FETCH,1762987411.693,52600,793,0.002,RPC
FETCH,1762987411.694,52598,125,0.002,RPC
FETCH,1762987411.694,52598,725,0.000,RAM
FETCH,1762987411.694,52598,23,0.001,RAM
FETCH,1762987411.695,52598,567,0.000,RAM
FETCH,1762987411.695,52599,583,0.002,RPC
FETCH,1762987411.695,52597,427,0.002,RPC
FETCH,1762987411.695,52597,996,0.000,RAM
FETCH,1762987411.695,52600,692,0.002,RPC
FETCH,1762987411.697,52599,73,0.002,RPC
FETCH,1762987411.697,52599,632,0.000,RAM
FETCH,1762987411.697,52599,966,0.000,RAM
FETCH,1762987411.698,52600,32,0.002,RPC
FETCH,1762987411.698,52598,492,0.003,RPC
FETCH,1762987411.698,52598,703,0.000,RAM
FETCH,1762987411.698,52597,462,0.002,RPC
FETCH,1762987411.698,52598,523,0.000,RAM
FETCH,1762987411.699,52597,753,0.000,RAM
FETCH,1762987411.699,52597,408,0.000,RAM
FETCH,1762987411.699,52597,287,0.000,RAM
FETCH,1762987411.699,52597,106,0.000,RAM
FETCH,1762987411.699,52600,971,0.002,RPC
FETCH,1762987411.700,52599,904,0.002,RPC
FETCH,1762987411.700,52599,572,0.000,RAM
FETCH,1762987411.700,52599,92,0.000,RAM
FETCH,1762987411.701,52598,560,0.003,RPC
FETCH,1762987411.703,52597,979,0.004,RPC
FETCH,1762987411.704,52598,521,0.002,RAM
FETCH,1762987411.704,52597,937,0.001,RAM
FETCH,1762987411.704,52598,691,0.000,RAM
FETCH,1762987411.704,52600,551,0.004,RPC
FETCH,1762987411.704,52599,869,0.004,RPC
FETCH,1762987411.704,52598,380,0.000,RAM
FETCH,1762987411.704,52599,741,0.000,RAM
FETCH,1762987411.704,52598,811,0.000,RAM
FETCH,1762987411.704,52598,628,0.000,RAM
FETCH,1762987411.705,52598,640,0.000,RAM
FETCH,1762987411.705,52598,729,0.000,RAM
FETCH,1762987411.705,52598,727,0.000,RAM
FETCH,1762987411.707,52600,508,0.003,RPC
FETCH,1762987411.707,52599,605,0.003,RPC
FETCH,1762987411.707,52598,909,0.002,RPC
FETCH,1762987411.707,52599,934,0.000,RAM
FETCH,1762987411.707,52597,373,0.003,RPC
FETCH,1762987411.707,52597,659,0.000,RAM
FETCH,1762987411.707,52598,519,0.000,RAM
FETCH,1762987411.708,52600,545,0.001,RPC
FETCH,1762987411.708,52600,959,0.000,RAM
FETCH,1762987411.708,52599,281,0.001,RPC
FETCH,1762987411.709,52597,858,0.002,RPC
FETCH,1762987411.709,52597,663,0.000,RAM
FETCH,1762987411.709,52597,461,0.000,RAM
FETCH,1762987411.709,52597,124,0.000,RAM
FETCH,1762987411.710,52600,377,0.001,RPC
FETCH,1762987411.710,52597,744,0.000,RAM
FETCH,1762987411.710,52598,116,0.002,RPC
FETCH,1762987411.710,52597,103,0.000,RAM
FETCH,1762987411.710,52599,610,0.001,RPC
FETCH,1762987411.710,52599,250,0.000,RAM
FETCH,1762987411.710,52599,977,0.000,RAM
FETCH,1762987411.712,52599,404,0.002,RPC
FETCH,1762987411.712,52597,987,0.002,RPC
FETCH,1762987411.712,52598,302,0.002,RPC
FETCH,1762987411.712,52600,797,0.003,RPC
FETCH,1762987411.712,52600,859,0.000,RAM
FETCH,1762987411.715,52600,258,0.002,RPC
FETCH,1762987411.715,52600,51,0.000,RAM
FETCH,1762987411.715,52597,341,0.003,RPC
FETCH,1762987411.715,52599,601,0.003,RPC
FETCH,1762987411.715,52598,393,0.003,RPC
FETCH,1762987411.715,52599,893,0.000,RAM
FETCH,1762987411.715,52599,231,0.000,RAM
FETCH,1762987411.717,52598,54,0.001,RPC
FETCH,1762987411.717,52600,512,0.002,RPC
FETCH,1762987411.717,52597,315,0.002,RPC
FETCH,1762987411.717,52599,412,0.002,RPC
FETCH,1762987411.718,52597,1,0.001,RAM
FETCH,1762987411.718,52600,111,0.002,RPC
FETCH,1762987411.718,52599,449,0.001,RPC
FETCH,1762987411.719,52600,863,0.000,RAM
FETCH,1762987411.719,52599,181,0.000,RAM
FETCH,1762987411.719,52600,792,0.000,RAM
FETCH,1762987411.719,52598,831,0.002,RPC
FETCH,1762987411.720,52597,41,0.002,RPC
FETCH,1762987411.720,52597,784,0.000,RAM
FETCH,1762987411.720,52598,531,0.001,RPC
FETCH,1762987411.721,52599,439,0.002,RPC
FETCH,1762987411.721,52600,467,0.002,RPC
FETCH,1762987411.721,52598,272,0.000,RAM
FETCH,1762987411.721,52598,927,0.000,RAM
FETCH,1762987411.721,52597,444,0.001,RPC
FETCH,1762987411.722,52597,577,0.000,RAM
FETCH,1762987411.722,52600,641,0.001,RPC
FETCH,1762987411.722,52600,435,0.000,RAM
FETCH,1762987411.722,52598,394,0.001,RPC
FETCH,1762987411.722,52599,763,0.002,RPC
FETCH,1762987411.722,52598,163,0.000,RAM
FETCH,1762987411.723,52598,411,0.000,RAM
FETCH,1762987411.723,52597,343,0.001,RPC
FETCH,1762987411.724,52597,517,0.000,RAM
FETCH,1762987411.724,52597,914,0.000,RAM
FETCH,1762987411.724,52599,552,0.001,RPC
FETCH,1762987411.724,52598,848,0.001,RPC
FETCH,1762987411.724,52600,615,0.002,RPC
FETCH,1762987411.724,52600,190,0.000,RAM
FETCH,1762987411.724,52600,621,0.000,RAM
FETCH,1762987411.725,52600,193,0.000,RAM
FETCH,1762987411.725,52599,222,0.001,RPC
FETCH,1762987411.726,52597,28,0.002,RPC
FETCH,1762987411.726,52597,686,0.000,RAM
FETCH,1762987411.726,52597,198,0.000,RAM
FETCH,1762987411.726,52598,307,0.002,RPC
FETCH,1762987411.726,52598,496,0.000,RAM
FETCH,1762987411.726,52600,249,0.002,RPC
FETCH,1762987411.727,52599,620,0.002,RPC
FETCH,1762987411.728,52597,362,0.002,RPC
FETCH,1762987411.728,52600,539,0.001,RPC
FETCH,1762987411.728,52598,352,0.002,RPC
FETCH,1762987411.728,52599,205,0.001,RPC
FETCH,1762987411.729,52600,194,0.001,RPC
FETCH,1762987411.729,52597,426,0.002,RPC
FETCH,1762987411.729,52597,10,0.000,RAM
FETCH,1762987411.730,52598,88,0.002,RPC
FETCH,1762987411.730,52599,588,0.002,RPC
FETCH,1762987411.731,52600,17,0.002,RPC
FETCH,1762987411.731,52599,912,0.001,RPC
FETCH,1762987411.731,52597,122,0.002,RPC
FETCH,1762987411.731,52597,580,0.000,RAM
FETCH,1762987411.732,52600,754,0.001,RPC
FETCH,1762987411.732,52598,511,0.003,RPC
FETCH,1762987411.733,52598,104,0.000,RAM
FETCH,1762987411.733,52599,668,0.002,RPC
FETCH,1762987411.733,52597,196,0.002,RPC
FETCH,1762987411.733,52597,743,0.000,RAM
FETCH,1762987411.734,52598,544,0.001,RPC
FETCH,1762987411.734,52598,685,0.000,RAM
FETCH,1762987411.734,52599,305,0.001,RPC
FETCH,1762987411.734,52600,187,0.002,RPC
FETCH,1762987411.735,52599,410,0.000,RAM
FETCH,1762987411.735,52597,385,0.002,RPC
FETCH,1762987411.736,52597,995,0.000,RAM
FETCH,1762987411.736,52598,813,0.002,RPC
FETCH,1762987411.736,52598,474,0.000,RAM
FETCH,1762987411.736,52600,152,0.001,RPC
FETCH,1762987411.736,52599,436,0.002,RPC
FETCH,1762987411.736,52598,653,0.000,RAM
FETCH,1762987411.736,52599,288,0.000,RAM
FETCH,1762987411.737,52597,361,0.002,RPC
FETCH,1762987411.738,52599,920,0.001,RPC
FETCH,1762987411.738,52599,717,0.000,RAM
FETCH,1762987411.738,52600,881,0.002,RPC
FETCH,1762987411.738,52598,351,0.002,RPC
FETCH,1762987411.739,52597,63,0.001,RPC
FETCH,1762987411.739,52597,697,0.000,RAM
FETCH,1762987411.739,52597,862,0.000,RAM
FETCH,1762987411.740,52599,842,0.002,RPC
FETCH,1762987411.740,52600,809,0.002,RPC
FETCH,1762987411.740,52599,480,0.000,RAM
FETCH,1762987411.740,52600,973,0.000,RAM
FETCH,1762987411.740,52598,115,0.002,RPC
FETCH,1762987411.741,52598,670,0.000,RAM
FETCH,1762987411.741,52598,346,0.000,RAM
FETCH,1762987411.741,52598,991,0.000,RAM
FETCH,1762987411.741,52598,172,0.000,RAM
FETCH,1762987411.741,52599,241,0.001,RPC
FETCH,1762987411.741,52597,85,0.002,RPC
FETCH,1762987411.741,52600,502,0.002,RPC
FETCH,1762987411.742,52600,557,0.000,RAM
FETCH,1762987411.743,52597,917,0.001,RPC
FETCH,1762987411.743,52597,742,0.000,RAM
FETCH,1762987411.743,52598,208,0.002,RPC
FETCH,1762987411.743,52599,796,0.002,RPC
FETCH,1762987411.743,52600,600,0.002,RPC
FETCH,1762987411.743,52600,414,0.000,RAM
FETCH,1762987411.745,52600,493,0.002,RPC
FETCH,1762987411.746,52600,494,0.000,RAM
FETCH,1762987411.746,52600,710,0.000,RAM
FETCH,1762987411.746,52600,752,0.000,RAM
FETCH,1762987411.746,52600,78,0.000,RAM
PROCESS,1762987411.747,52591,100,942,431,485,139,137,228,649,143,644,295,74,355,251,173,837,781,479,694,413,455,815,905,451,944,745,93,6,392,985,319,860,83,333,757,475,712,891,420,311,816,278,777,297,850,520,66,826,121,292,84,728,209,71,427,996,462,753,408,287,106,979,937,373,659,858,663,461,124,744,103,987,341,315,1,41,784,444,577,343,517,914,28,686,198,362,426,10,122,580,196,743,385,995,361,63,697,862,85,917,742
FETCH,1762987411.747,52598,291,0.005,RPC
FETCH,1762987411.748,52598,575,0.000,RAM
FETCH,1762987411.748,52599,366,0.005,RPC
FETCH,1762987411.748,52597,836,0.005,RPC
FETCH,1762987411.748,52600,774,0.002,RPC
FETCH,1762987411.751,52599,22,0.003,RPC
FETCH,1762987411.751,52600,537,0.003,RPC
FETCH,1762987411.752,52600,906,0.000,RAM
FETCH,1762987411.752,52600,625,0.000,RAM
FETCH,1762987411.753,52597,220,0.004,RPC
FETCH,1762987411.753,52598,597,0.002,RAM
FETCH,1762987411.753,52597,771,0.000,RAM
FETCH,1762987411.753,52597,968,0.000,RAM
FETCH,1762987411.753,52598,573,0.000,RAM
FETCH,1762987411.753,52597,739,0.000,RAM
FETCH,1762987411.754,52600,310,0.002,RPC
FETCH,1762987411.754,52599,746,0.003,RPC
FETCH,1762987411.754,52599,684,0.000,RAM
FETCH,1762987411.756,52597,219,0.002,RPC
FETCH,1762987411.756,52597,823,0.000,RAM
FETCH,1762987411.756,52598,321,0.003,RPC
FETCH,1762987411.756,52599,360,0.002,RPC
FETCH,1762987411.756,52600,162,0.003,RPC
FETCH,1762987411.757,52599,299,0.000,RAM
FETCH,1762987411.757,52599,957,0.001,RAM
FETCH,1762987411.758,52600,240,0.001,RPC
FETCH,1762987411.758,52600,11,0.000,RAM
FETCH,1762987411.758,52598,263,0.002,RPC
FETCH,1762987411.758,52597,630,0.002,RPC
FETCH,1762987411.760,52599,789,0.002,RPC
FETCH,1762987411.760,52598,514,0.002,RPC
FETCH,1762987411.760,52600,764,0.002,RPC
FETCH,1762987411.760,52598,890,0.000,RAM
FETCH,1762987411.760,52598,559,0.000,RAM
FETCH,1762987411.761,52597,847,0.002,RPC
FETCH,1762987411.761,52598,206,0.000,RAM
FETCH,1762987411.761,52597,489,0.000,RAM
FETCH,1762987411.761,52598,185,0.000,RAM
FETCH,1762987411.761,52600,0,0.000,RAM
FETCH,1762987411.761,52598,671,0.000,RAM
FETCH,1762987411.761,52597,289,0.000,RAM
FETCH,1762987411.761,52600,604,0.000,RAM
FETCH,1762987411.761,52598,230,0.000,RAM
FETCH,1762987411.761,52600,822,0.000,RAM
FETCH,1762987411.761,52599,29,0.002,RPC
FETCH,1762987411.761,52599,27,0.000,RAM
FETCH,1762987411.763,52598,549,0.002,RPC
FETCH,1762987411.763,52597,578,0.002,RPC
FETCH,1762987411.764,52600,800,0.002,RPC
FETCH,1762987411.764,52599,504,0.002,RPC
FETCH,1762987411.764,52597,97,0.001,RPC
FETCH,1762987411.765,52598,666,0.002,RPC
FETCH,1762987411.765,52600,650,0.001,RPC
FETCH,1762987411.765,52599,7,0.002,RPC
FETCH,1762987411.767,52597,37,0.002,RPC
FETCH,1762987411.767,52598,924,0.002,RPC
FETCH,1762987411.767,52598,293,0.000,RAM
FETCH,1762987411.767,52598,503,0.000,RAM
FETCH,1762987411.767,52600,960,0.002,RPC
FETCH,1762987411.768,52599,919,0.002,RPC
FETCH,1762987411.768,52599,252,0.000,RAM
FETCH,1762987411.768,52599,997,0.000,RAM
FETCH,1762987411.768,52597,446,0.002,RPC
FETCH,1762987411.770,52597,693,0.002,RPC
FETCH,1762987411.770,52600,268,0.002,RAM
FETCH,1762987411.770,52597,786,0.000,RAM
FETCH,1762987411.770,52600,679,0.000,RAM
FETCH,1762987411.770,52597,269,0.000,RAM
FETCH,1762987411.771,52598,737,0.003,RPC
FETCH,1762987411.771,52597,569,0.000,RAM
FETCH,1762987411.771,52599,18,0.003,RPC
FETCH,1762987411.773,52597,868,0.002,RPC
FETCH,1762987411.773,52598,204,0.002,RPC
FETCH,1762987411.773,52597,354,0.000,RAM
FETCH,1762987411.773,52600,732,0.003,RPC
FETCH,1762987411.773,52598,16,0.000,RAM
FETCH,1762987411.773,52599,40,0.002,RPC
FETCH,1762987411.773,52600,938,0.000,RAM
FETCH,1762987411.776,52600,719,0.003,RPC
FETCH,1762987411.776,52599,570,0.003,RPC
FETCH,1762987411.776,52600,465,0.000,RAM
FETCH,1762987411.776,52598,460,0.003,RPC
FETCH,1762987411.777,52598,30,0.000,RAM
FETCH,1762987411.777,52597,651,0.003,RPC
FETCH,1762987411.777,52598,585,0.000,RAM
FETCH,1762987411.777,52598,799,0.000,RAM
FETCH,1762987411.777,52597,91,0.000,RAM
FETCH,1762987411.778,52600,497,0.001,RPC
FETCH,1762987411.778,52600,886,0.000,RAM
FETCH,1762987411.778,52599,536,0.002,RPC
FETCH,1762987411.778,52600,458,0.000,RAM
FETCH,1762987411.779,52597,168,0.002,RPC
FETCH,1762987411.779,52598,313,0.002,RPC
FETCH,1762987411.779,52598,940,0.000,RAM
FETCH,1762987411.781,52598,353,0.001,RPC
FETCH,1762987411.781,52600,884,0.002,RPC
FETCH,1762987411.781,52598,532,0.000,RAM
FETCH,1762987411.781,52599,542,0.003,RPC
FETCH,1762987411.782,52597,915,0.002,RPC
FETCH,1762987411.783,52599,52,0.001,RAM
FETCH,1762987411.783,52600,758,0.002,RPC
FETCH,1762987411.783,52600,740,0.000,RAM
FETCH,1762987411.784,52597,438,0.002,RPC
FETCH,1762987411.784,52597,154,0.000,RAM
FETCH,1762987411.784,52598,191,0.003,RPC
FETCH,1762987411.785,52597,13,0.000,RAM
FETCH,1762987411.785,52598,835,0.000,RAM
FETCH,1762987411.786,52599,543,0.003,RPC
FETCH,1762987411.786,52600,216,0.003,RPC
FETCH,1762987411.786,52599,55,0.000,RAM
FETCH,1762987411.787,52598,566,0.002,RPC
FETCH,1762987411.788,52597,8,0.003,RPC
FETCH,1762987411.788,52597,607,0.000,RAM
FETCH,1762987411.788,52597,778,0.000,RAM
FETCH,1762987411.788,52600,189,0.002,RPC
FETCH,1762987411.788,52597,326,0.000,RAM
FETCH,1762987411.788,52599,169,0.002,RPC
FETCH,1762987411.789,52598,970,0.002,RPC
FETCH,1762987411.789,52598,387,0.000,RAM
FETCH,1762987411.790,52597,652,0.002,RPC
FETCH,1762987411.790,52600,875,0.002,RPC
FETCH,1762987411.790,52600,176,0.000,RAM
FETCH,1762987411.791,52599,64,0.002,RPC
FETCH,1762987411.791,52598,598,0.002,RPC
FETCH,1762987411.791,52598,363,0.000,RAM
FETCH,1762987411.792,52600,391,0.002,RPC
FETCH,1762987411.792,52597,538,0.002,RPC
FETCH,1762987411.793,52597,330,0.000,RAM
FETCH,1762987411.793,52599,839,0.002,RPC
FETCH,1762987411.793,52598,676,0.002,RPC
FETCH,1762987411.794,52600,80,0.002,RPC
FETCH,1762987411.795,52599,528,0.002,RPC
FETCH,1762987411.795,52597,336,0.002,RPC
FETCH,1762987411.796,52598,68,0.003,RPC
FETCH,1762987411.796,52600,98,0.003,RPC
FETCH,1762987411.797,52597,339,0.002,RPC
FETCH,1762987411.797,52597,908,0.000,RAM
FETCH,1762987411.797,52599,45,0.003,RPC
FETCH,1762987411.798,52600,144,0.002,RPC
FETCH,1762987411.798,52598,87,0.002,RPC
FETCH,1762987411.798,52598,820,0.000,RAM
FETCH,1762987411.799,52597,15,0.002,RPC
FETCH,1762987411.799,52599,930,0.002,RPC
FETCH,1762987411.799,52600,2,0.001,RPC
FETCH,1762987411.800,52598,705,0.002,RPC
FETCH,1762987411.800,52598,587,0.000,RAM
FETCH,1762987411.800,52598,720,0.000,RAM
FETCH,1762987411.801,52599,761,0.001,RPC
FETCH,1762987411.801,52598,70,0.000,RAM
FETCH,1762987411.801,52597,141,0.002,RPC
FETCH,1762987411.801,52598,418,0.000,RAM
FETCH,1762987411.801,52598,375,0.000,RAM
FETCH,1762987411.801,52600,870,0.002,RPC
FETCH,1762987411.802,52600,225,0.001,RPC
FETCH,1762987411.802,52600,120,0.000,RAM
FETCH,1762987411.803,52600,643,0.000,RAM
FETCH,1762987411.803,52599,646,0.002,RPC
FETCH,1762987411.803,52597,202,0.002,RPC
FETCH,1762987411.803,52598,280,0.002,RPC
FETCH,1762987411.804,52598,170,0.000,RAM
FETCH,1762987411.804,52598,329,0.000,RAM
FETCH,1762987411.806,52600,56,0.003,RPC
FETCH,1762987411.807,52597,902,0.004,RPC
FETCH,1762987411.807,52599,592,0.004,RPC
FETCH,1762987411.807,52598,695,0.003,RPC
FETCH,1762987411.809,52598,130,0.002,RPC
FETCH,1762987411.810,52600,276,0.004,RPC
FETCH,1762987411.811,52597,824,0.005,RPC
FETCH,1762987411.812,52598,245,0.003,RPC
FETCH,1762987411.812,52599,433,0.005,RPC
FETCH,1762987411.812,52597,690,0.000,RAM
FETCH,1762987411.812,52600,105,0.002,RPC
FETCH,1762987411.814,52600,342,0.003,RPC
FETCH,1762987411.815,52599,844,0.003,RPC
FETCH,1762987411.815,52600,952,0.000,RAM
FETCH,1762987411.815,52597,872,0.003,RPC
FETCH,1762987411.815,52598,171,0.003,RPC
FETCH,1762987411.815,52598,149,0.000,RAM
FETCH,1762987411.815,52598,980,0.000,RAM
FETCH,1762987411.815,52597,422,0.000,RAM
FETCH,1762987411.816,52597,338,0.001,RAM
FETCH,1762987411.817,52600,766,0.002,RPC
FETCH,1762987411.817,52599,232,0.002,RPC
FETCH,1762987411.818,52598,688,0.002,RPC
FETCH,1762987411.818,52598,721,0.000,RAM
FETCH,1762987411.818,52598,947,0.000,RAM
FETCH,1762987411.818,52597,477,0.002,RPC
FETCH,1762987411.818,52600,183,0.002,RPC
FETCH,1762987411.819,52598,304,0.000,RAM
FETCH,1762987411.819,52600,72,0.000,RAM
FETCH,1762987411.819,52598,109,0.000,RAM
FETCH,1762987411.819,52600,138,0.000,RAM
FETCH,1762987411.822,52597,851,0.004,RPC
FETCH,1762987411.822,52600,303,0.003,RPC
FETCH,1762987411.823,52598,674,0.004,RPC
FETCH,1762987411.824,52600,647,0.001,RAM
FETCH,1762987411.824,52600,495,0.000,RAM
FETCH,1762987411.824,52598,332,0.000,RAM
FETCH,1762987411.824,52600,675,0.000,RAM
FETCH,1762987411.824,52599,852,0.007,RPC
FETCH,1762987411.825,52597,62,0.002,RPC
FETCH,1762987411.826,52599,151,0.002,RPC
FETCH,1762987411.827,52597,574,0.002,RPC
FETCH,1762987411.827,52600,428,0.003,RPC
FETCH,1762987411.827,52598,877,0.003,RPC
FETCH,1762987411.829,52599,602,0.002,RPC
FETCH,1762987411.829,52597,731,0.002,RPC
FETCH,1762987411.829,52599,59,0.000,RAM
FETCH,1762987411.829,52600,86,0.002,RPC
FETCH,1762987411.829,52597,203,0.000,RAM
FETCH,1762987411.829,52600,775,0.000,RAM
FETCH,1762987411.829,52597,655,0.000,RAM
FETCH,1762987411.829,52600,450,0.000,RAM
FETCH,1762987411.830,52598,447,0.003,RPC
FETCH,1762987411.830,52598,642,0.000,RAM
FETCH,1762987411.830,52598,195,0.001,RAM
FETCH,1762987411.831,52599,802,0.002,RPC
FETCH,1762987411.832,52600,818,0.002,RPC
FETCH,1762987411.832,52597,484,0.003,RPC
FETCH,1762987411.832,52600,500,0.000,RAM
FETCH,1762987411.833,52598,921,0.002,RPC
FETCH,1762987411.833,52598,896,0.000,RAM
FETCH,1762987411.833,52598,157,0.000,RAM
FETCH,1762987411.833,52599,618,0.002,RPC
FETCH,1762987411.834,52598,874,0.000,RAM
FETCH,1762987411.834,52599,456,0.000,RAM
FETCH,1762987411.834,52598,182,0.000,RAM
FETCH,1762987411.834,52600,701,0.002,RPC
FETCH,1762987411.834,52597,75,0.002,RPC
FETCH,1762987411.834,52600,79,0.000,RAM
FETCH,1762987411.835,52600,838,0.000,RAM
FETCH,1762987411.836,52599,871,0.002,RPC
FETCH,1762987411.836,52598,320,0.002,RPC
FETCH,1762987411.836,52597,950,0.001,RPC
FETCH,1762987411.836,52600,160,0.001,RPC
FETCH,1762987411.836,52597,735,0.000,RAM
FETCH,1762987411.836,52600,955,0.000,RAM
FETCH,1762987411.836,52597,749,0.000,RAM
FETCH,1762987411.837,52597,481,0.000,RAM
FETCH,1762987411.837,52598,77,0.001,RPC
FETCH,1762987411.837,52599,730,0.001,RPC
FETCH,1762987411.837,52600,308,0.001,RPC
FETCH,1762987411.838,52600,790,0.000,RAM
FETCH,1762987411.838,52597,417,0.002,RPC
FETCH,1762987411.838,52597,596,0.000,RAM
FETCH,1762987411.839,52599,35,0.001,RPC
FETCH,1762987411.839,52599,556,0.000,RAM
FETCH,1762987411.839,52598,622,0.002,RPC
FETCH,1762987411.839,52600,424,0.002,RPC
FETCH,1762987411.839,52600,416,0.000,RAM
FETCH,1762987411.840,52597,962,0.001,RPC
FETCH,1762987411.841,52599,770,0.002,RPC
FETCH,1762987411.841,52600,236,0.001,RPC
FETCH,1762987411.841,52598,738,0.002,RPC
FETCH,1762987411.842,52597,513,0.003,RPC
FETCH,1762987411.843,52599,283,0.002,RPC
FETCH,1762987411.843,52599,892,0.000,RAM
FETCH,1762987411.843,52600,127,0.002,RPC
FETCH,1762987411.843,52599,867,0.000,RAM
FETCH,1762987411.843,52598,464,0.002,RPC
FETCH,1762987411.844,52597,935,0.002,RPC
FETCH,1762987411.844,52597,298,0.000,RAM
FETCH,1762987411.844,52597,384,0.000,RAM
FETCH,1762987411.844,52599,335,0.001,RPC
FETCH,1762987411.845,52600,466,0.002,RPC
FETCH,1762987411.846,52598,832,0.002,RPC
FETCH,1762987411.846,52600,611,0.001,RPC
FETCH,1762987411.846,52597,876,0.002,RPC
FETCH,1762987411.846,52597,821,0.000,RAM
FETCH,1762987411.846,52597,296,0.000,RAM
FETCH,1762987411.847,52599,487,0.002,RPC
FETCH,1762987411.847,52597,636,0.000,RAM
FETCH,1762987411.847,52597,119,0.000,RAM
FETCH,1762987411.848,52598,541,0.002,RPC
FETCH,1762987411.848,52598,708,0.000,RAM
FETCH,1762987411.848,52598,882,0.000,RAM
FETCH,1762987411.848,52600,926,0.002,RPC
FETCH,1762987411.848,52599,922,0.002,RPC
FETCH,1762987411.848,52598,135,0.000,RAM
FETCH,1762987411.848,52599,780,0.000,RAM
FETCH,1762987411.848,52598,779,0.000,RAM
FETCH,1762987411.849,52597,33,0.002,RPC
FETCH,1762987411.850,52600,662,0.002,RPC
FETCH,1762987411.850,52600,911,0.000,RAM
FETCH,1762987411.850,52598,963,0.002,RPC
FETCH,1762987411.850,52599,889,0.002,RPC
FETCH,1762987411.850,52598,507,0.000,RAM
FETCH,1762987411.852,52597,67,0.003,RPC
FETCH,1762987411.852,52600,840,0.002,RPC
FETCH,1762987411.852,52597,39,0.000,RAM
FETCH,1762987411.852,52600,242,0.000,RAM
FETCH,1762987411.852,52599,606,0.002,RPC
FETCH,1762987411.852,52598,322,0.002,RPC
FETCH,1762987411.855,52599,803,0.003,RPC
FETCH,1762987411.855,52600,400,0.003,RPC
FETCH,1762987411.855,52599,177,0.000,RAM
FETCH,1762987411.855,52598,582,0.003,RPC
FETCH,1762987411.856,52600,274,0.000,RAM
FETCH,1762987411.856,52597,988,0.004,RPC
FETCH,1762987411.856,52600,253,0.000,RAM
FETCH,1762987411.856,52597,584,0.000,RAM
FETCH,1762987411.856,52597,899,0.000,RAM
FETCH,1762987411.857,52599,399,0.002,RPC
FETCH,1762987411.857,52598,244,0.002,RPC
FETCH,1762987411.857,52598,261,0.000,RAM
FETCH,1762987411.857,52598,229,0.000,RAM
FETCH,1762987411.857,52598,750,0.000,RAM
FETCH,1762987411.858,52600,961,0.002,RPC
FETCH,1762987411.859,52599,819,0.002,RPC
FETCH,1762987411.859,52598,856,0.001,RPC
FETCH,1762987411.859,52599,356,0.000,RAM
FETCH,1762987411.859,52597,69,0.003,RPC
FETCH,1762987411.859,52598,941,0.000,RAM
FETCH,1762987411.859,52599,156,0.000,RAM
FETCH,1762987411.859,52598,257,0.000,RAM
FETCH,1762987411.860,52600,256,0.002,RPC
FETCH,1762987411.861,52598,440,0.001,RPC
FETCH,1762987411.861,52597,623,0.002,RPC
FETCH,1762987411.861,52597,402,0.000,RAM
FETCH,1762987411.862,52599,726,0.003,RPC
FETCH,1762987411.862,52597,437,0.001,RPC
FETCH,1762987411.862,52600,722,0.002,RPC
FETCH,1762987411.862,52600,595,0.000,RAM
FETCH,1762987411.863,52598,505,0.002,RPC
FETCH,1762987411.864,52599,266,0.002,RPC
FETCH,1762987411.864,52600,499,0.001,RPC
FETCH,1762987411.864,52597,31,0.002,RPC
FETCH,1762987411.865,52598,603,0.002,RPC
FETCH,1762987411.865,52598,506,0.000,RAM
FETCH,1762987411.865,52598,368,0.000,RAM
FETCH,1762987411.865,52598,624,0.000,RAM
FETCH,1762987411.866,52597,386,0.002,RPC
FETCH,1762987411.866,52600,993,0.002,RPC
FETCH,1762987411.866,52599,44,0.002,RPC
FETCH,1762987411.866,52599,491,0.000,RAM
FETCH,1762987411.866,52599,165,0.000,RAM
FETCH,1762987411.868,52598,155,0.002,RPC
FETCH,1762987411.868,52597,372,0.002,RPC
FETCH,1762987411.868,52600,483,0.002,RPC
FETCH,1762987411.868,52600,756,0.000,RAM
FETCH,1762987411.869,52599,463,0.002,RPC
FETCH,1762987411.869,52599,785,0.000,RAM
FETCH,1762987411.870,52598,594,0.002,RPC
FETCH,1762987411.871,52598,586,0.000,RAM
FETCH,1762987411.871,52599,680,0.002,RPC
FETCH,1762987411.871,52600,733,0.003,RPC
FETCH,1762987411.871,52599,707,0.000,RAM
FETCH,1762987411.871,52597,448,0.003,RPC
FETCH,1762987411.871,52600,371,0.000,RAM
FETCH,1762987411.873,52600,700,0.002,RPC
FETCH,1762987411.873,52600,132,0.000,RAM
FETCH,1762987411.874,52597,873,0.002,RPC
FETCH,1762987411.874,52599,667,0.002,RPC
FETCH,1762987411.874,52599,94,0.000,RAM
FETCH,1762987411.876,52600,358,0.003,RPC
FETCH,1762987411.876,52599,702,0.002,RPC
FETCH,1762987411.876,52597,237,0.003,RPC
FETCH,1762987411.876,52600,432,0.000,RAM
FETCH,1762987411.877,52600,883,0.000,RAM
FETCH,1762987411.878,52600,678,0.002,RPC
FETCH,1762987411.878,52597,197,0.002,RPC
FETCH,1762987411.878,52599,223,0.002,RPC
FETCH,1762987411.880,52600,254,0.002,RPC
FETCH,1762987411.880,52597,807,0.002,RPC
FETCH,1762987411.880,52597,637,0.000,RAM
FETCH,1762987411.886,52599,470,0.008,RPC
FETCH,1762987411.886,52597,689,0.006,RPC
FETCH,1762987411.887,52600,469,0.007,RPC
FETCH,1762987411.887,52597,660,0.000,RAM
FETCH,1762987411.887,52600,699,0.000,RAM
FETCH,1762987411.890,52597,672,0.003,RPC
FETCH,1762987411.890,52600,246,0.003,RPC
FETCH,1762987411.890,52599,923,0.003,RPC
FETCH,1762987411.890,52597,898,0.001,RAM
FETCH,1762987411.890,52599,38,0.001,RAM
FETCH,1762987411.891,52600,383,0.001,RAM
FETCH,1762987411.891,52597,498,0.000,RAM
FETCH,1762987411.895,52600,590,0.004,RPC
FETCH,1762987411.895,52599,576,0.005,RPC
FETCH,1762987411.895,52597,760,0.004,RPC
FETCH,1762987411.895,52600,853,0.000,RAM
FETCH,1762987411.895,52600,442,0.000,RAM
FETCH,1762987411.897,52599,579,0.002,RPC
FETCH,1762987411.897,52600,982,0.002,RPC
FETCH,1762987411.897,52597,273,0.002,RPC
FETCH,1762987411.897,52599,776,0.000,RAM
FETCH,1762987411.897,52600,846,0.000,RAM
FETCH,1762987411.899,52599,233,0.002,RPC
FETCH,1762987411.899,52599,140,0.000,RAM
FETCH,1762987411.899,52597,830,0.002,RPC
FETCH,1762987411.899,52600,516,0.002,RPC
FETCH,1762987411.900,52599,897,0.000,RAM
FETCH,1762987411.901,52597,359,0.002,RPC
FETCH,1762987411.901,52600,357,0.002,RPC
FETCH,1762987411.902,52599,350,0.002,RPC
FETCH,1762987411.902,52597,178,0.000,RAM
FETCH,1762987411.903,52597,845,0.001,RAM
FETCH,1762987411.903,52597,616,0.000,RAM
FETCH,1762987411.903,52600,264,0.002,RPC
FETCH,1762987411.903,52600,429,0.000,RAM
FETCH,1762987411.904,52600,312,0.000,RAM
FETCH,1762987411.904,52599,409,0.002,RPC
FETCH,1762987411.905,52597,50,0.002,RPC
FETCH,1762987411.905,52597,423,0.000,RAM
FETCH,1762987411.905,52597,880,0.000,RAM
FETCH,1762987411.905,52597,388,0.000,RAM
FETCH,1762987411.905,52600,861,0.002,RPC
FETCH,1762987411.905,52600,788,0.000,RAM
FETCH,1762987411.906,52599,89,0.002,RPC
FETCH,1762987411.906,52600,939,0.001,RAM
FETCH,1762987411.906,52600,482,0.000,RAM
FETCH,1762987411.907,52597,459,0.002,RPC
FETCH,1762987411.907,52599,46,0.001,RPC
FETCH,1762987411.908,52597,490,0.002,RPC
FETCH,1762987411.909,52599,218,0.002,RPC
FETCH,1762987411.909,52597,540,0.000,RAM
FETCH,1762987411.909,52597,865,0.000,RAM
FETCH,1762987411.909,52597,562,0.000,RAM
FETCH,1762987411.910,52599,665,0.002,RPC
FETCH,1762987411.911,52597,965,0.002,RPC
FETCH,1762987411.912,52599,367,0.002,RPC
FETCH,1762987411.912,52597,147,0.002,RPC
FETCH,1762987411.912,52597,53,0.000,RAM
FETCH,1762987411.913,52597,841,0.000,RAM
FETCH,1762987411.914,52599,82,0.002,RPC
FETCH,1762987411.914,52597,488,0.001,RPC
FETCH,1762987411.915,52597,430,0.000,RAM
FETCH,1762987411.916,52599,828,0.002,RPC
FETCH,1762987411.916,52599,146,0.000,RAM
FETCH,1762987411.916,52597,657,0.002,RPC
FETCH,1762987411.916,52597,128,0.000,RAM
FETCH,1762987411.917,52599,794,0.002,RPC
FETCH,1762987411.920,52599,5,0.003,RPC
FETCH,1762987411.920,52597,282,0.004,RPC
FETCH,1762987411.920,52599,527,0.000,RAM
FETCH,1762987411.920,52597,271,0.000,RAM
FETCH,1762987411.920,52599,954,0.000,RAM
FETCH,1762987411.921,52597,3,0.000,RAM
FETCH,1762987411.921,52597,661,0.000,RAM
FETCH,1762987411.921,52597,918,0.000,RAM
FETCH,1762987411.923,52597,999,0.002,RPC
FETCH,1762987411.923,52599,36,0.002,RPC
FETCH,1762987411.925,52599,108,0.002,RPC
FETCH,1762987411.925,52597,782,0.002,RPC
FETCH,1762987411.925,52599,631,0.000,RAM
FETCH,1762987411.925,52597,49,0.000,RAM
FETCH,1762987411.925,52597,747,0.000,RAM
FETCH,1762987411.925,52597,142,0.000,RAM
FETCH,1762987411.927,52597,948,0.001,RPC
FETCH,1762987411.927,52599,617,0.002,RPC
FETCH,1762987411.928,52597,658,0.001,RPC
FETCH,1762987411.928,52599,107,0.001,RPC
FETCH,1762987411.928,52597,526,0.000,RAM
FETCH,1762987411.928,52599,201,0.000,RAM
FETCH,1762987411.930,52597,547,0.002,RPC
FETCH,1762987411.930,52599,787,0.002,RPC
FETCH,1762987411.930,52597,364,0.000,RAM
FETCH,1762987411.930,52597,529,0.000,RAM
FETCH,1762987411.930,52597,9,0.000,RAM
FETCH,1762987411.931,52599,405,0.001,RPC
FETCH,1762987411.931,52599,309,0.000,RAM
FETCH,1762987411.932,52599,398,0.000,RAM
FETCH,1762987411.932,52597,131,0.002,RPC
FETCH,1762987411.933,52599,473,0.001,RPC
FETCH,1762987411.933,52599,370,0.000,RAM
FETCH,1762987411.933,52597,213,0.001,RPC
FETCH,1762987411.935,52597,888,0.001,RPC
FETCH,1762987411.935,52599,981,0.002,RPC
FETCH,1762987411.935,52599,599,0.000,RAM
FETCH,1762987411.936,52597,471,0.001,RPC
FETCH,1762987411.936,52597,709,0.000,RAM
FETCH,1762987411.937,52597,989,0.000,RAM
FETCH,1762987411.937,52599,434,0.002,RPC
FETCH,1762987411.937,52597,19,0.000,RAM
FETCH,1762987411.937,52599,81,0.000,RAM
FETCH,1762987411.937,52597,563,0.000,RAM
FETCH,1762987411.937,52599,913,0.000,RAM
FETCH,1762987411.937,52599,645,0.000,RAM
FETCH,1762987411.938,52597,275,0.001,RPC
FETCH,1762987411.939,52599,90,0.002,RPC
FETCH,1762987411.939,52599,550,0.000,RAM
FETCH,1762987411.940,52597,533,0.002,RPC
FETCH,1762987411.941,52599,829,0.002,RPC
FETCH,1762987411.941,52599,723,0.000,RAM
FETCH,1762987411.942,52597,978,0.001,RPC
FETCH,1762987411.942,52597,956,0.000,RAM
FETCH,1762987411.942,52597,925,0.000,RAM
FETCH,1762987411.942,52597,217,0.000,RAM
FETCH,1762987411.944,52597,736,0.001,RPC
FETCH,1762987411.944,52597,669,0.000,RAM
FETCH,1762987411.944,52597,48,0.000,RAM
FETCH,1762987411.944,52597,990,0.000,RAM
FETCH,1762987411.945,52597,762,0.001,RPC
FETCH,1762987411.945,52597,20,0.000,RAM
FETCH,1762987411.947,52597,349,0.001,RPC
FETCH,1762987411.948,52597,568,0.001,RPC
FETCH,1762987411.948,52597,975,0.000,RAM
FETCH,1762987411.950,52597,21,0.002,RPC
FETCH,1762987411.952,52597,953,0.001,RPC
FETCH,1762987411.954,52597,238,0.002,RPC
FETCH,1762987411.956,52597,518,0.003,RPC
FETCH,1762987411.956,52597,248,0.000,RAM
FETCH,1762987411.956,52597,974,0.000,RAM
FETCH,1762987411.958,52597,184,0.001,RPC
FETCH,1762987411.959,52597,259,0.001,RPC
FETCH,1762987411.963,52597,805,0.003,RPC
FETCH,1762987411.963,52597,833,0.000,RAM
FETCH,1762987411.966,52597,255,0.002,RPC
FETCH,1762987411.966,52597,327,0.000,RAM
FETCH,1762987411.969,52597,397,0.003,RPC
FETCH,1762987411.969,52597,164,0.000,RAM
FETCH,1762987411.971,52597,101,0.002,RPC
FETCH,1762987411.971,52597,984,0.000,RAM
FETCH,1762987411.971,52597,571,0.000,RAM
FETCH,1762987411.973,52597,224,0.001,RPC
FETCH,1762987411.973,52597,901,0.000,RAM
FETCH,1762987411.974,52597,773,0.002,RPC
FETCH,1762987411.975,52597,900,0.000,RAM
FETCH,1762987411.976,52597,478,0.001,RPC
FETCH,1762987411.976,52597,42,0.000,RAM
FETCH,1762987411.978,52597,791,0.001,RPC
FETCH,1762987411.979,52597,389,0.001,RPC
FETCH,1762987411.979,52597,24,0.000,RAM
FETCH,1762987411.980,52597,472,0.001,RPC
FETCH,1762987411.982,52597,186,0.001,RPC
FETCH,1762987411.982,52597,454,0.000,RAM
FETCH,1762987411.982,52597,564,0.000,RAM
FETCH,1762987411.983,52597,887,0.002,RPC
FETCH,1762987411.983,52597,976,0.000,RAM
FETCH,1762987411.984,52597,57,0.000,RAM
FETCH,1762987411.985,52597,47,0.001,RPC
FETCH,1762987411.985,52597,334,0.000,RAM
FETCH,1762987411.986,52597,903,0.001,RPC
FETCH,1762987411.987,52597,12,0.000,RAM
FETCH,1762987411.988,52597,627,0.001,RPC
FETCH,1762987411.988,52597,943,0.000,RAM
FETCH,1762987411.988,52597,546,0.000,RAM
PROCESS,1762987412.031,52591,100,629,126,34,878,129,589,804,317,179,227,534,113,635,344,555,613,406,509,441,581,153,951,716,535,565,239,174,798,180,795,403,285,713,316,910,964,683,443,801,148,175,207,895,214,931,161,267,825,100,808,125,725,23,567,492,703,523,560,521,691,380,811,628,640,729,727,909,519,116,302,393,54,831,531,272,927,394,163,411,848,307,496,352,88,511,104,544,685,813,474,653,351,115,670,346,991,172,208,291,575
FETCH,1762987412.031,52598,810,0.000,RAM
FETCH,1762987412.033,52598,211,0.002,RPC
FETCH,1762987412.033,52598,318,0.000,RAM
FETCH,1762987412.036,52598,638,0.002,RPC
FETCH,1762987412.037,52598,260,0.002,RPC
FETCH,1762987412.037,52598,553,0.000,RAM
FETCH,1762987412.039,52598,340,0.002,RPC
FETCH,1762987412.039,52598,834,0.000,RAM
FETCH,1762987412.039,52598,755,0.000,RAM
FETCH,1762987412.040,52598,294,0.001,RPC
FETCH,1762987412.040,52598,524,0.000,RAM
FETCH,1762987412.042,52598,286,0.001,RPC
FETCH,1762987412.044,52598,751,0.002,RPC
FETCH,1762987412.045,52598,348,0.002,RPC
FETCH,1762987412.047,52598,284,0.002,RPC
FETCH,1762987412.050,52598,706,0.002,RPC
FETCH,1762987412.050,52598,136,0.000,RAM
FETCH,1762987412.053,52598,300,0.002,RPC
FETCH,1762987412.053,52598,946,0.000,RAM
FETCH,1762987412.053,52598,279,0.000,RAM
FETCH,1762987412.055,52598,967,0.002,RPC
FETCH,1762987412.055,52598,812,0.000,RAM
FETCH,1762987412.057,52598,347,0.002,RPC
FETCH,1762987412.059,52598,262,0.002,RPC
FETCH,1762987412.060,52598,714,0.001,RPC
FETCH,1762987412.061,52598,112,0.000,RAM
FETCH,1762987412.061,52598,907,0.000,RAM
FETCH,1762987412.063,52598,337,0.002,RPC
FETCH,1762987412.066,52598,210,0.003,RPC
FETCH,1762987412.066,52598,548,0.000,RAM
FETCH,1762987412.066,52598,945,0.000,RAM
FETCH,1762987412.066,52598,199,0.000,RAM
FETCH,1762987412.067,52598,817,0.000,RAM
FETCH,1762987412.067,52598,382,0.000,RAM
FETCH,1762987412.067,52598,243,0.000,RAM
FETCH,1762987412.067,52598,378,0.000,RAM
FETCH,1762987412.068,52598,200,0.001,RAM
FETCH,1762987412.069,52598,374,0.000,RAM
FETCH,1762987412.071,52598,593,0.003,RPC
FETCH,1762987412.074,52598,407,0.003,RPC
FETCH,1762987412.077,52598,530,0.002,RPC
FETCH,1762987412.077,52598,134,0.000,RAM
FETCH,1762987412.080,52598,806,0.003,RPC
FETCH,1762987412.082,52598,453,0.002,RPC
FETCH,1762987412.084,52598,158,0.002,RPC
FETCH,1762987412.084,52598,864,0.000,RAM
FETCH,1762987412.089,52598,696,0.006,RPC
FETCH,1762987412.090,52598,99,0.000,RAM
FETCH,1762987412.090,52598,102,0.000,RAM
FETCH,1762987412.090,52598,65,0.000,RAM
FETCH,1762987412.092,52598,425,0.002,RPC
FETCH,1762987412.093,52598,814,0.000,RAM
FETCH,1762987412.094,52598,998,0.002,RPC
FETCH,1762987412.096,52598,783,0.002,RPC
FETCH,1762987412.098,52598,648,0.002,RPC
FETCH,1762987412.098,52598,167,0.000,RAM
FETCH,1762987412.101,52598,687,0.002,RPC
FETCH,1762987412.102,52598,854,0.002,RPC
FETCH,1762987412.102,52598,221,0.000,RAM
FETCH,1762987412.103,52598,522,0.000,RAM
FETCH,1762987412.103,52598,235,0.000,RAM
FETCH,1762987412.103,52598,936,0.000,RAM
FETCH,1762987412.104,52598,421,0.002,RPC
FETCH,1762987412.106,52598,159,0.002,RPC
FETCH,1762987412.106,52598,277,0.000,RAM
FETCH,1762987412.108,52598,376,0.002,RPC
FETCH,1762987412.108,52598,43,0.000,RAM
FETCH,1762987412.110,52598,76,0.002,RPC
FETCH,1762987412.111,52598,677,0.002,RPC
FETCH,1762987412.113,52598,614,0.002,RPC
FETCH,1762987412.116,52598,561,0.003,RPC
FETCH,1762987412.118,52598,609,0.001,RAM
FETCH,1762987412.121,52598,525,0.003,RPC
FETCH,1762987412.121,52598,928,0.000,RAM
FETCH,1762987412.121,52598,682,0.000,RAM
FETCH,1762987412.121,52598,212,0.000,RAM
FETCH,1762987412.123,52598,759,0.002,RPC
FETCH,1762987412.125,52598,118,0.002,RPC
FETCH,1762987412.125,52598,401,0.000,RAM
FETCH,1762987412.127,52598,769,0.002,RPC
FETCH,1762987412.129,52598,894,0.002,RPC
FETCH,1762987412.131,52598,306,0.002,RPC
FETCH,1762987412.132,52598,110,0.001,RPC
FETCH,1762987412.134,52598,95,0.002,RPC
FETCH,1762987412.134,52598,123,0.000,RAM
FETCH,1762987412.137,52598,711,0.002,RPC
FETCH,1762987412.138,52598,767,0.002,RPC
FETCH,1762987412.139,52598,445,0.000,RAM
FETCH,1762987412.140,52598,192,0.002,RPC
FETCH,1762987412.140,52598,866,0.000,RAM
FETCH,1762987412.140,52598,369,0.000,RAM
FETCH,1762987412.140,52598,247,0.000,RAM
FETCH,1762987412.142,52598,855,0.002,RPC
FETCH,1762987412.144,52598,390,0.002,RPC
FETCH,1762987412.144,52598,314,0.000,RAM
FETCH,1762987412.144,52598,265,0.000,RAM
FETCH,1762987412.144,52598,772,0.000,RAM
FETCH,1762987412.144,52598,14,0.000,RAM
FETCH,1762987412.146,52598,290,0.002,RPC
FETCH,1762987412.146,52598,365,0.000,RAM
PROCESS,1762987412.307,52591,100,96,929,468,379,972,958,992,324,879,486,827,673,748,591,215,718,969,270,916,345,328,395,226,396,510,949,4,234,558,612,145,885,626,619,476,994,452,325,114,583,73,632,966,904,572,92,869,741,605,934,281,610,250,977,404,601,893,231,412,449,181,439,763,552,222,620,205,588,912,668,305,410,436,288,920,717,842,480,241,796,366,22,746,684,360,299,957,789,29,27,504,7,919,252,997,18,40,570,536,542
PROCESS,1762987412.573,52591,100,381,133,188,608,765,639,734,166,419,724,457,25,150,415,704,664,501,768,117,301,58,932,986,654,681,933,656,61,698,983,715,634,515,857,843,633,323,26,554,849,331,60,793,692,32,971,551,508,545,959,377,797,859,258,51,512,111,863,792,467,641,435,615,190,621,193,249,539,194,17,754,187,152,881,809,973,502,557,600,414,493,494,710,752,78,774,537,906,625,310,162,240,11,764,0,604,822,800,650,960
PROCESS,1762987412.840,52591,100,836,220,771,968,739,219,823,630,847,489,289,578,97,37,446,693,786,269,569,868,354,651,91,168,915,438,154,13,8,607,778,326,652,538,330,336,339,908,15,141,202,902,824,690,872,422,338,477,851,62,574,731,203,655,484,75,950,735,749,481,417,596,962,513,935,298,384,876,821,296,636,119,33,67,39,988,584,899,69,623,402,437,31,386,372,448,873,237,197,807,637,689,660,672,898,498,760,273,830,359
PROCESS,1762987413.098,52591,100,597,573,321,263,514,890,559,206,185,671,230,549,666,924,293,503,737,204,16,460,30,585,799,313,940,353,532,191,835,566,970,387,598,363,676,68,87,820,705,587,720,70,418,375,280,170,329,695,130,245,171,149,980,688,721,947,304,109,674,332,877,447,642,195,921,896,157,874,182,320,77,622,738,464,832,541,708,882,135,779,963,507,322,582,244,261,229,750,856,941,257,440,505,603,506,368,624,155,594,586
PROCESS,1762987413.377,52591,100,52,543,55,169,64,839,528,45,930,761,646,592,433,844,232,852,151,602,59,802,618,456,871,730,35,556,770,283,892,867,335,487,922,780,889,606,803,177,399,819,356,156,726,266,44,491,165,463,785,680,707,667,94,702,223,470,923,38,576,579,776,233,140,897,350,409,89,46,218,665,367,82,828,146,794,5,527,954,36,108,631,617,107,201,787,405,309,398,473,370,981,599,434,81,913,645,90,550,829,723
PROCESS,1762987413.643,52591,100,268,679,732,938,719,465,497,886,458,884,758,740,216,189,875,176,391,80,98,144,2,870,225,120,643,56,276,105,342,952,766,183,72,138,303,647,495,675,428,86,775,450,818,500,701,79,838,160,955,308,790,424,416,236,127,466,611,926,662,911,840,242,400,274,253,961,256,722,595,499,993,483,756,733,371,700,132,358,432,883,678,254,469,699,246,383,590,853,442,982,846,516,357,264,429,312,861,788,939,482
PROCESS,1762987413.901,52591,100,178,845,616,50,423,880,388,459,490,540,865,562,965,147,53,841,488,430,657,128,282,271,3,661,918,999,782,49,747,142,948,658,526,547,364,529,9,131,213,888,471,709,989,19,563,275,533,978,956,925,217,736,669,48,990,762,20,349,568,975,21,953,238,518,248,974,184,259,805,833,255,327,397,164,101,984,571,224,901,773,900,478,42,791,389,24,472,186,454,564,887,976,57,47,334,903,12,627,943,546
PROCESS,1762987414.157,52591,100,810,211,318,638,260,553,340,834,755,294,524,286,751,348,284,706,136,300,946,279,967,812,347,262,714,112,907,337,210,548,945,199,817,382,243,378,200,374,593,407,530,134,806,453,158,864,696,99,102,65,425,814,998,783,648,167,687,854,221,522,235,936,421,159,277,376,43,76,677,614,561,609,525,928,682,212,759,118,401,769,894,306,110,95,123,711,767,445,192,866,369,247,855,390,314,265,772,14,290,365
