# Pipeline Activity Log - ResNet152
# Format: ACTIVITY_TYPE,TIMESTAMP,PROCESS_ID,DATA
# FETCH: Worker fetches image from S3 (timestamp,worker_id,image_idx,fetch_time)
# PROCESS: Main process processes batch (timestamp,main_id,batch_size,image_indices)
#
FETCH,1762734197.832,26194,474,0.372
FETCH,1762734197.837,26196,942,0.278
FETCH,1762734197.878,26193,907,0.309
FETCH,1762734197.882,26195,371,0.323
FETCH,1762734197.912,26196,484,0.075
FETCH,1762734197.912,26194,546,0.080
FETCH,1762734197.934,26193,803,0.056
FETCH,1762734197.988,26195,616,0.106
FETCH,1762734197.988,26196,891,0.076
FETCH,1762734197.989,26194,99,0.076
FETCH,1762734198.016,26193,899,0.081
FETCH,1762734198.061,26196,246,0.072
FETCH,1762734198.071,26194,449,0.082
FETCH,1762734198.095,26195,260,0.106
FETCH,1762734198.116,26193,647,0.099
FETCH,1762734198.133,26196,597,0.072
FETCH,1762734198.180,26194,395,0.108
FETCH,1762734198.201,26195,423,0.106
FETCH,1762734198.213,26196,971,0.079
FETCH,1762734198.245,26194,13,0.064
FETCH,1762734198.257,26193,728,0.141
FETCH,1762734198.280,26195,410,0.078
FETCH,1762734198.285,26196,740,0.072
FETCH,1762734198.320,26193,437,0.062
FETCH,1762734198.325,26194,296,0.080
FETCH,1762734198.344,26196,185,0.058
FETCH,1762734198.365,26195,955,0.085
FETCH,1762734198.381,26193,376,0.061
FETCH,1762734198.393,26194,434,0.067
FETCH,1762734198.399,26196,532,0.055
FETCH,1762734198.454,26195,264,0.089
FETCH,1762734198.454,26194,541,0.061
FETCH,1762734198.472,26196,729,0.073
FETCH,1762734198.480,26193,935,0.099
FETCH,1762734198.518,26195,672,0.063
FETCH,1762734198.523,26194,717,0.069
FETCH,1762734198.555,26193,18,0.074
FETCH,1762734198.572,26196,244,0.100
FETCH,1762734198.623,26195,233,0.105
FETCH,1762734198.623,26194,503,0.099
FETCH,1762734198.637,26193,127,0.082
FETCH,1762734198.650,26196,164,0.078
FETCH,1762734198.705,26194,159,0.081
FETCH,1762734198.705,26195,231,0.081
FETCH,1762734198.709,26196,92,0.059
FETCH,1762734198.761,26194,961,0.055
FETCH,1762734198.762,26195,570,0.057
FETCH,1762734198.772,26193,216,0.135
FETCH,1762734198.810,26196,583,0.100
FETCH,1762734198.823,26195,620,0.061
FETCH,1762734198.823,26194,143,0.062
FETCH,1762734198.840,26193,552,0.067
FETCH,1762734198.898,26193,927,0.058
FETCH,1762734198.898,26194,997,0.074
FETCH,1762734198.898,26195,341,0.074
FETCH,1762734198.898,26196,145,0.088
FETCH,1762734198.961,26193,276,0.062
FETCH,1762734198.966,26195,718,0.067
FETCH,1762734199.047,26194,693,0.148
FETCH,1762734199.047,26195,500,0.081
FETCH,1762734199.083,26193,792,0.122
FETCH,1762734199.116,26194,999,0.068
FETCH,1762734199.187,26194,166,0.070
FETCH,1762734199.187,26193,684,0.103
FETCH,1762734199.187,26195,140,0.139
FETCH,1762734199.193,26196,506,0.294
FETCH,1762734199.252,26193,472,0.065
FETCH,1762734199.258,26195,900,0.070
FETCH,1762734199.266,26194,691,0.078
FETCH,1762734199.299,26196,100,0.105
FETCH,1762734199.320,26193,648,0.067
FETCH,1762734199.327,26195,486,0.069
FETCH,1762734199.361,26194,174,0.095
FETCH,1762734199.386,26195,311,0.059
FETCH,1762734199.424,26194,436,0.062
FETCH,1762734199.425,26196,747,0.125
FETCH,1762734199.477,26195,657,0.090
FETCH,1762734199.496,26194,716,0.072
FETCH,1762734199.504,26193,853,0.183
FETCH,1762734199.510,26196,874,0.085
FETCH,1762734199.582,26196,623,0.072
FETCH,1762734199.599,26194,603,0.102
FETCH,1762734199.599,26195,289,0.121
FETCH,1762734199.606,26193,373,0.101
FETCH,1762734199.660,26195,346,0.061
FETCH,1762734199.667,26194,775,0.068
FETCH,1762734199.671,26193,653,0.066
FETCH,1762734199.696,26196,703,0.113
FETCH,1762734199.731,26194,687,0.064
FETCH,1762734199.744,26193,119,0.072
FETCH,1762734199.767,26195,863,0.107
FETCH,1762734199.786,26196,886,0.090
FETCH,1762734199.799,26194,617,0.067
FETCH,1762734199.814,26193,184,0.070
FETCH,1762734199.861,26195,640,0.094
FETCH,1762734199.868,26193,830,0.053
FETCH,1762734199.879,26196,364,0.092
FETCH,1762734199.892,26194,882,0.093
FETCH,1762734199.924,26193,496,0.056
FETCH,1762734199.951,26196,915,0.072
FETCH,1762734199.966,26194,485,0.074
FETCH,1762734199.993,26195,910,0.132
FETCH,1762734200.008,26196,148,0.057
FETCH,1762734200.020,26194,798,0.054
FETCH,1762734200.037,26193,881,0.114
FETCH,1762734200.064,26196,343,0.056
FETCH,1762734200.078,26194,197,0.058
FETCH,1762734200.111,26195,745,0.117
FETCH,1762734200.118,26193,383,0.080
FETCH,1762734200.147,26196,604,0.082
FETCH,1762734200.202,26195,321,0.091
FETCH,1762734200.203,26194,575,0.124
FETCH,1762734200.220,26193,750,0.101
FETCH,1762734200.267,26194,520,0.063
FETCH,1762734200.267,26196,602,0.119
FETCH,1762734200.277,26193,895,0.056
FETCH,1762734200.301,26195,780,0.098
FETCH,1762734200.325,26194,54,0.058
FETCH,1762734200.333,26196,637,0.066
FETCH,1762734200.340,26193,241,0.063
FETCH,1762734200.380,26195,953,0.079
FETCH,1762734200.403,26193,818,0.063
FETCH,1762734200.412,26194,171,0.086
FETCH,1762734200.418,26196,663,0.085
FETCH,1762734200.449,26195,355,0.068
FETCH,1762734200.477,26194,52,0.064
FETCH,1762734200.495,26193,550,0.091
FETCH,1762734200.517,26195,463,0.067
FETCH,1762734200.539,26194,334,0.061
FETCH,1762734200.548,26193,975,0.053
FETCH,1762734200.551,26196,679,0.133
FETCH,1762734200.586,26195,247,0.068
FETCH,1762734200.613,26194,292,0.073
FETCH,1762734200.620,26193,161,0.071
FETCH,1762734200.650,26196,74,0.098
FETCH,1762734200.655,26195,731,0.068
FETCH,1762734200.684,26193,699,0.064
FETCH,1762734200.684,26194,748,0.070
FETCH,1762734200.707,26195,880,0.052
FETCH,1762734200.711,26196,418,0.062
FETCH,1762734200.770,26195,290,0.063
FETCH,1762734200.770,26194,828,0.086
FETCH,1762734200.772,26193,393,0.088
FETCH,1762734200.775,26196,385,0.063
FETCH,1762734200.830,26195,278,0.060
FETCH,1762734200.831,26194,98,0.061
FETCH,1762734200.845,26193,879,0.073
FETCH,1762734200.875,26196,495,0.100
FETCH,1762734200.910,26195,956,0.079
FETCH,1762734200.924,26193,303,0.079
FETCH,1762734200.924,26194,757,0.093
FETCH,1762734200.979,26196,153,0.104
FETCH,1762734200.991,26194,222,0.066
FETCH,1762734201.004,26195,137,0.094
FETCH,1762734201.028,26193,301,0.103
FETCH,1762734201.064,26194,245,0.073
FETCH,1762734201.073,26196,702,0.093
FETCH,1762734201.097,26195,685,0.093
FETCH,1762734201.097,26193,234,0.069
FETCH,1762734201.148,26194,457,0.084
FETCH,1762734201.159,26193,480,0.062
FETCH,1762734201.173,26195,777,0.076
FETCH,1762734201.196,26194,469,0.047
FETCH,1762734201.196,26196,686,0.123
FETCH,1762734201.227,26195,468,0.054
FETCH,1762734201.231,26193,607,0.072
FETCH,1762734201.260,26194,584,0.064
FETCH,1762734201.267,26196,696,0.071
FETCH,1762734201.314,26193,968,0.083
FETCH,1762734201.334,26196,802,0.067
FETCH,1762734201.360,26195,122,0.133
FETCH,1762734201.360,26194,29,0.099
FETCH,1762734201.372,26193,149,0.058
FETCH,1762734201.398,26196,40,0.064
FETCH,1762734201.430,26194,176,0.070
FETCH,1762734201.430,26195,42,0.070
FETCH,1762734201.480,26193,384,0.108
FETCH,1762734201.484,26196,908,0.086
FETCH,1762734201.501,26194,259,0.071
FETCH,1762734201.503,26195,601,0.072
FETCH,1762734201.563,26193,924,0.082
FETCH,1762734201.563,26196,592,0.079
FETCH,1762734201.565,26194,89,0.064
FETCH,1762734201.583,26195,598,0.081
FETCH,1762734201.624,26194,46,0.059
FETCH,1762734201.644,26196,83,0.080
FETCH,1762734201.662,26193,150,0.099
FETCH,1762734201.663,26195,115,0.080
FETCH,1762734201.690,26194,894,0.065
FETCH,1762734201.736,26196,600,0.092
FETCH,1762734201.736,26195,965,0.072
FETCH,1762734201.752,26193,980,0.088
FETCH,1762734201.752,26194,811,0.062
FETCH,1762734201.819,26194,774,0.067
FETCH,1762734201.819,26196,43,0.082
FETCH,1762734201.835,26195,162,0.099
FETCH,1762734201.835,26193,655,0.083
FETCH,1762734201.876,26194,950,0.057
FETCH,1762734201.882,26196,352,0.063
FETCH,1762734201.903,26193,887,0.068
FETCH,1762734201.926,26195,720,0.091
FETCH,1762734201.962,26193,822,0.059
FETCH,1762734201.975,26194,91,0.099
FETCH,1762734201.993,26195,467,0.067
FETCH,1762734202.012,26196,183,0.130
FETCH,1762734202.023,26193,129,0.061
FETCH,1762734202.045,26194,505,0.069
FETCH,1762734202.089,26195,400,0.095
FETCH,1762734202.096,26196,580,0.084
FETCH,1762734202.100,26193,447,0.077
FETCH,1762734202.154,26195,587,0.065
FETCH,1762734202.157,26196,651,0.061
FETCH,1762734202.163,26193,668,0.062
FETCH,1762734202.200,26194,221,0.155
FETCH,1762734202.239,26193,914,0.075
FETCH,1762734202.247,26195,473,0.092
FETCH,1762734202.249,26196,577,0.091
FETCH,1762734202.277,26194,809,0.076
FETCH,1762734202.313,26193,872,0.073
FETCH,1762734202.313,26195,315,0.065
FETCH,1762734202.325,26196,401,0.076
FETCH,1762734202.334,26194,865,0.057
FETCH,1762734202.394,26196,187,0.069
FETCH,1762734202.395,26193,130,0.082
FETCH,1762734202.403,26195,217,0.090
FETCH,1762734202.418,26194,274,0.084
FETCH,1762734202.457,26196,534,0.063
FETCH,1762734202.468,26195,628,0.064
FETCH,1762734202.471,26194,389,0.053
FETCH,1762734202.505,26193,144,0.110
FETCH,1762734202.513,26196,794,0.056
FETCH,1762734202.543,26195,662,0.075
FETCH,1762734202.543,26194,666,0.072
FETCH,1762734202.576,26193,867,0.070
FETCH,1762734202.603,26194,339,0.060
FETCH,1762734202.611,26196,531,0.099
FETCH,1762734202.613,26195,813,0.071
FETCH,1762734202.654,26194,331,0.052
FETCH,1762734202.671,26196,994,0.060
FETCH,1762734202.671,26195,138,0.058
FETCH,1762734202.685,26193,314,0.109
FETCH,1762734202.714,26194,524,0.060
FETCH,1762734202.744,26193,11,0.059
FETCH,1762734202.752,26195,219,0.081
FETCH,1762734202.753,26196,730,0.081
FETCH,1762734202.773,26194,320,0.058
FETCH,1762734202.808,26196,982,0.055
FETCH,1762734202.814,26193,824,0.070
FETCH,1762734202.820,26195,742,0.067
FETCH,1762734202.840,26194,723,0.067
FETCH,1762734202.886,26193,205,0.072
FETCH,1762734202.905,26195,226,0.085
FETCH,1762734202.905,26196,324,0.097
FETCH,1762734202.923,26194,211,0.083
FETCH,1762734202.965,26196,36,0.060
FETCH,1762734202.965,26195,943,0.060
FETCH,1762734202.965,26193,732,0.079
FETCH,1762734203.046,26195,920,0.081
FETCH,1762734203.046,26193,871,0.080
FETCH,1762734203.047,26194,380,0.123
FETCH,1762734203.054,26196,878,0.088
FETCH,1762734203.109,26195,75,0.062
FETCH,1762734203.122,26193,741,0.076
FETCH,1762734203.156,26196,683,0.101
FETCH,1762734203.168,26194,354,0.120
FETCH,1762734203.199,26193,157,0.076
FETCH,1762734203.199,26195,551,0.089
FETCH,1762734203.233,26196,31,0.076
FETCH,1762734203.264,26195,206,0.064
FETCH,1762734203.266,26194,353,0.097
FETCH,1762734203.306,26193,464,0.107
FETCH,1762734203.320,26196,919,0.086
FETCH,1762734203.325,26195,2,0.060
FETCH,1762734203.334,26194,554,0.068
FETCH,1762734203.389,26194,96,0.055
FETCH,1762734203.406,26196,33,0.086
FETCH,1762734203.411,26195,781,0.085
FETCH,1762734203.416,26193,725,0.109
FETCH,1762734203.441,26194,58,0.051
FETCH,1762734203.480,26196,859,0.074
FETCH,1762734203.486,26195,6,0.075
FETCH,1762734203.501,26194,19,0.060
FETCH,1762734203.514,26193,674,0.098
FETCH,1762734203.543,26195,759,0.057
FETCH,1762734203.543,26196,634,0.063
FETCH,1762734203.590,26194,235,0.089
FETCH,1762734203.595,26193,690,0.080
FETCH,1762734203.604,26196,618,0.060
FETCH,1762734203.604,26195,565,0.061
FETCH,1762734203.653,26194,9,0.063
FETCH,1762734203.671,26196,387,0.067
FETCH,1762734203.687,26193,165,0.092
FETCH,1762734203.705,26195,38,0.100
FETCH,1762734203.708,26194,990,0.055
FETCH,1762734203.732,26196,196,0.061
FETCH,1762734203.740,26193,545,0.053
FETCH,1762734203.764,26194,770,0.055
FETCH,1762734203.777,26195,121,0.072
FETCH,1762734203.812,26193,519,0.072
FETCH,1762734203.825,26194,81,0.061
FETCH,1762734203.839,26196,412,0.107
FETCH,1762734203.872,26195,948,0.095
FETCH,1762734203.881,26193,527,0.069
FETCH,1762734203.893,26194,366,0.067
FETCH,1762734203.929,26196,332,0.089
FETCH,1762734203.929,26195,295,0.057
FETCH,1762734203.952,26194,249,0.059
FETCH,1762734203.961,26193,108,0.079
FETCH,1762734204.006,26195,270,0.076
FETCH,1762734204.021,26196,50,0.092
FETCH,1762734204.024,26194,481,0.071
FETCH,1762734204.048,26193,928,0.086
FETCH,1762734204.096,26196,454,0.075
FETCH,1762734204.104,26194,136,0.080
FETCH,1762734204.104,26193,220,0.056
FETCH,1762734204.105,26195,112,0.099
FETCH,1762734204.158,26194,563,0.054
FETCH,1762734204.162,26193,929,0.057
FETCH,1762734204.191,26195,698,0.086
FETCH,1762734204.199,26196,574,0.102
FETCH,1762734204.233,26194,646,0.074
FETCH,1762734204.270,26193,883,0.109
FETCH,1762734204.281,26196,694,0.082
FETCH,1762734204.281,26195,293,0.090
FETCH,1762734204.293,26194,135,0.060
FETCH,1762734204.349,26193,755,0.078
FETCH,1762734204.358,26196,784,0.077
FETCH,1762734204.366,26194,271,0.073
FETCH,1762734204.402,26193,73,0.054
FETCH,1762734204.423,26196,476,0.065
FETCH,1762734204.429,26194,237,0.063
FETCH,1762734204.481,26195,782,0.200
FETCH,1762734204.495,26196,917,0.072
FETCH,1762734204.503,26193,459,0.100
FETCH,1762734204.521,26194,435,0.092
FETCH,1762734204.572,26193,168,0.069
FETCH,1762734204.585,26195,588,0.103
FETCH,1762734204.585,26194,810,0.063
FETCH,1762734204.612,26196,322,0.116
FETCH,1762734204.641,26193,117,0.069
FETCH,1762734204.648,26194,479,0.063
FETCH,1762734204.674,26195,227,0.090
FETCH,1762734204.687,26196,439,0.075
FETCH,1762734204.716,26193,898,0.075
FETCH,1762734204.722,26194,591,0.074
FETCH,1762734204.766,26196,306,0.079
FETCH,1762734204.770,26193,253,0.054
FETCH,1762734204.780,26195,207,0.106
FETCH,1762734204.780,26194,582,0.058
FETCH,1762734204.830,26196,555,0.063
FETCH,1762734204.846,26195,362,0.066
FETCH,1762734204.872,26194,388,0.092
FETCH,1762734204.886,26193,223,0.116
FETCH,1762734204.908,26196,726,0.078
FETCH,1762734204.908,26195,864,0.062
FETCH,1762734204.976,26195,814,0.067
FETCH,1762734204.979,26196,676,0.071
FETCH,1762734204.985,26193,987,0.099
FETCH,1762734204.992,26194,909,0.119
FETCH,1762734205.044,26193,281,0.058
FETCH,1762734205.054,26196,821,0.074
FETCH,1762734205.067,26195,60,0.091
FETCH,1762734205.078,26194,327,0.086
FETCH,1762734205.129,26193,95,0.086
FETCH,1762734205.130,26196,825,0.075
FETCH,1762734205.131,26195,175,0.064
FETCH,1762734205.186,26196,957,0.056
FETCH,1762734205.201,26195,441,0.070
FETCH,1762734205.201,26193,538,0.072
FETCH,1762734205.221,26194,849,0.143
FETCH,1762734205.276,26193,78,0.075
FETCH,1762734205.277,26194,701,0.056
FETCH,1762734205.294,26195,760,0.093
FETCH,1762734205.294,26196,342,0.108
FETCH,1762734205.358,26193,392,0.082
FETCH,1762734205.361,26195,147,0.067
FETCH,1762734205.364,26196,738,0.070
FETCH,1762734205.427,26193,308,0.068
FETCH,1762734205.427,26195,751,0.066
FETCH,1762734205.443,26196,845,0.079
FETCH,1762734205.486,26195,23,0.059
FETCH,1762734205.501,26193,318,0.074
FETCH,1762734205.506,26196,586,0.063
FETCH,1762734205.567,26195,26,0.081
FETCH,1762734205.567,26193,378,0.066
FETCH,1762734205.575,26196,347,0.068
FETCH,1762734205.621,26195,916,0.054
FETCH,1762734205.648,26196,497,0.073
FETCH,1762734205.648,26193,839,0.081
FETCH,1762734205.692,26195,15,0.071
FETCH,1762734205.707,26194,944,0.191
FETCH,1762734205.715,26196,983,0.066
FETCH,1762734205.739,26193,743,0.090
FETCH,1762734205.780,26194,209,0.072
FETCH,1762734205.802,26196,710,0.087
FETCH,1762734205.817,26193,711,0.078
FETCH,1762734205.822,26195,409,0.130
FETCH,1762734205.846,26194,996,0.066
FETCH,1762734205.858,26196,323,0.056
FETCH,1762734205.891,26195,714,0.069
FETCH,1762734205.920,26194,312,0.074
FETCH,1762734205.953,26196,493,0.095
FETCH,1762734205.985,26194,101,0.065
FETCH,1762734205.992,26195,194,0.101
PROCESS,1762734206.034,26184,100,907,803,899,647,728,437,376,935,18,127,216,552,927,276,792,684,472,648,853,373,653,119,184,830,496,881,383,750,895,241,818,550,975,161,699,393,879,303,301,234,480,607,968,149,384,924,150,980,655,887,822,129,447,668,914,872,130,144,867,314,11,824,205,732,871,741,157,464,725,674,690,165,545,519,527,108,928,220,929,883,755,73,459,168,117,898,253,223,987,281,95,538,78,392,308,318,378,839,743,711
FETCH,1762734206.037,26196,986,0.084
FETCH,1762734206.055,26194,509,0.069
FETCH,1762734206.112,26194,356,0.057
FETCH,1762734206.210,26193,372,0.383
FETCH,1762734206.227,26194,695,0.115
FETCH,1762734206.294,26193,739,0.084
FETCH,1762734206.323,26194,843,0.096
FETCH,1762734206.323,26195,561,0.139
FETCH,1762734206.380,26193,498,0.086
FETCH,1762734206.394,26195,846,0.070
FETCH,1762734206.431,26196,93,0.185
FETCH,1762734206.437,26194,605,0.114
FETCH,1762734206.443,26193,851,0.063
FETCH,1762734206.443,26195,490,0.049
FETCH,1762734206.487,26195,319,0.043
FETCH,1762734206.501,26194,232,0.063
FETCH,1762734206.519,26196,860,0.088
FETCH,1762734206.537,26195,659,0.050
FETCH,1762734206.541,26193,411,0.098
FETCH,1762734206.574,26196,626,0.055
FETCH,1762734206.580,26195,831,0.043
FETCH,1762734206.638,26196,204,0.064
FETCH,1762734206.638,26194,172,0.137
FETCH,1762734206.638,26193,712,0.096
FETCH,1762734206.665,26195,487,0.084
FETCH,1762734206.686,26194,414,0.048
FETCH,1762734206.702,26196,752,0.064
FETCH,1762734206.710,26195,230,0.045
FETCH,1762734206.726,26193,624,0.088
FETCH,1762734206.783,26195,456,0.072
FETCH,1762734206.795,26194,922,0.109
FETCH,1762734206.803,26196,416,0.101
FETCH,1762734206.815,26193,838,0.089
FETCH,1762734206.874,26194,724,0.079
FETCH,1762734206.887,26196,985,0.084
FETCH,1762734206.895,26193,758,0.079
FETCH,1762734206.903,26195,426,0.120
FETCH,1762734206.936,26194,67,0.062
FETCH,1762734206.949,26195,283,0.046
FETCH,1762734206.951,26196,654,0.064
FETCH,1762734206.967,26193,826,0.071
FETCH,1762734207.027,26194,350,0.091
FETCH,1762734207.028,26195,660,0.079
FETCH,1762734207.048,26193,974,0.081
FETCH,1762734207.054,26196,443,0.104
FETCH,1762734207.081,26194,754,0.054
FETCH,1762734207.088,26195,572,0.059
FETCH,1762734207.121,26196,128,0.066
FETCH,1762734207.134,26193,913,0.086
FETCH,1762734207.156,26195,633,0.069
FETCH,1762734207.161,26194,795,0.079
FETCH,1762734207.188,26193,539,0.053
FETCH,1762734207.202,26196,858,0.081
FETCH,1762734207.222,26194,926,0.062
FETCH,1762734207.242,26195,72,0.086
FETCH,1762734207.248,26193,111,0.060
FETCH,1762734207.264,26196,569,0.062
FETCH,1762734207.284,26194,155,0.061
FETCH,1762734207.319,26195,429,0.076
FETCH,1762734207.342,26196,369,0.077
FETCH,1762734207.354,26193,202,0.106
FETCH,1762734207.368,26194,228,0.084
FETCH,1762734207.422,26194,482,0.054
FETCH,1762734207.424,26195,978,0.105
FETCH,1762734207.438,26196,1,0.097
FETCH,1762734207.484,26194,606,0.062
FETCH,1762734207.506,26196,199,0.068
FETCH,1762734207.522,26195,556,0.098
FETCH,1762734207.553,26194,904,0.069
FETCH,1762734207.568,26195,191,0.046
FETCH,1762734207.568,26193,642,0.214
FETCH,1762734207.616,26196,889,0.109
FETCH,1762734207.624,26194,817,0.071
FETCH,1762734207.630,26195,340,0.062
FETCH,1762734207.640,26193,475,0.072
FETCH,1762734207.665,26196,85,0.049
FETCH,1762734207.687,26195,789,0.056
FETCH,1762734207.699,26194,549,0.075
FETCH,1762734207.713,26193,681,0.073
FETCH,1762734207.751,26195,998,0.064
FETCH,1762734207.763,26194,491,0.064
FETCH,1762734207.770,26196,791,0.105
PROCESS,1762734207.806,26184,100,474,546,99,449,395,13,296,434,541,717,503,159,961,143,997,693,999,166,691,174,436,716,603,775,687,617,882,485,798,197,575,520,54,171,52,334,292,748,828,98,757,222,245,457,469,584,29,176,259,89,46,894,811,774,950,91,505,221,809,865,274,389,666,339,331,524,320,723,211,380,354,353,554,96,58,19,235,9,990,770,81,366,249,481,136,563,646,135,271,237,435,810,479,591,582,388,909,327,849,701
FETCH,1762734207.816,26193,419,0.103
FETCH,1762734207.826,26194,799,0.063
FETCH,1762734207.831,26196,829,0.061
FETCH,1762734207.831,26195,790,0.081
FETCH,1762734207.888,26194,30,0.061
FETCH,1762734207.889,26195,365,0.058
FETCH,1762734207.896,26193,559,0.081
FETCH,1762734207.908,26196,453,0.076
FETCH,1762734207.939,26195,4,0.050
FETCH,1762734207.951,26194,722,0.063
FETCH,1762734207.961,26193,619,0.065
FETCH,1762734207.963,26196,988,0.055
FETCH,1762734207.992,26195,875,0.053
FETCH,1762734208.021,26193,796,0.060
FETCH,1762734208.048,26194,35,0.097
FETCH,1762734208.062,26196,488,0.100
FETCH,1762734208.075,26195,86,0.083
FETCH,1762734208.082,26193,309,0.061
PROCESS,1762734208.106,26184,100,371,616,260,423,410,955,264,672,233,231,570,620,341,718,500,140,900,486,311,657,289,346,863,640,910,745,321,780,953,355,463,247,731,880,290,278,956,137,685,777,468,122,42,601,598,115,965,162,720,467,400,587,473,315,217,628,662,813,138,219,742,226,943,920,75,551,206,2,781,6,759,565,38,121,948,295,270,112,698,293,782,588,227,207,362,864,814,60,175,441,760,147,751,23,26,916,15,409,714,194
FETCH,1762734208.121,26194,960,0.074
FETCH,1762734208.146,26193,537,0.064
FETCH,1762734208.156,26196,832,0.094
FETCH,1762734208.185,26195,675,0.110
FETCH,1762734208.215,26193,133,0.068
FETCH,1762734208.215,26194,63,0.093
FETCH,1762734208.240,26196,97,0.083
FETCH,1762734208.270,26195,103,0.086
FETCH,1762734208.283,26193,382,0.068
FETCH,1762734208.287,26194,344,0.072
FETCH,1762734208.297,26196,438,0.057
FETCH,1762734208.342,26194,665,0.054
FETCH,1762734208.342,26195,431,0.071
FETCH,1762734208.361,26193,906,0.078
FETCH,1762734208.361,26196,573,0.064
PROCESS,1762734208.376,26184,100,942,484,891,246,597,971,740,185,532,729,244,164,92,583,145,506,100,747,874,623,703,886,364,915,148,343,604,602,637,663,679,74,418,385,495,153,702,686,696,802,40,908,592,83,600,43,352,183,580,651,577,401,187,534,794,531,994,730,982,324,36,878,683,31,919,33,859,634,618,387,196,412,332,50,454,574,694,784,476,917,322,439,306,555,726,676,821,825,957,342,738,845,586,347,497,983,710,323,493,986
FETCH,1762734208.397,26194,375,0.055
FETCH,1762734208.400,26195,3,0.058
FETCH,1762734208.432,26193,41,0.071
FETCH,1762734208.454,26195,753,0.053
FETCH,1762734208.454,26194,240,0.056
FETCH,1762734208.499,26193,313,0.066
FETCH,1762734208.513,26196,697,0.151
FETCH,1762734208.536,26194,169,0.083
FETCH,1762734208.554,26195,181,0.101
FETCH,1762734208.575,26193,470,0.077
FETCH,1762734208.580,26196,715,0.067
FETCH,1762734208.592,26194,797,0.056
FETCH,1762734208.628,26196,218,0.047
FETCH,1762734208.628,26195,535,0.073
FETCH,1762734208.643,26193,903,0.068
FETCH,1762734208.685,26195,285,0.057
FETCH,1762734208.698,26194,330,0.105
FETCH,1762734208.704,26193,336,0.061
FETCH,1762734208.738,26196,192,0.110
FETCH,1762734208.763,26194,850,0.065
FETCH,1762734208.779,26193,68,0.074
FETCH,1762734208.788,26195,764,0.103
FETCH,1762734208.809,26196,599,0.071
FETCH,1762734208.842,26195,540,0.054
FETCH,1762734208.852,26194,884,0.089
FETCH,1762734208.868,26196,398,0.059
FETCH,1762734208.933,26196,682,0.064
FETCH,1762734208.933,26193,280,0.154
FETCH,1762734208.936,26194,746,0.083
FETCH,1762734208.953,26195,700,0.111
FETCH,1762734208.997,26193,405,0.063
FETCH,1762734209.000,26196,44,0.067
FETCH,1762734209.031,26195,989,0.078
FETCH,1762734209.036,26194,442,0.100
FETCH,1762734209.057,26193,705,0.059
FETCH,1762734209.081,26195,749,0.050
FETCH,1762734209.100,26196,415,0.100
FETCH,1762734209.113,26194,177,0.077
FETCH,1762734209.144,26195,444,0.063
FETCH,1762734209.149,26193,564,0.092
FETCH,1762734209.188,26194,812,0.074
FETCH,1762734209.195,26195,297,0.051
FETCH,1762734209.213,26193,16,0.063
FETCH,1762734209.221,26196,120,0.120
FETCH,1762734209.268,26193,870,0.055
FETCH,1762734209.274,26195,460,0.079
FETCH,1762734209.278,26194,658,0.090
FETCH,1762734209.295,26196,455,0.074
FETCH,1762734209.327,26195,892,0.052
FETCH,1762734209.354,26193,595,0.086
FETCH,1762734209.366,26194,643,0.088
FETCH,1762734209.404,26195,214,0.077
FETCH,1762734209.421,26193,941,0.067
FETCH,1762734209.422,26194,931,0.055
FETCH,1762734209.473,26195,84,0.068
FETCH,1762734209.491,26193,34,0.069
FETCH,1762734209.491,26194,767,0.069
FETCH,1762734209.523,26195,451,0.049
FETCH,1762734209.529,26196,885,0.233
FETCH,1762734209.562,26193,593,0.071
FETCH,1762734209.593,26195,558,0.070
FETCH,1762734209.593,26196,254,0.064
FETCH,1762734209.622,26194,163,0.130
FETCH,1762734209.635,26193,492,0.072
FETCH,1762734209.652,26195,776,0.059
FETCH,1762734209.652,26196,61,0.058
FETCH,1762734209.698,26194,106,0.075
FETCH,1762734209.698,26193,856,0.062
FETCH,1762734209.713,26195,835,0.061
FETCH,1762734209.713,26196,611,0.060
FETCH,1762734209.755,26194,773,0.057
FETCH,1762734209.764,26193,836,0.066
FETCH,1762734209.767,26195,967,0.054
FETCH,1762734209.778,26196,834,0.064
FETCH,1762734209.856,26194,744,0.101
FETCH,1762734209.856,26193,779,0.092
FETCH,1762734209.862,26196,896,0.084
FETCH,1762734209.915,26193,489,0.058
FETCH,1762734209.915,26195,377,0.147
FETCH,1762734209.926,26196,736,0.063
FETCH,1762734209.959,26194,66,0.103
FETCH,1762734209.978,26195,801,0.062
FETCH,1762734209.988,26193,461,0.072
FETCH,1762734209.996,26196,59,0.070
FETCH,1762734210.032,26195,266,0.054
FETCH,1762734210.051,26193,284,0.063
FETCH,1762734210.071,26194,952,0.111
FETCH,1762734210.088,26196,778,0.092
FETCH,1762734210.098,26195,806,0.065
FETCH,1762734210.114,26193,403,0.063
FETCH,1762734210.147,26194,158,0.076
FETCH,1762734210.155,26195,769,0.057
FETCH,1762734210.160,26196,123,0.072
FETCH,1762734210.200,26193,516,0.086
FETCH,1762734210.209,26195,262,0.053
FETCH,1762734210.220,26194,125,0.072
FETCH,1762734210.230,26196,349,0.069
FETCH,1762734210.273,26193,258,0.072
FETCH,1762734210.278,26194,368,0.057
FETCH,1762734210.293,26195,873,0.083
FETCH,1762734210.299,26196,763,0.069
FETCH,1762734210.338,26195,186,0.044
FETCH,1762734210.349,26193,440,0.075
FETCH,1762734210.365,26194,238,0.087
FETCH,1762734210.386,26196,359,0.087
FETCH,1762734210.413,26195,203,0.074
FETCH,1762734210.440,26193,787,0.090
FETCH,1762734210.470,26194,995,0.105
FETCH,1762734210.488,26196,229,0.101
FETCH,1762734210.490,26195,446,0.076
FETCH,1762734210.556,26193,841,0.116
FETCH,1762734210.556,26194,363,0.085
FETCH,1762734210.556,26195,198,0.066
FETCH,1762734210.601,26196,576,0.113
FETCH,1762734210.612,26195,762,0.055
FETCH,1762734210.626,26193,248,0.069
FETCH,1762734210.666,26196,300,0.064
FETCH,1762734210.677,26194,201,0.120
FETCH,1762734210.683,26195,333,0.071
FETCH,1762734210.704,26193,337,0.078
FETCH,1762734210.719,26196,959,0.052
FETCH,1762734210.744,26195,673,0.061
FETCH,1762734210.781,26196,170,0.062
FETCH,1762734210.805,26193,450,0.100
FETCH,1762734210.839,26196,432,0.057
FETCH,1762734210.843,26194,151,0.165
FETCH,1762734210.853,26195,578,0.108
FETCH,1762734210.892,26193,257,0.087
FETCH,1762734210.902,26194,612,0.059
FETCH,1762734210.905,26195,566,0.052
FETCH,1762734210.907,26196,765,0.067
FETCH,1762734210.959,26194,958,0.057
FETCH,1762734210.959,26193,21,0.067
FETCH,1762734210.964,26196,407,0.057
FETCH,1762734210.992,26195,937,0.087
FETCH,1762734211.018,26194,478,0.059
FETCH,1762734211.023,26196,939,0.058
FETCH,1762734211.029,26193,689,0.069
FETCH,1762734211.072,26195,208,0.080
FETCH,1762734211.094,26196,901,0.071
FETCH,1762734211.105,26194,361,0.087
FETCH,1762734211.111,26193,622,0.082
FETCH,1762734211.158,26196,37,0.064
FETCH,1762734211.179,26194,636,0.073
FETCH,1762734211.179,26195,357,0.106
FETCH,1762734211.206,26193,48,0.095
FETCH,1762734211.228,26195,420,0.049
FETCH,1762734211.233,26196,273,0.075
FETCH,1762734211.241,26194,57,0.063
FETCH,1762734211.278,26196,80,0.045
FETCH,1762734211.285,26195,236,0.058
FETCH,1762734211.299,26193,45,0.093
FETCH,1762734211.332,26194,902,0.091
FETCH,1762734211.336,26196,408,0.057
FETCH,1762734211.391,26193,14,0.092
FETCH,1762734211.397,26194,298,0.064
FETCH,1762734211.413,26195,661,0.128
FETCH,1762734211.433,26196,70,0.086
FETCH,1762734211.445,26193,189,0.054
FETCH,1762734211.460,26194,709,0.063
FETCH,1762734211.482,26195,530,0.068
FETCH,1762734211.493,26196,652,0.060
FETCH,1762734211.543,26194,977,0.083
FETCH,1762734211.551,26193,727,0.105
FETCH,1762734211.554,26196,210,0.061
FETCH,1762734211.564,26195,25,0.082
FETCH,1762734211.614,26196,590,0.060
FETCH,1762734211.625,26193,317,0.074
FETCH,1762734211.632,26194,567,0.088
FETCH,1762734211.667,26195,51,0.103
FETCH,1762734211.693,26196,251,0.078
FETCH,1762734211.712,26194,930,0.079
FETCH,1762734211.755,26193,261,0.129
FETCH,1762734211.767,26195,536,0.100
FETCH,1762734211.784,26194,213,0.071
FETCH,1762734211.801,26196,139,0.108
FETCH,1762734211.821,26193,609,0.066
FETCH,1762734211.860,26195,55,0.092
FETCH,1762734211.860,26196,152,0.059
FETCH,1762734211.878,26194,370,0.094
FETCH,1762734211.885,26193,396,0.064
FETCH,1762734211.906,26195,277,0.046
FETCH,1762734211.942,26194,946,0.063
FETCH,1762734211.953,26195,507,0.045
FETCH,1762734211.960,26196,631,0.100
FETCH,1762734211.961,26193,116,0.075
FETCH,1762734212.015,26195,76,0.062
FETCH,1762734212.022,26196,645,0.062
FETCH,1762734212.043,26193,502,0.082
FETCH,1762734212.043,26194,706,0.101
FETCH,1762734212.094,26194,288,0.050
FETCH,1762734212.101,26195,823,0.086
FETCH,1762734212.111,26193,154,0.068
FETCH,1762734212.131,26196,888,0.108
FETCH,1762734212.160,26194,335,0.066
FETCH,1762734212.167,26195,182,0.066
FETCH,1762734212.180,26193,981,0.068
FETCH,1762734212.188,26196,852,0.058
FETCH,1762734212.228,26195,517,0.061
FETCH,1762734212.229,26194,179,0.069
FETCH,1762734212.248,26193,613,0.068
FETCH,1762734212.272,26196,501,0.083
FETCH,1762734212.300,26194,553,0.070
FETCH,1762734212.320,26195,255,0.091
FETCH,1762734212.330,26193,252,0.081
FETCH,1762734212.360,26194,118,0.060
FETCH,1762734212.369,26195,65,0.049
FETCH,1762734212.414,26193,180,0.084
FETCH,1762734212.425,26195,667,0.056
FETCH,1762734212.445,26194,581,0.084
FETCH,1762734212.449,26196,669,0.176
FETCH,1762734212.469,26193,644,0.055
FETCH,1762734212.479,26195,542,0.054
FETCH,1762734212.531,26193,134,0.061
FETCH,1762734212.531,26196,786,0.082
FETCH,1762734212.531,26195,64,0.051
FETCH,1762734212.538,26194,844,0.093
FETCH,1762734212.585,26193,113,0.054
FETCH,1762734212.586,26195,940,0.055
FETCH,1762734212.647,26194,933,0.109
FETCH,1762734212.647,26195,386,0.061
FETCH,1762734212.666,26193,793,0.081
FETCH,1762734212.703,26194,508,0.056
FETCH,1762734212.703,26196,279,0.172
FETCH,1762734212.711,26195,533,0.064
FETCH,1762734212.721,26193,625,0.055
FETCH,1762734212.766,26194,114,0.062
FETCH,1762734212.769,26195,788,0.058
FETCH,1762734212.775,26196,77,0.072
FETCH,1762734212.793,26193,921,0.072
FETCH,1762734212.823,26195,282,0.053
FETCH,1762734212.845,26194,5,0.079
FETCH,1762734212.890,26196,897,0.114
FETCH,1762734212.898,26195,932,0.075
FETCH,1762734212.904,26193,972,0.110
FETCH,1762734212.930,26194,945,0.085
FETCH,1762734212.956,26196,397,0.066
FETCH,1762734212.964,26193,638,0.060
FETCH,1762734212.987,26195,571,0.088
FETCH,1762734213.041,26195,329,0.054
FETCH,1762734213.057,26194,471,0.126
FETCH,1762734213.074,26193,510,0.109
FETCH,1762734213.100,26196,69,0.143
FETCH,1762734213.110,26194,522,0.053
FETCH,1762734213.114,26195,379,0.072
FETCH,1762734213.170,26196,326,0.070
FETCH,1762734213.171,26193,562,0.097
FETCH,1762734213.171,26195,680,0.057
FETCH,1762734213.193,26194,525,0.083
FETCH,1762734213.231,26193,560,0.060
FETCH,1762734213.245,26196,805,0.074
FETCH,1762734213.255,26194,124,0.061
FETCH,1762734213.264,26195,837,0.093
FETCH,1762734213.313,26196,263,0.067
FETCH,1762734213.319,26193,305,0.087
FETCH,1762734213.334,26194,358,0.079
FETCH,1762734213.377,26196,756,0.063
FETCH,1762734213.390,26193,156,0.070
FETCH,1762734213.423,26194,200,0.089
FETCH,1762734213.471,26196,79,0.094
FETCH,1762734213.493,26193,458,0.102
FETCH,1762734213.493,26194,820,0.069
FETCH,1762734213.529,26196,543,0.057
FETCH,1762734213.584,26196,869,0.055
FETCH,1762734213.597,26193,62,0.104
FETCH,1762734213.668,26196,421,0.084
FETCH,1762734213.710,26193,448,0.113
FETCH,1762734213.723,26196,857,0.055
FETCH,1762734213.791,26196,962,0.068
FETCH,1762734213.791,26193,761,0.081
FETCH,1762734213.792,26194,394,0.295
FETCH,1762734213.859,26196,768,0.067
FETCH,1762734213.859,26193,629,0.067
FETCH,1762734213.884,26194,88,0.092
FETCH,1762734213.915,26193,404,0.055
FETCH,1762734213.929,26196,465,0.069
FETCH,1762734213.949,26194,866,0.065
FETCH,1762734214.014,26193,413,0.099
FETCH,1762734214.046,26196,608,0.116
FETCH,1762734214.047,26194,735,0.097
FETCH,1762734214.075,26193,713,0.060
PROCESS,1762734214.082,26184,100,372,739,498,851,411,712,624,838,758,826,974,913,539,111,202,642,475,681,419,559,619,796,309,537,133,382,906,41,313,470,903,336,68,280,405,705,564,16,870,595,941,34,593,492,856,836,779,489,461,284,403,516,258,440,787,841,248,337,450,257,21,689,622,48,45,14,189,727,317,261,609,396,116,502,154,981,613,252,180,644,134,113,793,625,921,972,638,510,562,560,305,156,458,62,448,761,629,404,413,713
FETCH,1762734214.124,26194,842,0.077
FETCH,1762734214.131,26196,635,0.085
FETCH,1762734214.184,26196,947,0.053
FETCH,1762734214.234,26194,0,0.110
FETCH,1762734214.244,26196,102,0.059
FETCH,1762734214.267,26193,47,0.188
FETCH,1762734214.295,26194,250,0.061
FETCH,1762734214.333,26196,557,0.090
FETCH,1762734214.342,26193,688,0.075
FETCH,1762734214.378,26194,422,0.083
FETCH,1762734214.397,26193,105,0.054
PROCESS,1762734214.416,26184,100,944,209,996,312,101,509,356,695,843,605,232,172,414,922,724,67,350,754,795,926,155,228,482,606,904,817,549,491,799,30,722,35,960,63,344,665,375,240,169,797,330,850,884,746,442,177,812,658,643,931,767,163,106,773,744,66,952,158,125,368,238,995,363,201,151,612,958,478,361,636,57,902,298,709,977,567,930,213,370,946,706,288,335,179,553,118,581,844,933,508,114,5,945,471,522,525,124,358,200,820
FETCH,1762734214.438,26194,433,0.060
FETCH,1762734214.458,26193,671,0.062
FETCH,1762734214.497,26194,417,0.059
FETCH,1762734214.570,26194,526,0.073
FETCH,1762734214.575,26193,785,0.116
FETCH,1762734214.665,26194,677,0.094
FETCH,1762734214.669,26193,224,0.094
PROCESS,1762734214.697,26184,100,561,846,490,319,659,831,487,230,456,426,283,660,572,633,72,429,978,556,191,340,789,998,790,365,4,875,86,675,103,431,3,753,181,535,285,764,540,700,989,749,444,297,460,892,214,84,451,558,776,835,967,377,801,266,806,769,262,873,186,203,446,198,762,333,673,578,566,937,208,357,420,236,661,530,25,51,536,55,277,507,76,823,182,517,255,65,667,542,64,940,386,533,788,282,932,571,329,379,680,837
FETCH,1762734214.741,26193,514,0.072
FETCH,1762734214.756,26194,964,0.091
FETCH,1762734214.801,26193,912,0.060
FETCH,1762734214.835,26194,399,0.079
FETCH,1762734214.864,26193,707,0.063
FETCH,1762734214.915,26194,294,0.080
PROCESS,1762734214.969,26184,100,93,860,626,204,752,416,985,654,443,128,858,569,369,1,199,889,85,791,829,453,988,488,832,97,438,573,697,715,218,192,599,398,682,44,415,120,455,885,254,61,611,834,896,736,59,778,123,349,763,359,229,576,300,959,170,432,765,407,939,901,37,273,80,408,70,652,210,590,251,139,152,631,645,888,852,501,669,786,279,77,897,397,69,326,805,263,756,79,543,869,421,857,962,768,465,608,635,947,102,557
FETCH,1762734214.971,26193,338,0.106
FETCH,1762734214.987,26194,24,0.072
FETCH,1762734215.036,26193,328,0.065
FETCH,1762734215.058,26194,670,0.070
FETCH,1762734215.124,26194,547,0.066
FETCH,1762734215.135,26193,90,0.099
FETCH,1762734215.199,26193,269,0.063
FETCH,1762734215.246,26194,589,0.122
FETCH,1762734215.305,26193,594,0.106
FETCH,1762734215.310,26194,32,0.063
FETCH,1762734215.394,26194,109,0.084
FETCH,1762734215.468,26193,351,0.163
FETCH,1762734215.482,26194,494,0.088
FETCH,1762734215.542,26193,160,0.073
FETCH,1762734215.555,26194,969,0.072
FETCH,1762734215.611,26193,934,0.069
FETCH,1762734215.661,26194,275,0.106
FETCH,1762734215.686,26193,132,0.074
FETCH,1762734215.756,26194,287,0.095
FETCH,1762734215.775,26193,840,0.088
FETCH,1762734215.827,26194,345,0.070
FETCH,1762734215.833,26193,142,0.058
FETCH,1762734215.910,26194,146,0.083
FETCH,1762734215.910,26193,815,0.076
FETCH,1762734215.973,26193,911,0.062
FETCH,1762734216.029,26194,7,0.119
FETCH,1762734216.099,26194,979,0.069
FETCH,1762734216.099,26193,868,0.126
FETCH,1762734216.161,26194,39,0.061
FETCH,1762734216.169,26193,991,0.069
FETCH,1762734216.234,26193,936,0.064
FETCH,1762734216.259,26194,126,0.097
FETCH,1762734216.308,26193,178,0.073
FETCH,1762734216.348,26194,188,0.088
FETCH,1762734216.380,26193,804,0.071
FETCH,1762734216.460,26193,499,0.080
FETCH,1762734216.470,26194,692,0.122
FETCH,1762734216.532,26194,976,0.061
FETCH,1762734216.574,26193,477,0.112
FETCH,1762734216.651,26193,807,0.077
FETCH,1762734216.741,26193,291,0.089
FETCH,1762734216.760,26194,504,0.227
FETCH,1762734216.800,26193,107,0.059
FETCH,1762734216.843,26194,316,0.083
FETCH,1762734216.876,26193,923,0.075
FETCH,1762734216.937,26193,951,0.061
FETCH,1762734216.941,26194,511,0.097
FETCH,1762734217.010,26194,360,0.069
FETCH,1762734217.020,26193,973,0.082
FETCH,1762734217.076,26193,966,0.056
FETCH,1762734217.107,26194,641,0.097
FETCH,1762734217.133,26193,402,0.057
FETCH,1762734217.195,26194,82,0.089
FETCH,1762734217.251,26193,193,0.117
FETCH,1762734217.288,26194,733,0.092
FETCH,1762734217.316,26193,49,0.064
FETCH,1762734217.369,26194,876,0.080
FETCH,1762734217.407,26193,766,0.090
FETCH,1762734217.472,26194,286,0.103
FETCH,1762734217.497,26193,212,0.089
FETCH,1762734217.569,26194,656,0.096
FETCH,1762734217.579,26193,256,0.081
FETCH,1762734217.652,26193,391,0.073
FETCH,1762734217.652,26194,528,0.082
FETCH,1762734217.720,26193,515,0.068
FETCH,1762734217.720,26194,548,0.068
FETCH,1762734217.787,26193,862,0.067
FETCH,1762734217.795,26194,614,0.075
FETCH,1762734217.864,26194,22,0.069
FETCH,1762734217.871,26193,430,0.084
FETCH,1762734217.929,26193,445,0.058
FETCH,1762734217.993,26194,800,0.128
FETCH,1762734217.993,26193,12,0.063
FETCH,1762734218.075,26193,53,0.082
FETCH,1762734218.117,26194,861,0.124
FETCH,1762734218.144,26193,938,0.069
FETCH,1762734218.232,26193,808,0.087
FETCH,1762734218.301,26194,963,0.183
FETCH,1762734218.323,26193,374,0.091
FETCH,1762734218.375,26193,772,0.052
FETCH,1762734218.413,26194,483,0.112
FETCH,1762734218.446,26193,521,0.071
FETCH,1762734218.489,26194,348,0.075
FETCH,1762734218.592,26193,272,0.146
FETCH,1762734218.618,26194,512,0.129
FETCH,1762734218.652,26193,704,0.059
FETCH,1762734218.677,26194,452,0.058
FETCH,1762734218.738,26193,299,0.084
FETCH,1762734218.767,26194,734,0.090
FETCH,1762734218.816,26193,632,0.077
FETCH,1762734218.848,26194,678,0.080
FETCH,1762734218.905,26193,167,0.089
FETCH,1762734218.931,26194,523,0.082
FETCH,1762734218.978,26193,925,0.072
FETCH,1762734219.023,26194,310,0.091
FETCH,1762734219.057,26193,827,0.078
FETCH,1762734219.093,26194,992,0.069
FETCH,1762734219.139,26193,110,0.082
FETCH,1762734219.165,26194,819,0.072
FETCH,1762734219.236,26193,466,0.096
FETCH,1762734219.284,26194,529,0.118
FETCH,1762734219.301,26193,621,0.064
FETCH,1762734219.356,26194,848,0.071
FETCH,1762734219.361,26193,104,0.060
FETCH,1762734219.420,26194,579,0.063
FETCH,1762734219.472,26193,307,0.111
FETCH,1762734219.499,26194,10,0.078
FETCH,1762734219.539,26193,596,0.066
FETCH,1762734219.594,26194,610,0.094
FETCH,1762734219.603,26193,585,0.063
FETCH,1762734219.667,26194,94,0.073
FETCH,1762734219.670,26193,627,0.067
FETCH,1762734219.752,26194,406,0.084
FETCH,1762734219.764,26193,568,0.094
FETCH,1762734219.830,26194,737,0.076
FETCH,1762734219.846,26193,993,0.081
FETCH,1762734219.909,26193,783,0.062
FETCH,1762734219.968,26193,664,0.059
FETCH,1762734219.999,26194,215,0.169
FETCH,1762734220.043,26193,905,0.074
FETCH,1762734220.086,26194,17,0.087
FETCH,1762734220.150,26194,367,0.064
FETCH,1762734220.163,26193,27,0.120
FETCH,1762734220.228,26193,268,0.065
FETCH,1762734220.242,26194,20,0.091
FETCH,1762734220.335,26193,190,0.106
FETCH,1762734220.372,26194,893,0.130
FETCH,1762734220.459,26194,708,0.086
FETCH,1762734220.505,26193,630,0.169
FETCH,1762734220.524,26194,462,0.065
FETCH,1762734220.555,26193,8,0.050
FETCH,1762734220.617,26194,877,0.092
FETCH,1762734220.630,26193,954,0.074
FETCH,1762734220.717,26194,918,0.099
FETCH,1762734220.759,26193,381,0.129
FETCH,1762734220.806,26194,141,0.088
FETCH,1762734220.815,26193,325,0.055
FETCH,1762734220.876,26194,225,0.069
FETCH,1762734220.889,26193,265,0.074
FETCH,1762734220.957,26193,390,0.067
FETCH,1762734220.959,26194,890,0.082
FETCH,1762734221.032,26194,833,0.072
FETCH,1762734221.118,26194,847,0.085
FETCH,1762734221.121,26193,427,0.163
FETCH,1762734221.183,26193,816,0.061
FETCH,1762734221.198,26194,771,0.080
FETCH,1762734221.251,26193,615,0.068
FETCH,1762734221.291,26194,71,0.092
FETCH,1762734221.357,26194,984,0.065
FETCH,1762734221.376,26193,424,0.124
FETCH,1762734221.437,26194,719,0.079
FETCH,1762734221.448,26193,28,0.071
FETCH,1762734221.527,26194,544,0.089
FETCH,1762734221.527,26193,131,0.079
FETCH,1762734221.598,26193,173,0.071
FETCH,1762734221.626,26194,970,0.099
FETCH,1762734221.660,26193,87,0.062
FETCH,1762734221.748,26193,239,0.088
FETCH,1762734221.753,26194,513,0.127
FETCH,1762734221.828,26194,195,0.074
FETCH,1762734221.874,26193,639,0.126
FETCH,1762734221.935,26193,650,0.061
FETCH,1762734221.935,26194,425,0.108
FETCH,1762734221.993,26193,302,0.057
FETCH,1762734222.068,26193,854,0.074
FETCH,1762734222.073,26194,518,0.137
FETCH,1762734222.125,26193,267,0.057
FETCH,1762734222.166,26194,428,0.093
FETCH,1762734222.217,26193,56,0.091
FETCH,1762734222.279,26194,242,0.112
FETCH,1762734222.297,26193,304,0.080
PROCESS,1762734222.305,26184,100,47,688,105,671,785,224,514,912,707,338,328,90,269,594,351,160,934,132,840,142,815,911,868,991,936,178,804,499,477,807,291,107,923,951,973,966,402,193,49,766,212,256,391,515,862,430,445,12,53,938,808,374,772,521,272,704,299,632,167,925,827,110,466,621,104,307,596,585,627,568,993,783,664,905,27,268,190,630,8,954,381,325,265,390,427,816,615,424,28,131,173,87,239,639,650,302,854,267,56,304
FETCH,1762734222.369,26194,243,0.089
FETCH,1762734222.444,26194,855,0.075
FETCH,1762734222.525,26194,649,0.080
FETCH,1762734222.590,26194,949,0.065
FETCH,1762734222.703,26194,721,0.113
PROCESS,1762734223.241,26184,100,394,88,866,735,842,0,250,422,433,417,526,677,964,399,294,24,670,547,589,32,109,494,969,275,287,345,146,7,979,39,126,188,692,976,504,316,511,360,641,82,733,876,286,656,528,548,614,22,800,861,963,483,348,512,452,734,678,523,310,992,819,529,848,579,10,610,94,406,737,215,17,367,20,893,708,462,877,918,141,225,890,833,847,771,71,984,719,544,970,513,195,425,518,428,242,243,855,649,949,721
FETCH,1762734223.642,26193,274,0.121
FETCH,1762734223.658,26194,28,0.138
FETCH,1762734223.694,26194,405,0.035
FETCH,1762734223.694,26193,324,0.052
FETCH,1762734223.696,26195,701,0.175
FETCH,1762734223.732,26194,713,0.038
FETCH,1762734223.740,26193,443,0.046
FETCH,1762734223.747,26195,153,0.050
FETCH,1762734223.780,26194,606,0.047
FETCH,1762734223.781,26193,858,0.041
FETCH,1762734223.795,26195,100,0.048
FETCH,1762734223.797,26196,201,0.276
FETCH,1762734223.818,26193,376,0.036
FETCH,1762734223.832,26194,631,0.053
FETCH,1762734223.840,26195,435,0.044
FETCH,1762734223.868,26194,177,0.035
FETCH,1762734223.883,26195,565,0.044
FETCH,1762734223.909,26196,735,0.111
FETCH,1762734223.916,26194,501,0.048
FETCH,1762734223.929,26195,695,0.045
FETCH,1762734223.929,26193,416,0.111
FETCH,1762734223.969,26193,76,0.039
FETCH,1762734223.977,26195,510,0.048
FETCH,1762734223.977,26194,704,0.060
FETCH,1762734224.031,26194,222,0.054
FETCH,1762734224.031,26195,537,0.055
FETCH,1762734224.032,26196,660,0.122
FETCH,1762734224.050,26193,59,0.080
FETCH,1762734224.073,26194,398,0.041
FETCH,1762734224.081,26196,103,0.049
FETCH,1762734224.092,26193,568,0.042
FETCH,1762734224.099,26195,765,0.068
FETCH,1762734224.115,26194,990,0.041
FETCH,1762734224.144,26193,872,0.052
FETCH,1762734224.144,26195,950,0.045
FETCH,1762734224.145,26196,585,0.063
FETCH,1762734224.182,26193,588,0.037
FETCH,1762734224.190,26194,829,0.075
FETCH,1762734224.190,26196,694,0.045
FETCH,1762734224.215,26195,582,0.071
FETCH,1762734224.230,26193,580,0.048
FETCH,1762734224.235,26196,604,0.045
FETCH,1762734224.263,26195,778,0.047
FETCH,1762734224.263,26194,775,0.073
FETCH,1762734224.266,26193,486,0.036
FETCH,1762734224.281,26196,759,0.045
FETCH,1762734224.331,26193,969,0.064
FETCH,1762734224.331,26194,1,0.067
FETCH,1762734224.331,26196,702,0.049
FETCH,1762734224.337,26195,637,0.073
FETCH,1762734224.377,26194,838,0.046
FETCH,1762734224.377,26196,834,0.046
FETCH,1762734224.380,26195,524,0.043
FETCH,1762734224.416,26194,302,0.039
FETCH,1762734224.421,26193,913,0.090
FETCH,1762734224.423,26195,192,0.043
FETCH,1762734224.438,26196,992,0.061
FETCH,1762734224.459,26193,235,0.037
FETCH,1762734224.470,26194,643,0.053
FETCH,1762734224.476,26195,947,0.052
FETCH,1762734224.486,26196,174,0.047
FETCH,1762734224.500,26193,888,0.041
FETCH,1762734224.508,26194,664,0.038
FETCH,1762734224.519,26195,507,0.044
FETCH,1762734224.534,26196,994,0.048
FETCH,1762734224.538,26193,91,0.037
FETCH,1762734224.543,26194,688,0.035
FETCH,1762734224.574,26195,347,0.054
FETCH,1762734224.580,26193,283,0.042
FETCH,1762734224.580,26194,137,0.037
FETCH,1762734224.580,26196,309,0.046
FETCH,1762734224.619,26194,18,0.039
FETCH,1762734224.620,26193,890,0.039
FETCH,1762734224.620,26195,322,0.047
FETCH,1762734224.659,26193,782,0.039
FETCH,1762734224.669,26194,169,0.049
FETCH,1762734224.678,26195,931,0.058
FETCH,1762734224.687,26196,35,0.107
FETCH,1762734224.696,26193,353,0.036
FETCH,1762734224.726,26195,97,0.047
FETCH,1762734224.737,26193,703,0.041
FETCH,1762734224.737,26196,796,0.049
FETCH,1762734224.745,26194,157,0.076
FETCH,1762734224.771,26195,42,0.045
FETCH,1762734224.780,26193,132,0.043
FETCH,1762734224.783,26194,707,0.038
FETCH,1762734224.803,26196,199,0.065
FETCH,1762734224.818,26195,893,0.047
FETCH,1762734224.831,26193,976,0.051
FETCH,1762734224.831,26194,809,0.048
FETCH,1762734224.864,26195,301,0.046
FETCH,1762734224.864,26196,636,0.061
FETCH,1762734224.865,26194,766,0.034
FETCH,1762734224.867,26193,894,0.036
FETCH,1762734224.904,26195,221,0.040
FETCH,1762734224.904,26196,776,0.040
FETCH,1762734224.904,26194,234,0.039
FETCH,1762734224.919,26193,564,0.052
FETCH,1762734224.971,26196,635,0.067
FETCH,1762734224.971,26194,392,0.067
FETCH,1762734224.971,26195,173,0.067
FETCH,1762734225.015,26196,101,0.044
FETCH,1762734225.018,26195,286,0.047
FETCH,1762734225.022,26193,9,0.103
FETCH,1762734225.045,26194,557,0.074
FETCH,1762734225.060,26195,932,0.042
FETCH,1762734225.061,26196,71,0.046
FETCH,1762734225.065,26193,55,0.042
FETCH,1762734225.089,26194,679,0.044
FETCH,1762734225.105,26196,555,0.044
FETCH,1762734225.106,26193,370,0.041
FETCH,1762734225.114,26195,876,0.055
FETCH,1762734225.128,26194,412,0.039
FETCH,1762734225.149,26193,941,0.043
FETCH,1762734225.149,26196,862,0.043
FETCH,1762734225.157,26195,878,0.043
FETCH,1762734225.185,26194,305,0.057
FETCH,1762734225.193,26193,52,0.044
FETCH,1762734225.196,26196,854,0.047
FETCH,1762734225.202,26195,190,0.045
FETCH,1762734225.233,26194,187,0.047
FETCH,1762734225.233,26193,835,0.040
FETCH,1762734225.239,26196,265,0.043
FETCH,1762734225.244,26195,13,0.042
FETCH,1762734225.270,26194,942,0.037
FETCH,1762734225.276,26193,373,0.043
FETCH,1762734225.289,26195,220,0.044
FETCH,1762734225.304,26196,710,0.065
FETCH,1762734225.308,26194,354,0.038
FETCH,1762734225.317,26193,40,0.041
FETCH,1762734225.346,26194,240,0.037
FETCH,1762734225.348,26195,189,0.059
FETCH,1762734225.368,26196,988,0.064
FETCH,1762734225.388,26194,516,0.042
FETCH,1762734225.393,26195,811,0.045
FETCH,1762734225.423,26196,986,0.054
FETCH,1762734225.428,26194,678,0.040
FETCH,1762734225.440,26195,712,0.047
FETCH,1762734225.475,26196,320,0.051
FETCH,1762734225.475,26194,231,0.047
FETCH,1762734225.475,26193,428,0.157
FETCH,1762734225.485,26195,523,0.045
FETCH,1762734225.514,26194,57,0.039
FETCH,1762734225.534,26193,268,0.059
FETCH,1762734225.535,26195,790,0.050
FETCH,1762734225.551,26194,212,0.037
FETCH,1762734225.557,26196,654,0.080
FETCH,1762734225.576,26193,905,0.041
FETCH,1762734225.584,26195,380,0.049
FETCH,1762734225.601,26194,441,0.046
FETCH,1762734225.602,26196,911,0.044
FETCH,1762734225.615,26193,168,0.039
FETCH,1762734225.634,26195,127,0.050
FETCH,1762734225.650,26196,836,0.047
FETCH,1762734225.650,26193,499,0.035
FETCH,1762734225.681,26195,533,0.047
FETCH,1762734225.695,26193,397,0.044
FETCH,1762734225.699,26196,868,0.048
FETCH,1762734225.741,26195,634,0.059
FETCH,1762734225.741,26193,284,0.046
FETCH,1762734225.741,26196,500,0.043
FETCH,1762734225.742,26194,239,0.140
FETCH,1762734225.782,26193,8,0.040
FETCH,1762734225.793,26196,562,0.051
FETCH,1762734225.793,26195,849,0.052
FETCH,1762734225.817,26194,188,0.075
FETCH,1762734225.836,26193,451,0.053
FETCH,1762734225.843,26195,364,0.049
FETCH,1762734225.845,26196,433,0.052
FETCH,1762734225.878,26194,23,0.061
FETCH,1762734225.894,26193,360,0.058
FETCH,1762734225.919,26194,877,0.040
FETCH,1762734225.925,26195,75,0.082
FETCH,1762734225.940,26196,677,0.095
FETCH,1762734225.940,26193,294,0.046
FETCH,1762734225.991,26193,989,0.050
FETCH,1762734225.991,26195,803,0.066
FETCH,1762734225.991,26196,407,0.051
FETCH,1762734225.991,26194,465,0.072
FETCH,1762734226.044,26195,837,0.052
FETCH,1762734226.044,26194,429,0.051
FETCH,1762734226.046,26193,843,0.054
FETCH,1762734226.053,26196,5,0.061
FETCH,1762734226.088,26193,341,0.041
FETCH,1762734226.092,26195,36,0.048
FETCH,1762734226.094,26196,949,0.040
FETCH,1762734226.100,26194,478,0.056
FETCH,1762734226.146,26195,133,0.053
FETCH,1762734226.154,26194,16,0.053
FETCH,1762734226.187,26193,594,0.098
FETCH,1762734226.191,26195,285,0.045
FETCH,1762734226.191,26196,577,0.097
FETCH,1762734226.196,26194,738,0.041
FETCH,1762734226.233,26193,147,0.046
FETCH,1762734226.259,26194,570,0.063
FETCH,1762734226.261,26195,296,0.070
FETCH,1762734226.261,26196,172,0.070
FETCH,1762734226.274,26193,238,0.040
FETCH,1762734226.313,26196,246,0.051
FETCH,1762734226.331,26194,359,0.071
FETCH,1762734226.332,26193,792,0.058
FETCH,1762734226.347,26195,639,0.086
FETCH,1762734226.379,26194,179,0.048
FETCH,1762734226.385,26193,891,0.052
FETCH,1762734226.394,26195,377,0.046
FETCH,1762734226.410,26196,381,0.096
FETCH,1762734226.423,26194,400,0.043
FETCH,1762734226.429,26193,575,0.043
FETCH,1762734226.443,26195,641,0.048
FETCH,1762734226.454,26196,82,0.044
FETCH,1762734226.463,26194,413,0.040
FETCH,1762734226.478,26193,149,0.049
FETCH,1762734226.501,26195,511,0.057
FETCH,1762734226.501,26194,598,0.037
FETCH,1762734226.501,26196,163,0.046
FETCH,1762734226.516,26193,257,0.037
FETCH,1762734226.541,26194,624,0.040
FETCH,1762734226.547,26196,279,0.046
FETCH,1762734226.547,26195,43,0.046
FETCH,1762734226.559,26193,255,0.042
FETCH,1762734226.584,26194,437,0.042
FETCH,1762734226.595,26196,64,0.048
FETCH,1762734226.596,26195,921,0.048
FETCH,1762734226.605,26193,480,0.046
FETCH,1762734226.635,26194,768,0.050
FETCH,1762734226.642,26196,479,0.046
FETCH,1762734226.651,26193,985,0.046
FETCH,1762734226.651,26195,771,0.055
FETCH,1762734226.689,26193,60,0.037
FETCH,1762734226.692,26194,627,0.056
FETCH,1762734226.694,26196,315,0.052
FETCH,1762734226.695,26195,335,0.043
FETCH,1762734226.730,26193,130,0.041
FETCH,1762734226.737,26195,469,0.042
FETCH,1762734226.744,26196,448,0.049
FETCH,1762734226.775,26194,815,0.083
FETCH,1762734226.782,26193,952,0.051
FETCH,1762734226.816,26196,850,0.072
FETCH,1762734226.816,26194,725,0.041
FETCH,1762734226.823,26193,520,0.041
FETCH,1762734226.829,26195,957,0.092
FETCH,1762734226.861,26196,77,0.044
FETCH,1762734226.866,26194,901,0.050
FETCH,1762734226.866,26193,217,0.043
FETCH,1762734226.875,26195,844,0.045
FETCH,1762734226.908,26194,810,0.041
FETCH,1762734226.908,26196,303,0.047
FETCH,1762734226.908,26193,178,0.041
FETCH,1762734226.925,26195,389,0.050
FETCH,1762734226.957,26194,999,0.049
FETCH,1762734226.958,26196,50,0.050
FETCH,1762734226.977,26193,488,0.068
FETCH,1762734226.994,26195,912,0.068
FETCH,1762734226.995,26194,697,0.037
FETCH,1762734227.008,26196,794,0.049
FETCH,1762734227.021,26193,119,0.044
FETCH,1762734227.050,26194,761,0.054
FETCH,1762734227.051,26196,640,0.042
FETCH,1762734227.053,26195,107,0.058
FETCH,1762734227.090,26193,847,0.068
FETCH,1762734227.092,26194,620,0.042
FETCH,1762734227.094,26196,545,0.043
FETCH,1762734227.101,26195,657,0.048
FETCH,1762734227.133,26193,897,0.042
FETCH,1762734227.133,26194,529,0.040
FETCH,1762734227.138,26196,498,0.043
FETCH,1762734227.151,26195,798,0.049
FETCH,1762734227.173,26193,980,0.040
FETCH,1762734227.175,26194,92,0.042
FETCH,1762734227.183,26196,387,0.044
FETCH,1762734227.212,26193,870,0.039
FETCH,1762734227.216,26194,58,0.041
FETCH,1762734227.227,26195,340,0.076
FETCH,1762734227.227,26196,684,0.044
FETCH,1762734227.251,26193,727,0.038
FETCH,1762734227.251,26194,716,0.034
FETCH,1762734227.274,26196,722,0.047
FETCH,1762734227.274,26195,902,0.047
FETCH,1762734227.289,26194,458,0.038
FETCH,1762734227.289,26193,616,0.038
FETCH,1762734227.326,26196,767,0.051
FETCH,1762734227.326,26195,371,0.051
FETCH,1762734227.330,26194,106,0.041
FETCH,1762734227.346,26193,874,0.056
FETCH,1762734227.381,26194,99,0.050
FETCH,1762734227.381,26193,12,0.035
FETCH,1762734227.387,26196,66,0.061
FETCH,1762734227.391,26195,79,0.065
FETCH,1762734227.435,26193,460,0.054
FETCH,1762734227.435,26194,208,0.054
FETCH,1762734227.445,26196,38,0.058
FETCH,1762734227.458,26195,937,0.067
FETCH,1762734227.475,26194,401,0.039
FETCH,1762734227.514,26193,362,0.079
FETCH,1762734227.535,26194,611,0.060
FETCH,1762734227.545,26195,951,0.087
FETCH,1762734227.554,26193,423,0.040
FETCH,1762734227.575,26194,917,0.039
FETCH,1762734227.592,26196,589,0.147
FETCH,1762734227.594,26193,907,0.039
FETCH,1762734227.613,26194,774,0.038
FETCH,1762734227.620,26195,70,0.074
FETCH,1762734227.638,26193,717,0.044
FETCH,1762734227.638,26196,21,0.046
FETCH,1762734227.658,26194,476,0.044
FETCH,1762734227.666,26195,307,0.046
FETCH,1762734227.687,26193,129,0.048
FETCH,1762734227.692,26196,538,0.054
FETCH,1762734227.717,26194,390,0.058
FETCH,1762734227.717,26195,584,0.051
FETCH,1762734227.732,26193,474,0.044
FETCH,1762734227.735,26196,276,0.043
FETCH,1762734227.774,26195,875,0.056
FETCH,1762734227.774,26194,29,0.057
FETCH,1762734227.798,26193,740,0.066
FETCH,1762734227.820,26195,789,0.046
FETCH,1762734227.825,26196,61,0.089
FETCH,1762734227.843,26194,431,0.069
FETCH,1762734227.867,26193,391,0.069
FETCH,1762734227.873,26196,647,0.048
FETCH,1762734227.886,26195,979,0.065
FETCH,1762734227.887,26194,852,0.043
FETCH,1762734227.916,26196,644,0.042
FETCH,1762734227.936,26194,471,0.048
FETCH,1762734227.936,26195,374,0.050
FETCH,1762734227.982,26193,936,0.115
FETCH,1762734227.990,26196,924,0.074
FETCH,1762734227.990,26195,586,0.054
FETCH,1762734228.011,26194,110,0.075
FETCH,1762734228.034,26195,887,0.044
FETCH,1762734228.037,26196,363,0.047
FETCH,1762734228.046,26193,430,0.063
FETCH,1762734228.053,26194,273,0.042
FETCH,1762734228.088,26196,898,0.050
FETCH,1762734228.090,26194,323,0.036
FETCH,1762734228.090,26195,135,0.055
FETCH,1762734228.105,26193,547,0.059
FETCH,1762734228.125,26194,814,0.035
FETCH,1762734228.141,26193,72,0.036
FETCH,1762734228.168,26194,109,0.043
FETCH,1762734228.171,26196,272,0.083
FETCH,1762734228.179,26195,882,0.089
FETCH,1762734228.179,26193,599,0.038
FETCH,1762734228.221,26193,266,0.041
FETCH,1762734228.227,26196,744,0.056
FETCH,1762734228.242,26194,345,0.073
FETCH,1762734228.245,26195,487,0.066
FETCH,1762734228.274,26193,81,0.052
FETCH,1762734228.276,26196,614,0.049
FETCH,1762734228.286,26194,219,0.044
FETCH,1762734228.310,26193,304,0.036
FETCH,1762734228.310,26195,434,0.065
FETCH,1762734228.322,26196,512,0.045
FETCH,1762734228.328,26194,485,0.041
FETCH,1762734228.347,26193,892,0.037
FETCH,1762734228.355,26195,463,0.044
FETCH,1762734228.365,26194,197,0.036
FETCH,1762734228.386,26196,325,0.064
FETCH,1762734228.401,26194,25,0.036
FETCH,1762734228.401,26193,455,0.054
FETCH,1762734228.401,26195,46,0.046
FETCH,1762734228.448,26193,213,0.046
FETCH,1762734228.450,26195,214,0.049
FETCH,1762734228.456,26196,475,0.070
FETCH,1762734228.468,26194,170,0.066
FETCH,1762734228.498,26193,954,0.049
FETCH,1762734228.518,26195,576,0.067
FETCH,1762734228.526,26196,321,0.069
FETCH,1762734228.535,26193,681,0.037
FETCH,1762734228.538,26194,801,0.070
FETCH,1762734228.571,26195,128,0.053
FETCH,1762734228.575,26196,96,0.049
FETCH,1762734228.586,26193,958,0.050
FETCH,1762734228.600,26194,667,0.062
FETCH,1762734228.617,26195,560,0.045
FETCH,1762734228.617,26196,142,0.042
FETCH,1762734228.624,26193,442,0.038
PROCESS,1762734228.629,26184,100,274,324,443,858,376,416,76,59,568,872,588,580,486,969,913,235,888,91,283,890,782,353,703,132,976,894,564,9,55,370,941,52,835,373,40,428,268,905,168,499,397,284,8,451,360,294,989,843,341,594,147,238,792,891,575,149,257,255,480,985,60,130,952,520,217,178,488,119,847,897,980,870,727,616,874,12,460,362,423,907,717,129,474,740,391,936,430,547,72,599,266,81,304,892,455,213,954,681,958,442
FETCH,1762734228.663,26196,721,0.046
FETCH,1762734228.673,26195,259,0.056
FETCH,1762734228.731,26195,83,0.058
FETCH,1762734228.744,26196,138,0.081
FETCH,1762734228.785,26194,742,0.182
FETCH,1762734228.785,26193,692,0.159
FETCH,1762734228.785,26195,628,0.053
FETCH,1762734228.826,26194,676,0.042
FETCH,1762734228.830,26195,399,0.046
FETCH,1762734228.841,26193,357,0.056
FETCH,1762734228.862,26194,780,0.036
FETCH,1762734228.869,26196,670,0.125
FETCH,1762734228.878,26195,253,0.048
FETCH,1762734228.902,26193,595,0.061
FETCH,1762734228.902,26194,786,0.040
FETCH,1762734228.911,26196,140,0.042
FETCH,1762734228.927,26195,953,0.049
FETCH,1762734228.944,26194,409,0.042
PROCESS,1762734228.950,26184,100,28,405,713,606,631,177,501,704,222,398,990,829,775,1,838,302,643,664,688,137,18,169,157,707,809,766,234,392,557,679,412,305,187,942,354,240,516,678,231,57,212,441,239,188,23,877,465,429,478,16,738,570,359,179,400,413,598,624,437,768,627,815,725,901,810,999,697,761,620,529,92,58,716,458,106,99,208,401,611,917,774,476,390,29,431,852,471,110,273,323,814,109,345,219,485,197,25,170,801,667
FETCH,1762734228.953,26193,914,0.051
FETCH,1762734228.964,26196,338,0.053
FETCH,1762734228.971,26195,612,0.044
FETCH,1762734228.985,26194,300,0.040
FETCH,1762734229.011,26196,945,0.046
FETCH,1762734229.011,26193,553,0.058
FETCH,1762734229.018,26195,497,0.047
FETCH,1762734229.034,26194,609,0.050
FETCH,1762734229.059,26193,310,0.048
FETCH,1762734229.059,26196,629,0.048
FETCH,1762734229.078,26194,191,0.044
FETCH,1762734229.106,26196,939,0.047
FETCH,1762734229.108,26193,904,0.050
FETCH,1762734229.144,26194,331,0.066
FETCH,1762734229.152,26196,185,0.046
FETCH,1762734229.163,26193,477,0.054
FETCH,1762734229.184,26194,447,0.039
FETCH,1762734229.205,26195,693,0.186
FETCH,1762734229.218,26196,297,0.066
FETCH,1762734229.218,26193,711,0.055
PROCESS,1762734229.223,26184,100,701,153,100,435,565,695,510,537,765,950,582,778,637,524,192,947,507,347,322,931,97,42,893,301,221,173,286,932,876,878,190,13,220,189,811,712,523,790,380,127,533,634,849,364,75,803,837,36,133,285,296,639,377,641,511,43,921,771,335,469,957,844,389,912,107,657,798,340,902,371,79,937,951,70,307,584,875,789,979,374,586,887,135,882,487,434,463,46,214,576,128,560,259,83,628,399,253,953,612,497
FETCH,1762734229.237,26194,608,0.053
FETCH,1762734229.259,26195,348,0.054
FETCH,1762734229.262,26193,39,0.044
FETCH,1762734229.262,26196,63,0.045
FETCH,1762734229.288,26194,719,0.051
FETCH,1762734229.297,26195,349,0.037
FETCH,1762734229.308,26193,669,0.046
FETCH,1762734229.308,26196,245,0.046
FETCH,1762734229.333,26195,754,0.037
FETCH,1762734229.333,26194,22,0.045
FETCH,1762734229.348,26196,906,0.040
FETCH,1762734229.359,26193,822,0.050
FETCH,1762734229.371,26195,691,0.037
FETCH,1762734229.372,26194,651,0.039
FETCH,1762734229.405,26193,824,0.047
FETCH,1762734229.414,26194,515,0.041
FETCH,1762734229.425,26195,552,0.054
FETCH,1762734229.436,26196,709,0.088
FETCH,1762734229.455,26194,417,0.041
FETCH,1762734229.470,26193,566,0.064
FETCH,1762734229.479,26196,621,0.042
PROCESS,1762734229.499,26184,100,201,735,660,103,585,694,604,759,702,834,992,174,994,309,35,796,199,636,776,635,101,71,555,862,854,265,710,988,986,320,654,911,836,868,500,562,433,677,407,5,949,577,172,246,381,82,163,279,64,479,315,448,850,77,303,50,794,640,545,498,387,684,722,767,66,38,589,21,538,276,61,647,644,924,363,898,272,744,614,512,325,475,321,96,142,721,138,670,140,338,945,629,939,185,297,63,245,906,709,621
FETCH,1762734229.511,26195,258,0.087
FETCH,1762734229.518,26193,466,0.048
FETCH,1762734229.521,26194,715,0.066
FETCH,1762734229.555,26195,783,0.044
FETCH,1762734229.562,26193,328,0.044
FETCH,1762734229.572,26194,632,0.051
FETCH,1762734229.593,26195,232,0.037
FETCH,1762734229.610,26193,618,0.048
FETCH,1762734229.618,26194,983,0.045
FETCH,1762734229.640,26196,122,0.160
FETCH,1762734229.653,26195,961,0.060
FETCH,1762734229.661,26194,111,0.043
FETCH,1762734229.661,26193,770,0.051
FETCH,1762734229.706,26196,559,0.066
FETCH,1762734229.712,26194,384,0.051
FETCH,1762734229.712,26193,900,0.051
FETCH,1762734229.716,26195,966,0.063
FETCH,1762734229.749,26194,93,0.037
FETCH,1762734229.752,26195,224,0.036
FETCH,1762734229.752,26196,393,0.046
FETCH,1762734229.757,26193,962,0.045
FETCH,1762734229.798,26195,6,0.046
FETCH,1762734229.798,26194,396,0.049
FETCH,1762734229.804,26196,218,0.052
FETCH,1762734229.853,26193,784,0.096
FETCH,1762734229.859,26196,196,0.055
FETCH,1762734229.866,26195,165,0.067
FETCH,1762734229.891,26194,642,0.092
FETCH,1762734229.906,26195,378,0.041
FETCH,1762734229.911,26193,293,0.058
FETCH,1762734229.914,26196,569,0.055
FETCH,1762734229.932,26194,997,0.041
FETCH,1762734229.943,26195,938,0.037
FETCH,1762734229.978,26196,333,0.064
FETCH,1762734229.978,26193,203,0.067
FETCH,1762734229.980,26195,225,0.037
FETCH,1762734230.027,26194,216,0.095
FETCH,1762734230.028,26195,602,0.047
FETCH,1762734230.029,26193,278,0.051
FETCH,1762734230.050,26196,154,0.072
FETCH,1762734230.080,26193,530,0.051
FETCH,1762734230.090,26195,674,0.062
FETCH,1762734230.099,26194,737,0.071
FETCH,1762734230.123,26196,603,0.073
FETCH,1762734230.132,26195,750,0.041
FETCH,1762734230.132,26193,974,0.051
FETCH,1762734230.150,26194,264,0.051
FETCH,1762734230.176,26195,0,0.044
FETCH,1762734230.179,26193,319,0.047
FETCH,1762734230.183,26196,74,0.059
FETCH,1762734230.190,26194,329,0.039
FETCH,1762734230.212,26195,410,0.036
FETCH,1762734230.229,26193,298,0.049
FETCH,1762734230.235,26194,649,0.045
FETCH,1762734230.244,26196,164,0.060
FETCH,1762734230.259,26195,944,0.046
FETCH,1762734230.276,26194,534,0.041
FETCH,1762734230.276,26193,819,0.047
FETCH,1762734230.301,26196,571,0.057
FETCH,1762734230.307,26195,94,0.048
FETCH,1762734230.321,26194,350,0.044
FETCH,1762734230.326,26193,508,0.050
FETCH,1762734230.350,26195,995,0.042
FETCH,1762734230.351,26196,184,0.049
FETCH,1762734230.371,26194,90,0.050
FETCH,1762734230.388,26193,959,0.061
FETCH,1762734230.394,26195,535,0.043
FETCH,1762734230.412,26196,964,0.061
FETCH,1762734230.432,26194,462,0.061
FETCH,1762734230.435,26193,915,0.046
FETCH,1762734230.435,26195,899,0.041
FETCH,1762734230.480,26195,519,0.045
FETCH,1762734230.480,26194,68,0.048
FETCH,1762734230.480,26196,288,0.068
FETCH,1762734230.519,26193,551,0.084
FETCH,1762734230.526,26194,483,0.045
FETCH,1762734230.536,26196,807,0.055
FETCH,1762734230.548,26195,823,0.067
FETCH,1762734230.573,26193,883,0.053
FETCH,1762734230.588,26194,746,0.061
FETCH,1762734230.595,26195,698,0.046
FETCH,1762734230.599,26196,668,0.062
FETCH,1762734230.622,26193,812,0.049
FETCH,1762734230.634,26195,251,0.039
FETCH,1762734230.634,26194,236,0.046
FETCH,1762734230.655,26196,336,0.056
FETCH,1762734230.670,26193,762,0.048
FETCH,1762734230.674,26194,344,0.040
FETCH,1762734230.698,26195,825,0.063
FETCH,1762734230.708,26196,343,0.052
FETCH,1762734230.717,26193,653,0.047
FETCH,1762734230.755,26195,51,0.057
FETCH,1762734230.763,26193,450,0.045
FETCH,1762734230.775,26196,358,0.066
FETCH,1762734230.786,26194,732,0.112
FETCH,1762734230.833,26193,226,0.070
FETCH,1762734230.833,26195,544,0.077
FETCH,1762734230.833,26196,521,0.058
FETCH,1762734230.840,26194,745,0.053
FETCH,1762734230.878,26195,275,0.044
FETCH,1762734230.883,26193,528,0.049
FETCH,1762734230.896,26196,561,0.062
FETCH,1762734230.896,26194,422,0.056
FETCH,1762734230.920,26195,848,0.042
FETCH,1762734230.949,26193,227,0.066
FETCH,1762734230.952,26196,764,0.055
FETCH,1762734230.974,26195,671,0.053
FETCH,1762734230.977,26194,929,0.080
FETCH,1762734230.996,26193,67,0.046
FETCH,1762734231.016,26195,436,0.041
FETCH,1762734231.017,26196,889,0.065
FETCH,1762734231.023,26194,152,0.046
FETCH,1762734231.053,26193,747,0.057
FETCH,1762734231.055,26195,249,0.039
FETCH,1762734231.073,26196,452,0.056
FETCH,1762734231.096,26195,454,0.040
FETCH,1762734231.108,26194,927,0.085
FETCH,1762734231.119,26193,176,0.065
FETCH,1762734231.142,26196,125,0.069
FETCH,1762734231.156,26194,724,0.048
FETCH,1762734231.165,26195,597,0.068
FETCH,1762734231.173,26193,527,0.054
FETCH,1762734231.193,26196,210,0.050
FETCH,1762734231.202,26194,491,0.045
FETCH,1762734231.221,26193,773,0.047
FETCH,1762734231.237,26195,689,0.072
FETCH,1762734231.251,26196,136,0.057
FETCH,1762734231.251,26194,662,0.049
FETCH,1762734231.290,26195,723,0.052
FETCH,1762734231.292,26194,665,0.040
FETCH,1762734231.314,26196,143,0.063
FETCH,1762734231.334,26195,144,0.044
FETCH,1762734231.334,26194,53,0.042
FETCH,1762734231.338,26193,940,0.116
FETCH,1762734231.377,26196,659,0.062
FETCH,1762734231.383,26195,317,0.048
FETCH,1762734231.395,26193,673,0.057
FETCH,1762734231.405,26194,355,0.070
FETCH,1762734231.430,26195,573,0.046
FETCH,1762734231.432,26196,821,0.054
FETCH,1762734231.449,26194,971,0.044
FETCH,1762734231.454,26193,308,0.058
FETCH,1762734231.469,26195,223,0.039
FETCH,1762734231.492,26194,666,0.042
FETCH,1762734231.501,26193,615,0.047
FETCH,1762734231.532,26194,47,0.040
FETCH,1762734231.546,26193,763,0.045
FETCH,1762734231.552,26195,572,0.082
FETCH,1762734231.553,26196,546,0.121
FETCH,1762734231.595,26195,124,0.043
FETCH,1762734231.595,26193,31,0.049
FETCH,1762734231.601,26194,855,0.068
FETCH,1762734231.614,26196,977,0.060
FETCH,1762734231.632,26195,509,0.037
FETCH,1762734231.643,26194,799,0.041
FETCH,1762734231.667,26196,406,0.053
FETCH,1762734231.675,26195,652,0.042
FETCH,1762734231.677,26193,601,0.082
FETCH,1762734231.700,26194,730,0.056
FETCH,1762734231.716,26195,215,0.040
FETCH,1762734231.745,26196,574,0.077
FETCH,1762734231.747,26194,395,0.047
FETCH,1762734231.750,26193,166,0.073
FETCH,1762734231.788,26194,56,0.040
FETCH,1762734231.808,26195,687,0.092
FETCH,1762734231.815,26193,982,0.064
FETCH,1762734231.839,26196,752,0.093
FETCH,1762734231.846,26195,456,0.037
FETCH,1762734231.859,26194,531,0.070
FETCH,1762734231.862,26193,421,0.046
FETCH,1762734231.888,26195,113,0.042
FETCH,1762734231.893,26196,206,0.055
FETCH,1762734231.911,26194,411,0.052
FETCH,1762734231.911,26193,758,0.049
FETCH,1762734231.931,26195,117,0.043
FETCH,1762734231.951,26196,496,0.057
FETCH,1762734231.954,26194,490,0.042
FETCH,1762734231.958,26193,73,0.046
FETCH,1762734231.995,26194,525,0.041
FETCH,1762734232.008,26196,108,0.056
FETCH,1762734232.018,26195,186,0.087
FETCH,1762734232.035,26194,495,0.039
FETCH,1762734232.052,26193,908,0.094
FETCH,1762734232.061,26195,426,0.043
FETCH,1762734232.072,26196,502,0.064
FETCH,1762734232.097,26193,148,0.044
FETCH,1762734232.099,26194,260,0.064
FETCH,1762734232.099,26195,352,0.037
FETCH,1762734232.138,26196,85,0.065
FETCH,1762734232.139,26195,967,0.040
FETCH,1762734232.144,26194,867,0.045
FETCH,1762734232.158,26193,675,0.061
FETCH,1762734232.186,26194,993,0.042
FETCH,1762734232.191,26196,661,0.053
FETCH,1762734232.221,26195,884,0.081
FETCH,1762734232.226,26194,543,0.040
FETCH,1762734232.261,26194,404,0.035
FETCH,1762734232.262,26195,532,0.041
FETCH,1762734232.272,26193,748,0.114
FETCH,1762734232.279,26196,244,0.088
FETCH,1762734232.300,26194,440,0.039
FETCH,1762734232.326,26193,243,0.054
FETCH,1762734232.333,26196,156,0.054
FETCH,1762734232.359,26195,194,0.096
FETCH,1762734232.372,26194,690,0.071
FETCH,1762734232.375,26193,706,0.048
FETCH,1762734232.394,26196,180,0.061
FETCH,1762734232.405,26195,726,0.046
FETCH,1762734232.416,26194,885,0.044
FETCH,1762734232.420,26193,728,0.045
FETCH,1762734232.443,26195,84,0.038
FETCH,1762734232.454,26194,386,0.038
FETCH,1762734232.457,26196,69,0.062
FETCH,1762734232.468,26193,869,0.048
FETCH,1762734232.482,26195,78,0.039
FETCH,1762734232.491,26194,645,0.037
FETCH,1762734232.509,26196,470,0.053
FETCH,1762734232.512,26193,648,0.044
FETCH,1762734232.538,26195,718,0.056
FETCH,1762734232.552,26194,935,0.061
FETCH,1762734232.563,26196,972,0.053
FETCH,1762734232.585,26193,918,0.073
FETCH,1762734232.593,26194,581,0.041
FETCH,1762734232.594,26195,650,0.056
FETCH,1762734232.614,26196,230,0.052
FETCH,1762734232.629,26195,229,0.035
FETCH,1762734232.631,26193,445,0.046
FETCH,1762734232.638,26194,672,0.045
FETCH,1762734232.665,26196,160,0.050
FETCH,1762734232.677,26194,658,0.039
FETCH,1762734232.678,26193,970,0.047
FETCH,1762734232.705,26195,975,0.076
FETCH,1762734232.717,26196,200,0.053
FETCH,1762734232.733,26194,863,0.056
FETCH,1762734232.733,26193,385,0.055
FETCH,1762734232.744,26195,840,0.039
FETCH,1762734232.771,26196,17,0.053
FETCH,1762734232.777,26194,311,0.044
FETCH,1762734232.784,26195,619,0.040
FETCH,1762734232.787,26193,592,0.054
FETCH,1762734232.820,26194,313,0.042
FETCH,1762734232.821,26195,946,0.037
FETCH,1762734232.821,26196,263,0.050
FETCH,1762734232.835,26193,195,0.048
FETCH,1762734232.874,26196,633,0.053
FETCH,1762734232.885,26194,87,0.065
FETCH,1762734232.889,26195,605,0.068
FETCH,1762734232.904,26193,830,0.068
FETCH,1762734232.931,26194,89,0.045
FETCH,1762734232.939,26196,289,0.065
FETCH,1762734232.939,26195,828,0.050
FETCH,1762734232.983,26195,123,0.043
FETCH,1762734232.997,26193,896,0.093
FETCH,1762734232.997,26196,731,0.057
FETCH,1762734233.005,26194,228,0.074
FETCH,1762734233.022,26195,998,0.039
FETCH,1762734233.043,26193,630,0.046
FETCH,1762734233.053,26196,438,0.056
FETCH,1762734233.053,26194,813,0.048
FETCH,1762734233.067,26195,414,0.044
FETCH,1762734233.093,26194,388,0.040
FETCH,1762734233.112,26195,299,0.045
FETCH,1762734233.112,26196,277,0.058
FETCH,1762734233.132,26194,736,0.039
FETCH,1762734233.152,26193,250,0.108
FETCH,1762734233.163,26195,526,0.050
FETCH,1762734233.163,26196,282,0.050
FETCH,1762734233.167,26194,965,0.035
FETCH,1762734233.212,26194,554,0.045
FETCH,1762734233.213,26195,367,0.049
FETCH,1762734233.218,26196,126,0.055
FETCH,1762734233.235,26193,269,0.082
FETCH,1762734233.256,26194,539,0.043
FETCH,1762734233.256,26195,139,0.043
FETCH,1762734233.272,26196,30,0.053
FETCH,1762734233.279,26193,797,0.044
FETCH,1762734233.295,26195,131,0.039
FETCH,1762734233.296,26194,281,0.039
FETCH,1762734233.323,26196,403,0.050
FETCH,1762734233.338,26195,2,0.043
FETCH,1762734233.339,26193,334,0.059
FETCH,1762734233.350,26194,928,0.054
FETCH,1762734233.379,26196,339,0.056
FETCH,1762734233.389,26195,155,0.050
FETCH,1762734233.395,26193,368,0.056
FETCH,1762734233.397,26194,879,0.047
FETCH,1762734233.436,26196,141,0.056
FETCH,1762734233.448,26193,24,0.052
FETCH,1762734233.449,26195,720,0.060
FETCH,1762734233.452,26194,15,0.054
FETCH,1762734233.496,26194,7,0.044
FETCH,1762734233.496,26195,968,0.046
FETCH,1762734233.496,26193,503,0.048
FETCH,1762734233.498,26196,3,0.060
FETCH,1762734233.539,26195,760,0.042
FETCH,1762734233.546,26194,683,0.049
FETCH,1762734233.563,26196,33,0.065
FETCH,1762734233.579,26195,623,0.039
FETCH,1762734233.579,26193,656,0.082
FETCH,1762734233.603,26194,14,0.057
FETCH,1762734233.621,26196,394,0.058
FETCH,1762734233.633,26195,4,0.054
FETCH,1762734233.655,26193,167,0.076
FETCH,1762734233.682,26194,261,0.078
FETCH,1762734233.682,26196,280,0.060
FETCH,1762734233.714,26195,369,0.081
FETCH,1762734233.726,26194,626,0.044
FETCH,1762734233.733,26193,696,0.077
FETCH,1762734233.738,26196,741,0.056
FETCH,1762734233.756,26195,517,0.041
FETCH,1762734233.802,26196,686,0.064
FETCH,1762734233.802,26195,102,0.046
FETCH,1762734233.817,26193,342,0.084
FETCH,1762734233.850,26194,162,0.123
FETCH,1762734233.857,26195,781,0.054
FETCH,1762734233.898,26195,646,0.041
FETCH,1762734233.904,26196,237,0.101
FETCH,1762734233.909,26193,739,0.092
FETCH,1762734233.936,26195,41,0.038
FETCH,1762734233.955,26196,291,0.051
FETCH,1762734233.982,26195,120,0.046
FETCH,1762734233.982,26194,700,0.129
FETCH,1762734234.007,26196,198,0.052
FETCH,1762734234.019,26193,853,0.110
FETCH,1762734234.019,26195,638,0.037
FETCH,1762734234.030,26194,193,0.048
FETCH,1762734234.064,26196,699,0.057
FETCH,1762734234.076,26194,788,0.045
FETCH,1762734234.078,26195,292,0.059
FETCH,1762734234.083,26193,151,0.063
FETCH,1762734234.124,26195,32,0.045
FETCH,1762734234.127,26194,449,0.051
FETCH,1762734234.144,26196,705,0.079
FETCH,1762734234.181,26193,95,0.098
FETCH,1762734234.189,26194,326,0.062
FETCH,1762734234.205,26196,98,0.061
FETCH,1762734234.229,26194,115,0.039
FETCH,1762734234.235,26193,27,0.053
FETCH,1762734234.288,26193,146,0.052
FETCH,1762734234.288,26196,446,0.083
FETCH,1762734234.295,26194,366,0.065
FETCH,1762734234.338,26193,857,0.049
FETCH,1762734234.344,26194,655,0.049
FETCH,1762734234.344,26196,150,0.055
FETCH,1762734234.380,26194,820,0.036
FETCH,1762734234.403,26196,202,0.059
FETCH,1762734234.404,26193,254,0.065
FETCH,1762734234.417,26194,86,0.037
FETCH,1762734234.453,26193,161,0.050
FETCH,1762734234.460,26196,749,0.057
FETCH,1762734234.465,26194,617,0.048
FETCH,1762734234.503,26193,960,0.049
FETCH,1762734234.505,26194,787,0.039
FETCH,1762734234.523,26196,680,0.063
FETCH,1762734234.551,26194,558,0.047
FETCH,1762734234.551,26193,204,0.048
FETCH,1762734234.595,26193,207,0.044
FETCH,1762734234.626,26196,955,0.103
FETCH,1762734234.633,26194,20,0.081
FETCH,1762734234.638,26193,832,0.043
PROCESS,1762734234.641,26184,100,692,357,595,914,553,310,904,477,711,39,669,822,824,566,466,328,618,770,900,962,784,293,203,278,530,974,319,298,819,508,959,915,551,883,812,762,653,450,226,528,227,67,747,176,527,773,940,673,308,615,763,31,601,166,982,421,758,73,908,148,675,748,243,706,728,869,648,918,445,970,385,592,195,830,896,630,250,269,797,334,368,24,503,656,167,696,342,739,853,151,95,27,146,857,254,161,960,204,207,832
FETCH,1762734234.673,26194,327,0.040
FETCH,1762734234.681,26196,514,0.055
FETCH,1762734234.719,26194,926,0.046
FETCH,1762734234.742,26196,871,0.060
FETCH,1762734234.785,26193,418,0.146
FETCH,1762734234.794,26196,62,0.052
FETCH,1762734234.839,26193,48,0.054
FETCH,1762734234.839,26196,262,0.044
FETCH,1762734234.839,26194,919,0.120
FETCH,1762734234.882,26194,241,0.042
FETCH,1762734234.890,26196,922,0.051
FETCH,1762734234.891,26193,459,0.051
PROCESS,1762734234.960,26184,100,742,676,780,786,409,300,609,191,331,447,608,719,22,651,515,417,715,632,983,111,384,93,396,642,997,216,737,264,329,649,534,350,90,462,68,483,746,236,344,732,745,422,929,152,927,724,491,662,665,53,355,971,666,47,855,799,730,395,56,531,411,490,525,495,260,867,993,543,404,440,690,885,386,645,935,581,672,658,863,311,313,87,89,228,813,388,736,965,554,539,281,928,879,15,7,683,14,261,626,162
FETCH,1762734234.969,26196,145,0.078
FETCH,1762734234.969,26193,808,0.078
FETCH,1762734235.023,26193,159,0.053
FETCH,1762734235.076,26194,175,0.194
FETCH,1762734235.083,26196,859,0.114
FETCH,1762734235.096,26193,312,0.073
FETCH,1762734235.120,26194,751,0.043
FETCH,1762734235.137,26196,600,0.054
FETCH,1762734235.149,26193,607,0.053
FETCH,1762734235.191,26194,505,0.071
FETCH,1762734235.205,26193,757,0.056
FETCH,1762734235.219,26196,826,0.082
FETCH,1762734235.233,26194,247,0.042
PROCESS,1762734235.239,26184,100,693,348,349,754,691,552,258,783,232,961,966,224,6,165,378,938,225,602,674,750,0,410,944,94,995,535,899,519,823,698,251,825,51,544,275,848,671,436,249,454,597,689,723,144,317,573,223,572,124,509,652,215,687,456,113,117,186,426,352,967,884,532,194,726,84,78,718,650,229,975,840,619,946,605,828,123,998,414,299,526,367,139,131,2,155,720,968,760,623,4,369,517,102,781,646,41,120,638,292,32
FETCH,1762734235.275,26194,910,0.042
FETCH,1762734235.275,26193,361,0.070
FETCH,1762734235.294,26196,591,0.075
FETCH,1762734235.319,26194,865,0.044
FETCH,1762734235.329,26193,457,0.054
FETCH,1762734235.348,26196,542,0.055
FETCH,1762734235.379,26193,685,0.049
FETCH,1762734235.379,26194,171,0.059
FETCH,1762734235.419,26194,233,0.040
FETCH,1762734235.427,26196,903,0.079
FETCH,1762734235.429,26193,316,0.051
FETCH,1762734235.460,26194,743,0.041
FETCH,1762734235.490,26196,37,0.063
FETCH,1762734235.501,26193,118,0.071
FETCH,1762734235.510,26194,183,0.050
FETCH,1762734235.549,26193,80,0.048
FETCH,1762734235.549,26194,593,0.039
FETCH,1762734235.565,26196,663,0.075
FETCH,1762734235.594,26193,420,0.045
FETCH,1762734235.635,26196,504,0.070
FETCH,1762734235.643,26193,590,0.048
FETCH,1762734235.657,26194,708,0.107
FETCH,1762734235.684,26196,375,0.049
FETCH,1762734235.717,26194,379,0.060
FETCH,1762734235.742,26196,306,0.057
FETCH,1762734235.752,26194,729,0.035
FETCH,1762734235.752,26193,365,0.109
FETCH,1762734235.804,26196,817,0.063
PROCESS,1762734235.807,26184,100,122,559,393,218,196,569,333,154,603,74,164,571,184,964,288,807,668,336,343,358,521,561,764,889,452,125,210,136,143,659,821,546,977,406,574,752,206,496,108,502,85,661,244,156,180,69,470,972,230,160,200,17,263,633,289,731,438,277,282,126,30,403,339,141,3,33,394,280,741,686,237,291,198,699,705,98,446,150,202,749,680,955,514,871,62,262,922,145,859,600,826,591,542,903,37,663,504,375,306,817
FETCH,1762734235.818,26193,205,0.066
FETCH,1762734235.830,26194,44,0.078
FETCH,1762734235.871,26193,415,0.052
FETCH,1762734235.886,26194,816,0.055
FETCH,1762734235.920,26193,916,0.049
FETCH,1762734235.964,26193,121,0.044
FETCH,1762734235.964,26194,563,0.078
FETCH,1762734236.005,26194,861,0.042
FETCH,1762734236.019,26193,578,0.055
FETCH,1762734236.054,26194,482,0.048
FETCH,1762734236.138,26193,805,0.119
FETCH,1762734236.200,26193,733,0.062
FETCH,1762734236.206,26194,839,0.152
FETCH,1762734236.249,26193,481,0.048
FETCH,1762734236.273,26194,827,0.067
FETCH,1762734236.301,26193,453,0.052
FETCH,1762734236.316,26194,34,0.043
FETCH,1762734236.349,26194,444,0.033
FETCH,1762734236.396,26193,996,0.094
FETCH,1762734236.401,26194,779,0.052
FETCH,1762734236.453,26193,755,0.057
FETCH,1762734236.455,26194,506,0.053
FETCH,1762734236.498,26194,804,0.042
FETCH,1762734236.508,26193,494,0.054
FETCH,1762734236.542,26194,256,0.043
FETCH,1762734236.559,26193,332,0.051
FETCH,1762734236.586,26194,864,0.044
FETCH,1762734236.611,26193,851,0.051
FETCH,1762734236.630,26194,492,0.044
FETCH,1762734236.669,26193,923,0.057
FETCH,1762734236.711,26194,26,0.080
FETCH,1762734236.757,26194,425,0.046
FETCH,1762734236.762,26193,356,0.093
FETCH,1762734236.798,26194,19,0.040
FETCH,1762734236.815,26193,682,0.052
FETCH,1762734236.838,26194,943,0.040
FETCH,1762734236.868,26193,802,0.053
FETCH,1762734236.904,26194,785,0.065
FETCH,1762734236.945,26193,513,0.076
FETCH,1762734236.951,26194,49,0.046
FETCH,1762734237.001,26193,11,0.056
FETCH,1762734237.001,26194,295,0.050
FETCH,1762734237.046,26194,116,0.045
FETCH,1762734237.086,26193,769,0.084
FETCH,1762734237.097,26194,211,0.050
FETCH,1762734237.140,26193,439,0.053
FETCH,1762734237.155,26194,795,0.057
FETCH,1762734237.196,26194,753,0.040
FETCH,1762734237.239,26194,880,0.043
FETCH,1762734237.239,26193,925,0.099
FETCH,1762734237.290,26194,714,0.050
FETCH,1762734237.302,26193,818,0.062
FETCH,1762734237.341,26194,831,0.050
FETCH,1762734237.356,26193,886,0.053
FETCH,1762734237.411,26193,54,0.055
FETCH,1762734237.442,26194,845,0.100
FETCH,1762734237.461,26193,948,0.049
FETCH,1762734237.487,26194,841,0.045
FETCH,1762734237.516,26193,45,0.055
FETCH,1762734237.528,26194,134,0.041
FETCH,1762734237.570,26194,346,0.041
FETCH,1762734237.572,26193,461,0.055
FETCH,1762734237.617,26194,540,0.046
FETCH,1762734237.621,26193,596,0.049
FETCH,1762734237.675,26193,536,0.053
FETCH,1762734237.731,26194,468,0.114
FETCH,1762734237.731,26193,290,0.056
FETCH,1762734237.766,26194,920,0.034
FETCH,1762734237.779,26193,981,0.048
FETCH,1762734237.807,26194,464,0.041
FETCH,1762734237.834,26193,88,0.055
FETCH,1762734237.872,26194,114,0.065
FETCH,1762734237.895,26193,181,0.061
FETCH,1762734237.913,26194,473,0.042
FETCH,1762734237.947,26193,427,0.052
FETCH,1762734237.958,26194,267,0.045
FETCH,1762734237.998,26193,318,0.052
FETCH,1762734238.000,26194,351,0.042
FETCH,1762734238.062,26193,587,0.063
FETCH,1762734238.122,26193,930,0.059
FETCH,1762734238.124,26194,550,0.123
FETCH,1762734238.169,26194,472,0.045
FETCH,1762734238.183,26193,987,0.061
FETCH,1762734238.237,26193,10,0.053
FETCH,1762734238.237,26194,112,0.068
FETCH,1762734238.275,26194,973,0.038
FETCH,1762734238.291,26193,625,0.054
FETCH,1762734238.312,26194,978,0.036
FETCH,1762734238.348,26193,548,0.057
FETCH,1762734238.358,26194,556,0.046
FETCH,1762734238.394,26194,734,0.036
FETCH,1762734238.437,26194,337,0.043
FETCH,1762734238.452,26193,622,0.104
FETCH,1762734238.479,26194,791,0.041
FETCH,1762734238.512,26193,613,0.060
FETCH,1762734238.524,26194,424,0.045
FETCH,1762734238.563,26194,158,0.039
FETCH,1762734238.573,26193,933,0.061
FETCH,1762734238.632,26193,402,0.058
FETCH,1762734238.673,26194,956,0.109
FETCH,1762734238.690,26193,583,0.058
FETCH,1762734238.750,26193,248,0.059
FETCH,1762734238.758,26194,881,0.085
FETCH,1762734238.804,26193,756,0.054
FETCH,1762734238.850,26194,866,0.091
FETCH,1762734238.862,26193,909,0.057
FETCH,1762734238.908,26194,963,0.057
FETCH,1762734238.914,26193,65,0.052
FETCH,1762734238.973,26194,242,0.065
FETCH,1762734238.981,26193,419,0.067
FETCH,1762734239.063,26193,467,0.081
FETCH,1762734239.135,26193,984,0.071
FETCH,1762734239.190,26193,104,0.055
FETCH,1762734239.252,26193,579,0.061
FETCH,1762734239.311,26193,991,0.059
FETCH,1762734239.321,26194,800,0.348
FETCH,1762734239.364,26194,330,0.043
FETCH,1762734239.375,26193,549,0.064
FETCH,1762734239.420,26194,522,0.056
FETCH,1762734239.424,26193,287,0.048
FETCH,1762734239.462,26194,772,0.040
FETCH,1762734239.477,26193,856,0.052
FETCH,1762734239.511,26194,934,0.049
FETCH,1762734239.528,26193,383,0.051
FETCH,1762734239.577,26194,182,0.065
FETCH,1762734239.584,26193,270,0.056
FETCH,1762734239.639,26193,842,0.054
FETCH,1762734239.653,26194,873,0.075
FETCH,1762734239.693,26193,372,0.054
FETCH,1762734239.696,26194,252,0.043
FETCH,1762734239.733,26194,484,0.036
FETCH,1762734239.747,26193,860,0.054
FETCH,1762734239.771,26194,846,0.038
FETCH,1762734239.818,26194,806,0.046
FETCH,1762734239.863,26193,777,0.114
FETCH,1762734239.916,26193,541,0.053
FETCH,1762734239.979,26193,314,0.062
FETCH,1762734240.032,26193,833,0.052
FETCH,1762734240.123,26193,489,0.090
FETCH,1762734240.192,26193,209,0.068
FETCH,1762734240.240,26193,610,0.048
FETCH,1762734240.291,26193,493,0.050
FETCH,1762734240.358,26193,567,0.067
FETCH,1762734240.425,26193,432,0.066
FETCH,1762734240.486,26193,793,0.059
FETCH,1762734240.595,26193,105,0.109
FETCH,1762734240.665,26193,895,0.069
FETCH,1762734240.724,26193,382,0.058
FETCH,1762734240.779,26193,518,0.054
FETCH,1762734240.851,26193,271,0.072
FETCH,1762734240.949,26193,408,0.097
PROCESS,1762734240.954,26184,100,418,48,459,808,159,312,607,757,361,457,685,316,118,80,420,590,365,205,415,916,121,578,805,733,481,453,996,755,494,332,851,923,356,682,802,513,11,769,439,925,818,886,54,948,45,461,596,536,290,981,88,181,427,318,587,930,987,10,625,548,622,613,933,402,583,248,756,909,65,419,467,984,104,579,991,549,287,856,383,270,842,372,860,777,541,314,833,489,209,610,493,567,432,793,105,895,382,518,271,408
PROCESS,1762734241.271,26184,100,700,193,788,449,326,115,366,655,820,86,617,787,558,20,327,926,919,241,175,751,505,247,910,865,171,233,743,183,593,708,379,729,44,816,563,861,482,839,827,34,444,779,506,804,256,864,492,26,425,19,943,785,49,295,116,211,795,753,880,714,831,845,841,134,346,540,468,920,464,114,473,267,351,550,472,112,973,978,556,734,337,791,424,158,956,881,866,963,242,800,330,522,772,934,182,873,252,484,846,806
FETCH,1762734241.679,26194,700,0.133
FETCH,1762734241.700,26195,797,0.154
FETCH,1762734241.702,26196,654,0.157
FETCH,1762734241.712,26193,118,0.166
FETCH,1762734241.723,26194,383,0.044
FETCH,1762734241.749,26195,844,0.049
FETCH,1762734241.749,26196,650,0.047
FETCH,1762734241.761,26193,73,0.049
FETCH,1762734241.766,26194,211,0.043
FETCH,1762734241.795,26195,68,0.045
FETCH,1762734241.812,26194,546,0.045
FETCH,1762734241.818,26193,353,0.057
FETCH,1762734241.825,26196,92,0.076
FETCH,1762734241.846,26195,551,0.051
FETCH,1762734241.859,26194,509,0.047
FETCH,1762734241.876,26193,466,0.058
FETCH,1762734241.878,26196,854,0.053
FETCH,1762734241.908,26194,230,0.049
FETCH,1762734241.908,26195,274,0.062
FETCH,1762734241.931,26196,722,0.052
FETCH,1762734241.942,26193,159,0.066
FETCH,1762734241.947,26194,702,0.039
FETCH,1762734241.957,26195,905,0.049
FETCH,1762734241.994,26196,357,0.062
FETCH,1762734241.994,26194,74,0.046
FETCH,1762734242.014,26195,308,0.056
FETCH,1762734242.028,26193,810,0.086
FETCH,1762734242.036,26194,870,0.042
FETCH,1762734242.042,26196,460,0.048
FETCH,1762734242.066,26195,392,0.052
FETCH,1762734242.116,26196,864,0.074
FETCH,1762734242.116,26194,494,0.080
FETCH,1762734242.116,26193,281,0.088
FETCH,1762734242.129,26195,207,0.062
FETCH,1762734242.174,26194,385,0.057
FETCH,1762734242.180,26195,379,0.051
FETCH,1762734242.180,26193,480,0.063
FETCH,1762734242.191,26196,135,0.075
FETCH,1762734242.249,26194,116,0.075
FETCH,1762734242.256,26196,113,0.064
FETCH,1762734242.256,26195,825,0.075
FETCH,1762734242.282,26193,389,0.102
FETCH,1762734242.295,26194,869,0.046
FETCH,1762734242.302,26195,937,0.046
FETCH,1762734242.302,26196,347,0.046
FETCH,1762734242.340,26193,394,0.058
FETCH,1762734242.342,26194,348,0.047
FETCH,1762734242.354,26196,86,0.052
FETCH,1762734242.362,26195,305,0.060
FETCH,1762734242.384,26194,787,0.042
FETCH,1762734242.401,26193,625,0.061
FETCH,1762734242.404,26196,109,0.050
FETCH,1762734242.411,26195,171,0.049
FETCH,1762734242.438,26194,934,0.053
FETCH,1762734242.452,26196,956,0.048
FETCH,1762734242.453,26193,900,0.051
FETCH,1762734242.473,26195,167,0.062
FETCH,1762734242.479,26194,176,0.042
FETCH,1762734242.505,26196,752,0.053
FETCH,1762734242.512,26193,56,0.060
FETCH,1762734242.522,26195,523,0.049
FETCH,1762734242.527,26194,298,0.048
FETCH,1762734242.572,26194,734,0.045
FETCH,1762734242.572,26195,41,0.050
FETCH,1762734242.576,26193,445,0.064
FETCH,1762734242.610,26196,615,0.104
FETCH,1762734242.618,26195,973,0.046
FETCH,1762734242.618,26194,589,0.046
FETCH,1762734242.630,26193,182,0.053
FETCH,1762734242.666,26194,406,0.048
FETCH,1762734242.670,26196,428,0.060
FETCH,1762734242.676,26195,882,0.057
FETCH,1762734242.708,26193,43,0.078
FETCH,1762734242.732,26195,811,0.056
FETCH,1762734242.754,26194,93,0.088
FETCH,1762734242.757,26193,945,0.050
FETCH,1762734242.783,26196,819,0.113
FETCH,1762734242.785,26195,872,0.052
FETCH,1762734242.792,26194,345,0.038
FETCH,1762734242.810,26193,198,0.052
FETCH,1762734242.836,26194,384,0.044
FETCH,1762734242.847,26195,947,0.063
FETCH,1762734242.852,26196,393,0.069
FETCH,1762734242.866,26193,970,0.056
FETCH,1762734242.897,26194,98,0.060
FETCH,1762734242.897,26195,97,0.049
FETCH,1762734242.903,26196,52,0.051
FETCH,1762734242.925,26193,892,0.058
FETCH,1762734242.954,26195,225,0.057
FETCH,1762734242.954,26194,801,0.057
FETCH,1762734242.996,26193,622,0.070
FETCH,1762734242.996,26194,598,0.041
FETCH,1762734243.003,26195,939,0.048
FETCH,1762734243.013,26196,746,0.110
FETCH,1762734243.055,26194,282,0.058
FETCH,1762734243.055,26195,667,0.051
FETCH,1762734243.057,26193,242,0.061
FETCH,1762734243.061,26196,925,0.048
FETCH,1762734243.098,26194,42,0.043
FETCH,1762734243.117,26196,520,0.056
FETCH,1762734243.123,26195,704,0.068
FETCH,1762734243.123,26193,655,0.066
FETCH,1762734243.139,26194,695,0.041
FETCH,1762734243.167,26196,894,0.049
FETCH,1762734243.178,26193,621,0.054
FETCH,1762734243.183,26194,40,0.044
FETCH,1762734243.210,26195,861,0.087
FETCH,1762734243.214,26196,402,0.047
FETCH,1762734243.229,26194,816,0.045
FETCH,1762734243.231,26193,767,0.053
FETCH,1762734243.261,26195,935,0.050
FETCH,1762734243.261,26196,504,0.047
FETCH,1762734243.284,26194,525,0.054
FETCH,1762734243.299,26193,829,0.067
FETCH,1762734243.311,26195,321,0.050
FETCH,1762734243.311,26196,673,0.050
FETCH,1762734243.339,26194,941,0.054
FETCH,1762734243.356,26196,27,0.044
FETCH,1762734243.380,26193,15,0.081
FETCH,1762734243.386,26195,771,0.075
FETCH,1762734243.386,26194,750,0.047
FETCH,1762734243.408,26196,264,0.051
FETCH,1762734243.427,26194,414,0.040
FETCH,1762734243.435,26195,71,0.048
FETCH,1762734243.435,26193,137,0.054
FETCH,1762734243.465,26196,325,0.057
FETCH,1762734243.477,26194,435,0.050
FETCH,1762734243.491,26193,408,0.056
FETCH,1762734243.492,26195,591,0.057
FETCH,1762734243.514,26196,191,0.048
FETCH,1762734243.526,26194,851,0.049
FETCH,1762734243.547,26195,206,0.055
FETCH,1762734243.549,26193,488,0.058
FETCH,1762734243.578,26196,928,0.063
FETCH,1762734243.578,26194,548,0.051
FETCH,1762734243.604,26195,482,0.056
FETCH,1762734243.608,26193,461,0.058
FETCH,1762734243.647,26196,7,0.068
FETCH,1762734243.655,26194,165,0.077
FETCH,1762734243.671,26195,717,0.067
FETCH,1762734243.673,26193,984,0.064
FETCH,1762734243.699,26194,184,0.043
FETCH,1762734243.714,26196,4,0.067
FETCH,1762734243.723,26195,310,0.052
FETCH,1762734243.727,26193,528,0.055
FETCH,1762734243.744,26194,537,0.045
FETCH,1762734243.762,26196,827,0.047
FETCH,1762734243.783,26193,652,0.055
FETCH,1762734243.785,26194,83,0.041
FETCH,1762734243.814,26195,106,0.090
FETCH,1762734243.814,26196,777,0.052
FETCH,1762734243.829,26194,162,0.043
FETCH,1762734243.856,26193,294,0.072
FETCH,1762734243.862,26196,693,0.048
FETCH,1762734243.878,26194,778,0.048
FETCH,1762734243.911,26196,518,0.048
FETCH,1762734243.911,26193,327,0.055
FETCH,1762734243.930,26194,25,0.052
FETCH,1762734243.946,26195,323,0.132
FETCH,1762734243.968,26193,145,0.057
FETCH,1762734243.984,26196,720,0.073
FETCH,1762734243.984,26194,297,0.053
FETCH,1762734243.997,26195,946,0.050
FETCH,1762734244.038,26194,464,0.053
FETCH,1762734244.038,26193,802,0.069
FETCH,1762734244.038,26196,421,0.053
FETCH,1762734244.047,26195,19,0.050
FETCH,1762734244.119,26196,572,0.080
FETCH,1762734244.119,26195,252,0.071
FETCH,1762734244.119,26194,877,0.081
FETCH,1762734244.152,26193,641,0.114
FETCH,1762734244.165,26194,405,0.046
FETCH,1762734244.168,26196,812,0.048
FETCH,1762734244.169,26195,790,0.049
FETCH,1762734244.207,26194,478,0.041
FETCH,1762734244.208,26193,609,0.056
FETCH,1762734244.213,26196,204,0.045
FETCH,1762734244.222,26195,181,0.053
FETCH,1762734244.251,26194,479,0.043
FETCH,1762734244.263,26196,468,0.050
FETCH,1762734244.273,26195,404,0.050
FETCH,1762734244.281,26193,346,0.073
FETCH,1762734244.292,26194,160,0.040
FETCH,1762734244.321,26196,283,0.057
FETCH,1762734244.321,26195,730,0.048
FETCH,1762734244.345,26194,883,0.053
FETCH,1762734244.345,26193,938,0.064
FETCH,1762734244.376,26195,803,0.055
FETCH,1762734244.393,26194,339,0.047
FETCH,1762734244.393,26196,57,0.072
FETCH,1762734244.405,26193,575,0.059
FETCH,1762734244.428,26195,459,0.051
FETCH,1762734244.439,26194,524,0.046
FETCH,1762734244.460,26196,895,0.067
FETCH,1762734244.465,26193,190,0.060
FETCH,1762734244.487,26195,631,0.058
FETCH,1762734244.487,26194,657,0.047
FETCH,1762734244.528,26193,906,0.062
FETCH,1762734244.534,26194,798,0.046
FETCH,1762734244.538,26196,420,0.077
FETCH,1762734244.548,26195,487,0.061
FETCH,1762734244.578,26194,481,0.044
FETCH,1762734244.585,26196,79,0.047
FETCH,1762734244.608,26193,330,0.080
FETCH,1762734244.608,26195,396,0.059
FETCH,1762734244.622,26194,521,0.044
FETCH,1762734244.637,26196,273,0.052
FETCH,1762734244.670,26195,840,0.062
FETCH,1762734244.670,26194,474,0.048
FETCH,1762734244.675,26193,660,0.067
FETCH,1762734244.682,26196,768,0.045
FETCH,1762734244.721,26194,709,0.049
FETCH,1762734244.723,26195,595,0.052
FETCH,1762734244.733,26196,72,0.051
FETCH,1762734244.734,26193,22,0.058
FETCH,1762734244.771,26194,880,0.049
FETCH,1762734244.782,26196,563,0.048
FETCH,1762734244.789,26193,712,0.055
FETCH,1762734244.789,26195,24,0.066
FETCH,1762734244.817,26194,23,0.046
FETCH,1762734244.836,26196,776,0.054
FETCH,1762734244.843,26195,511,0.054
FETCH,1762734244.846,26193,119,0.056
FETCH,1762734244.864,26194,581,0.046
FETCH,1762734244.894,26195,173,0.050
FETCH,1762734244.899,26196,796,0.062
FETCH,1762734244.903,26193,786,0.057
FETCH,1762734244.910,26194,806,0.046
FETCH,1762734244.983,26194,579,0.072
FETCH,1762734244.983,26195,121,0.089
FETCH,1762734244.983,26193,363,0.079
FETCH,1762734244.983,26196,913,0.083
FETCH,1762734245.034,26194,245,0.050
FETCH,1762734245.049,26193,898,0.065
FETCH,1762734245.049,26196,196,0.065
FETCH,1762734245.050,26195,535,0.066
FETCH,1762734245.094,26194,313,0.060
FETCH,1762734245.101,26196,96,0.051
FETCH,1762734245.105,26193,578,0.056
FETCH,1762734245.105,26195,359,0.056
FETCH,1762734245.136,26194,60,0.041
FETCH,1762734245.149,26196,685,0.048
FETCH,1762734245.161,26193,362,0.055
FETCH,1762734245.182,26194,601,0.046
FETCH,1762734245.185,26195,755,0.080
FETCH,1762734245.200,26196,857,0.050
FETCH,1762734245.220,26193,599,0.058
FETCH,1762734245.224,26194,800,0.041
FETCH,1762734245.247,26195,875,0.061
FETCH,1762734245.247,26196,765,0.047
FETCH,1762734245.279,26194,958,0.055
FETCH,1762734245.293,26195,540,0.046
FETCH,1762734245.293,26193,997,0.073
FETCH,1762734245.293,26196,36,0.046
FETCH,1762734245.344,26196,150,0.050
FETCH,1762734245.345,26195,933,0.052
FETCH,1762734245.347,26193,316,0.053
FETCH,1762734245.355,26194,879,0.076
FETCH,1762734245.399,26194,890,0.044
FETCH,1762734245.402,26196,335,0.057
FETCH,1762734245.405,26195,369,0.059
FETCH,1762734245.414,26193,706,0.067
FETCH,1762734245.443,26194,594,0.043
FETCH,1762734245.479,26195,624,0.073
FETCH,1762734245.479,26196,295,0.076
FETCH,1762734245.481,26193,951,0.067
FETCH,1762734245.516,26194,828,0.073
FETCH,1762734245.560,26194,568,0.043
FETCH,1762734245.560,26196,677,0.081
FETCH,1762734245.560,26193,195,0.079
FETCH,1762734245.572,26195,450,0.093
FETCH,1762734245.608,26194,699,0.047
FETCH,1762734245.625,26193,218,0.064
FETCH,1762734245.634,26196,646,0.072
FETCH,1762734245.635,26195,31,0.063
FETCH,1762734245.658,26194,729,0.049
FETCH,1762734245.680,26193,683,0.055
FETCH,1762734245.687,26196,132,0.053
FETCH,1762734245.709,26194,770,0.050
FETCH,1762734245.709,26195,618,0.074
FETCH,1762734245.746,26193,240,0.065
FETCH,1762734245.754,26194,805,0.045
FETCH,1762734245.766,26195,942,0.057
FETCH,1762734245.766,26196,842,0.079
FETCH,1762734245.810,26194,766,0.056
FETCH,1762734245.813,26193,795,0.066
FETCH,1762734245.815,26195,862,0.049
FETCH,1762734245.815,26196,124,0.049
FETCH,1762734245.867,26194,219,0.056
FETCH,1762734245.867,26196,390,0.051
FETCH,1762734245.867,26193,814,0.053
FETCH,1762734245.867,26195,276,0.051
FETCH,1762734245.927,26195,446,0.059
FETCH,1762734245.927,26193,360,0.060
FETCH,1762734245.936,26194,354,0.069
FETCH,1762734245.979,26195,375,0.051
FETCH,1762734245.979,26194,536,0.042
FETCH,1762734245.981,26193,647,0.053
FETCH,1762734246.010,26196,318,0.142
FETCH,1762734246.030,26195,303,0.051
FETCH,1762734246.035,26194,570,0.056
FETCH,1762734246.059,26196,355,0.048
FETCH,1762734246.062,26193,965,0.081
FETCH,1762734246.075,26194,439,0.040
FETCH,1762734246.096,26195,818,0.065
FETCH,1762734246.107,26196,430,0.047
FETCH,1762734246.116,26194,887,0.041
FETCH,1762734246.146,26195,626,0.050
FETCH,1762734246.166,26194,302,0.049
FETCH,1762734246.188,26196,380,0.081
FETCH,1762734246.188,26193,908,0.126
FETCH,1762734246.217,26195,448,0.071
FETCH,1762734246.238,26196,188,0.050
FETCH,1762734246.249,26193,920,0.060
FETCH,1762734246.263,26195,499,0.045
FETCH,1762734246.295,26196,469,0.056
FETCH,1762734246.311,26193,197,0.062
FETCH,1762734246.312,26195,531,0.048
FETCH,1762734246.360,26196,748,0.065
FETCH,1762734246.360,26194,780,0.193
FETCH,1762734246.377,26195,661,0.065
FETCH,1762734246.383,26193,49,0.072
FETCH,1762734246.406,26194,491,0.045
FETCH,1762734246.409,26196,169,0.049
FETCH,1762734246.429,26195,995,0.051
FETCH,1762734246.456,26193,960,0.072
FETCH,1762734246.492,26196,78,0.082
FETCH,1762734246.499,26194,472,0.093
FETCH,1762734246.505,26195,216,0.076
FETCH,1762734246.509,26193,556,0.053
FETCH,1762734246.546,26194,738,0.046
FETCH,1762734246.546,26196,349,0.053
FETCH,1762734246.563,26195,587,0.058
FETCH,1762734246.579,26193,539,0.070
FETCH,1762734246.597,26194,306,0.051
FETCH,1762734246.597,26196,975,0.051
FETCH,1762734246.609,26195,0,0.046
FETCH,1762734246.642,26194,940,0.045
FETCH,1762734246.660,26196,343,0.063
FETCH,1762734246.660,26195,427,0.051
FETCH,1762734246.693,26193,527,0.113
FETCH,1762734246.709,26194,8,0.065
FETCH,1762734246.709,26196,718,0.049
FETCH,1762734246.709,26195,826,0.049
FETCH,1762734246.748,26194,886,0.039
FETCH,1762734246.749,26193,422,0.055
FETCH,1762734246.755,26196,495,0.046
FETCH,1762734246.757,26195,724,0.048
FETCH,1762734246.792,26194,189,0.042
FETCH,1762734246.809,26193,820,0.060
FETCH,1762734246.817,26196,452,0.062
FETCH,1762734246.819,26195,138,0.061
FETCH,1762734246.851,26194,85,0.058
FETCH,1762734246.863,26196,569,0.045
FETCH,1762734246.867,26195,463,0.048
FETCH,1762734246.867,26193,175,0.057
FETCH,1762734246.923,26195,62,0.056
FETCH,1762734246.923,26196,262,0.060
FETCH,1762734246.926,26193,201,0.059
FETCH,1762734246.969,26196,151,0.046
FETCH,1762734246.975,26195,505,0.051
FETCH,1762734246.977,26193,271,0.050
FETCH,1762734247.041,26195,94,0.066
FETCH,1762734247.041,26196,386,0.072
FETCH,1762734247.042,26194,203,0.188
FETCH,1762734247.042,26193,103,0.065
FETCH,1762734247.087,26194,250,0.044
FETCH,1762734247.092,26195,6,0.050
FETCH,1762734247.092,26196,545,0.050
FETCH,1762734247.099,26193,441,0.057
FETCH,1762734247.137,26194,658,0.050
FETCH,1762734247.140,26196,824,0.049
FETCH,1762734247.153,26195,508,0.061
FETCH,1762734247.166,26193,146,0.066
FETCH,1762734247.178,26194,791,0.040
FETCH,1762734247.226,26194,489,0.047
FETCH,1762734247.232,26196,215,0.092
FETCH,1762734247.234,26195,831,0.081
FETCH,1762734247.241,26193,210,0.075
FETCH,1762734247.286,26194,707,0.059
FETCH,1762734247.288,26195,473,0.054
FETCH,1762734247.289,26196,476,0.056
FETCH,1762734247.304,26193,80,0.063
FETCH,1762734247.326,26194,538,0.039
FETCH,1762734247.338,26196,358,0.049
FETCH,1762734247.343,26195,37,0.054
FETCH,1762734247.367,26194,270,0.040
FETCH,1762734247.383,26193,157,0.078
FETCH,1762734247.387,26196,600,0.048
FETCH,1762734247.394,26195,260,0.051
FETCH,1762734247.413,26194,309,0.046
FETCH,1762734247.441,26196,141,0.054
FETCH,1762734247.446,26193,142,0.062
FETCH,1762734247.449,26194,235,0.036
FETCH,1762734247.453,26195,388,0.059
FETCH,1762734247.493,26194,232,0.044
FETCH,1762734247.498,26196,344,0.057
FETCH,1762734247.502,26195,839,0.050
FETCH,1762734247.509,26193,415,0.063
FETCH,1762734247.535,26194,442,0.041
FETCH,1762734247.598,26196,152,0.100
FETCH,1762734247.598,26193,705,0.089
FETCH,1762734247.618,26194,104,0.083
FETCH,1762734247.662,26193,684,0.064
FETCH,1762734247.662,26194,228,0.044
FETCH,1762734247.671,26196,378,0.073
FETCH,1762734247.693,26195,286,0.189
FETCH,1762734247.706,26194,220,0.043
FETCH,1762734247.720,26193,779,0.058
FETCH,1762734247.744,26195,102,0.051
FETCH,1762734247.752,26194,275,0.046
FETCH,1762734247.796,26194,911,0.044
FETCH,1762734247.798,26195,519,0.053
FETCH,1762734247.812,26193,91,0.091
FETCH,1762734247.833,26196,229,0.161
FETCH,1762734247.848,26194,82,0.052
FETCH,1762734247.854,26195,140,0.056
FETCH,1762734247.868,26193,961,0.057
FETCH,1762734247.883,26196,888,0.050
FETCH,1762734247.892,26194,351,0.043
FETCH,1762734247.909,26195,444,0.055
FETCH,1762734247.925,26196,69,0.042
FETCH,1762734247.933,26194,969,0.041
FETCH,1762734247.958,26195,522,0.048
FETCH,1762734247.976,26193,127,0.108
FETCH,1762734247.996,26194,976,0.063
FETCH,1762734247.996,26196,409,0.070
FETCH,1762734248.034,26195,130,0.075
FETCH,1762734248.034,26193,88,0.057
FETCH,1762734248.042,26196,148,0.046
FETCH,1762734248.042,26194,214,0.046
FETCH,1762734248.091,26194,3,0.048
FETCH,1762734248.091,26196,246,0.048
FETCH,1762734248.094,26195,352,0.060
FETCH,1762734248.107,26193,917,0.072
FETCH,1762734248.165,26195,835,0.071
FETCH,1762734248.165,26196,497,0.074
FETCH,1762734248.174,26193,553,0.067
FETCH,1762734248.181,26194,424,0.090
FETCH,1762734248.210,26196,813,0.045
FETCH,1762734248.212,26195,368,0.047
FETCH,1762734248.228,26194,741,0.046
FETCH,1762734248.230,26193,326,0.055
PROCESS,1762734248.235,26184,100,118,73,353,466,159,810,281,480,389,394,625,900,56,445,182,43,945,198,970,892,622,242,655,621,767,829,15,137,408,488,461,984,528,652,294,327,145,802,641,609,346,938,575,190,906,330,660,22,712,119,786,363,898,578,362,599,997,316,706,951,195,218,683,240,795,814,360,647,965,908,920,197,49,960,556,539,527,422,820,175,201,271,103,441,146,210,80,157,142,415,705,684,779,91,961,127,88,917,553,326
FETCH,1762734248.260,26196,333,0.050
FETCH,1762734248.261,26195,16,0.048
FETCH,1762734248.276,26194,12,0.048
FETCH,1762734248.311,26195,636,0.050
FETCH,1762734248.327,26196,571,0.067
FETCH,1762734248.357,26195,477,0.046
FETCH,1762734248.372,26196,470,0.044
FETCH,1762734248.383,26194,417,0.107
FETCH,1762734248.398,26193,916,0.167
FETCH,1762734248.404,26195,287,0.047
FETCH,1762734248.423,26196,265,0.051
FETCH,1762734248.423,26194,592,0.040
FETCH,1762734248.445,26193,453,0.046
FETCH,1762734248.466,26195,419,0.062
FETCH,1762734248.466,26196,55,0.043
FETCH,1762734248.490,26193,67,0.046
FETCH,1762734248.490,26194,418,0.067
FETCH,1762734248.512,26195,199,0.046
FETCH,1762734248.512,26196,269,0.046
FETCH,1762734248.534,26194,14,0.043
FETCH,1762734248.541,26193,161,0.050
PROCESS,1762734248.548,26184,100,700,383,211,546,509,230,702,74,870,494,385,116,869,348,787,934,176,298,734,589,406,93,345,384,98,801,598,282,42,695,40,816,525,941,750,414,435,851,548,165,184,537,83,162,778,25,297,464,877,405,478,479,160,883,339,524,657,798,481,521,474,709,880,23,581,806,579,245,313,60,601,800,958,879,890,594,828,568,699,729,770,805,766,219,354,536,570,439,887,302,780,491,472,738,306,940,8,886,189,85
FETCH,1762734248.568,26196,467,0.056
FETCH,1762734248.574,26195,701,0.062
FETCH,1762734248.584,26194,529,0.050
FETCH,1762734248.588,26193,849,0.047
FETCH,1762734248.621,26196,164,0.052
FETCH,1762734248.621,26195,425,0.047
FETCH,1762734248.628,26194,431,0.044
FETCH,1762734248.636,26193,823,0.048
FETCH,1762734248.666,26194,259,0.038
FETCH,1762734248.670,26195,234,0.049
FETCH,1762734248.707,26193,731,0.072
FETCH,1762734248.717,26195,208,0.047
FETCH,1762734248.731,26196,267,0.110
FETCH,1762734248.731,26194,429,0.065
FETCH,1762734248.764,26195,223,0.047
FETCH,1762734248.770,26194,566,0.039
FETCH,1762734248.783,26193,401,0.075
FETCH,1762734248.783,26196,455,0.052
FETCH,1762734248.810,26195,530,0.046
PROCESS,1762734248.818,26184,100,797,844,68,551,274,905,308,392,207,379,825,937,305,171,167,523,41,973,882,811,872,947,97,225,939,667,704,861,935,321,771,71,591,206,482,717,310,106,323,946,19,252,790,181,404,730,803,459,631,487,396,840,595,24,511,173,121,535,359,755,875,540,933,369,624,450,31,618,942,862,276,446,375,303,818,626,448,499,531,661,995,216,587,0,427,826,724,138,463,62,505,94,6,508,831,473,37,260,388,839
FETCH,1762734248.833,26193,366,0.050
FETCH,1762734248.833,26196,486,0.050
FETCH,1762734248.833,26194,560,0.063
FETCH,1762734248.859,26195,277,0.049
FETCH,1762734248.882,26194,178,0.049
FETCH,1762734248.890,26196,28,0.057
FETCH,1762734248.890,26193,154,0.057
FETCH,1762734248.932,26194,696,0.050
FETCH,1762734248.938,26196,856,0.048
FETCH,1762734248.938,26193,364,0.048
FETCH,1762734248.944,26195,977,0.085
FETCH,1762734248.972,26194,436,0.040
FETCH,1762734248.986,26193,285,0.049
FETCH,1762734248.994,26195,557,0.049
FETCH,1762734249.026,26196,736,0.088
FETCH,1762734249.033,26194,243,0.060
FETCH,1762734249.033,26193,993,0.047
FETCH,1762734249.041,26195,653,0.048
FETCH,1762734249.086,26194,989,0.053
FETCH,1762734249.087,26193,642,0.053
FETCH,1762734249.087,26196,200,0.061
PROCESS,1762734249.087,26184,100,654,650,92,854,722,357,460,864,135,113,347,86,109,956,752,615,428,819,393,52,746,925,520,894,402,504,673,27,264,325,191,928,7,4,827,777,693,518,720,421,572,812,204,468,283,57,895,420,79,273,768,72,563,776,796,913,196,96,685,857,765,36,150,335,295,677,646,132,842,124,390,318,355,430,380,188,469,748,169,78,349,975,343,718,495,452,569,262,151,386,545,824,215,476,358,600,141,344,152,378
FETCH,1762734249.093,26195,315,0.051
FETCH,1762734249.131,26196,564,0.045
FETCH,1762734249.136,26193,966,0.049
FETCH,1762734249.173,26196,675,0.041
FETCH,1762734249.173,26195,881,0.080
FETCH,1762734249.188,26193,830,0.052
FETCH,1762734249.202,26194,614,0.116
FETCH,1762734249.219,26195,865,0.046
FETCH,1762734249.225,26196,397,0.053
FETCH,1762734249.252,26193,336,0.063
FETCH,1762734249.259,26194,590,0.056
FETCH,1762734249.270,26195,584,0.052
FETCH,1762734249.288,26196,513,0.063
FETCH,1762734249.294,26193,799,0.042
FETCH,1762734249.302,26194,982,0.043
FETCH,1762734249.344,26195,868,0.073
FETCH,1762734249.350,26194,350,0.048
FETCH,1762734249.350,26196,897,0.062
FETCH,1762734249.395,26196,144,0.045
FETCH,1762734249.395,26195,272,0.052
FETCH,1762734249.410,26193,588,0.116
FETCH,1762734249.410,26194,697,0.060
FETCH,1762734249.448,26194,125,0.038
FETCH,1762734249.449,26196,21,0.054
FETCH,1762734249.452,26193,239,0.042
FETCH,1762734249.452,26195,574,0.056
FETCH,1762734249.492,26194,889,0.044
FETCH,1762734249.497,26193,994,0.045
FETCH,1762734249.503,26196,884,0.054
FETCH,1762734249.516,26195,44,0.064
FETCH,1762734249.546,26196,416,0.042
FETCH,1762734249.549,26193,5,0.052
FETCH,1762734249.560,26194,212,0.067
FETCH,1762734249.584,26195,493,0.068
FETCH,1762734249.591,26196,11,0.045
FETCH,1762734249.596,26193,681,0.047
FETCH,1762734249.619,26194,603,0.059
FETCH,1762734249.639,26195,503,0.054
FETCH,1762734249.683,26194,713,0.063
FETCH,1762734249.683,26196,932,0.092
FETCH,1762734249.686,26195,186,0.047
FETCH,1762734249.727,26194,496,0.044
FETCH,1762734249.742,26195,688,0.055
FETCH,1762734249.742,26196,980,0.059
FETCH,1762734249.755,26193,834,0.159
FETCH,1762734249.790,26195,756,0.048
FETCH,1762734249.790,26196,668,0.048
FETCH,1762734249.800,26193,268,0.045
FETCH,1762734249.822,26194,187,0.094
FETCH,1762734249.839,26196,855,0.049
FETCH,1762734249.863,26194,852,0.041
FETCH,1762734249.863,26193,645,0.063
FETCH,1762734249.888,26196,236,0.048
FETCH,1762734249.888,26195,788,0.098
FETCH,1762734249.909,26194,266,0.045
FETCH,1762734249.909,26193,582,0.045
FETCH,1762734249.944,26196,322,0.055
FETCH,1762734249.944,26195,111,0.055
FETCH,1762734249.959,26194,843,0.050
FETCH,1762734249.966,26193,753,0.057
FETCH,1762734250.005,26195,143,0.061
FETCH,1762734250.005,26196,222,0.061
FETCH,1762734250.005,26194,34,0.046
FETCH,1762734250.012,26193,552,0.046
FETCH,1762734250.065,26195,651,0.060
FETCH,1762734250.065,26194,760,0.059
FETCH,1762734250.065,26193,952,0.053
FETCH,1762734250.065,26196,331,0.060
FETCH,1762734250.110,26193,923,0.044
FETCH,1762734250.110,26194,604,0.044
FETCH,1762734250.111,26196,515,0.045
FETCH,1762734250.113,26195,205,0.048
FETCH,1762734250.162,26196,608,0.051
FETCH,1762734250.165,26193,139,0.054
FETCH,1762734250.171,26194,290,0.060
FETCH,1762734250.171,26195,248,0.058
FETCH,1762734250.216,26196,794,0.053
FETCH,1762734250.216,26193,866,0.051
FETCH,1762734250.217,26194,716,0.046
FETCH,1762734250.220,26195,544,0.049
FETCH,1762734250.260,26193,929,0.044
FETCH,1762734250.260,26194,451,0.043
FETCH,1762734250.304,26194,278,0.043
FETCH,1762734250.306,26193,17,0.045
FETCH,1762734250.309,26196,764,0.093
FETCH,1762734250.348,26194,485,0.044
FETCH,1762734250.357,26196,978,0.048
FETCH,1762734250.357,26193,400,0.051
FETCH,1762734250.370,26195,500,0.149
FETCH,1762734250.392,26194,637,0.044
FETCH,1762734250.415,26193,217,0.057
FETCH,1762734250.421,26195,155,0.051
FETCH,1762734250.421,26196,30,0.064
FETCH,1762734250.440,26194,907,0.047
FETCH,1762734250.464,26193,904,0.049
FETCH,1762734250.471,26195,443,0.049
FETCH,1762734250.471,26196,554,0.049
FETCH,1762734250.482,26194,555,0.042
FETCH,1762734250.521,26195,871,0.050
FETCH,1762734250.527,26194,643,0.045
FETCH,1762734250.532,26193,809,0.067
FETCH,1762734250.566,26194,475,0.039
FETCH,1762734250.572,26195,117,0.050
FETCH,1762734250.578,26193,715,0.046
FETCH,1762734250.592,26196,502,0.121
FETCH,1762734250.631,26194,577,0.064
FETCH,1762734250.632,26193,257,0.054
FETCH,1762734250.635,26195,903,0.063
FETCH,1762734250.637,26196,761,0.045
FETCH,1762734250.684,26193,972,0.052
FETCH,1762734250.684,26194,32,0.053
FETCH,1762734250.688,26196,45,0.051
FETCH,1762734250.693,26195,974,0.058
FETCH,1762734250.729,26193,691,0.044
FETCH,1762734250.729,26194,837,0.044
FETCH,1762734250.742,26196,686,0.053
FETCH,1762734250.745,26195,817,0.052
FETCH,1762734250.774,26194,65,0.044
FETCH,1762734250.775,26193,279,0.046
FETCH,1762734250.801,26196,987,0.059
FETCH,1762734250.802,26195,968,0.057
FETCH,1762734250.816,26194,576,0.042
FETCH,1762734250.821,26193,666,0.046
FETCH,1762734250.851,26195,999,0.049
FETCH,1762734250.851,26196,209,0.050
FETCH,1762734250.858,26194,912,0.041
FETCH,1762734250.885,26193,128,0.064
FETCH,1762734250.894,26196,721,0.042
FETCH,1762734250.898,26194,687,0.039
FETCH,1762734250.902,26195,129,0.050
FETCH,1762734250.934,26193,533,0.048
FETCH,1762734250.936,26196,462,0.042
FETCH,1762734250.945,26194,516,0.047
FETCH,1762734250.952,26195,70,0.050
FETCH,1762734250.979,26196,662,0.043
FETCH,1762734250.979,26193,153,0.045
FETCH,1762734250.995,26194,233,0.050
FETCH,1762734251.001,26195,751,0.049
FETCH,1762734251.028,26196,107,0.049
FETCH,1762734251.029,26193,447,0.049
FETCH,1762734251.040,26194,10,0.045
FETCH,1762734251.065,26195,593,0.063
FETCH,1762734251.078,26196,231,0.049
FETCH,1762734251.078,26193,251,0.049
FETCH,1762734251.089,26194,627,0.048
FETCH,1762734251.139,26195,674,0.073
FETCH,1762734251.139,26196,833,0.061
FETCH,1762734251.140,26193,998,0.061
FETCH,1762734251.180,26194,284,0.090
FETCH,1762734251.191,26195,126,0.051
FETCH,1762734251.203,26193,808,0.062
FETCH,1762734251.203,26196,573,0.063
FETCH,1762734251.223,26194,255,0.043
FETCH,1762734251.252,26195,921,0.061
FETCH,1762734251.252,26193,387,0.049
FETCH,1762734251.252,26196,745,0.049
FETCH,1762734251.267,26194,114,0.043
FETCH,1762734251.297,26195,177,0.045
FETCH,1762734251.297,26193,411,0.045
FETCH,1762734251.305,26196,623,0.052
FETCH,1762734251.308,26194,501,0.040
FETCH,1762734251.355,26196,821,0.049
FETCH,1762734251.362,26193,690,0.065
FETCH,1762734251.362,26195,763,0.065
FETCH,1762734251.382,26194,412,0.074
FETCH,1762734251.426,26196,606,0.071
FETCH,1762734251.438,26194,320,0.056
FETCH,1762734251.438,26195,710,0.075
FETCH,1762734251.447,26193,426,0.085
FETCH,1762734251.483,26196,194,0.057
FETCH,1762734251.484,26194,610,0.045
FETCH,1762734251.507,26193,122,0.060
FETCH,1762734251.522,26195,747,0.084
FETCH,1762734251.525,26196,967,0.042
FETCH,1762734251.525,26194,613,0.042
FETCH,1762734251.553,26193,374,0.045
FETCH,1762734251.572,26194,944,0.046
FETCH,1762734251.578,26195,312,0.055
FETCH,1762734251.578,26196,253,0.052
FETCH,1762734251.604,26193,950,0.050
FETCH,1762734251.633,26196,559,0.054
FETCH,1762734251.644,26195,659,0.066
FETCH,1762734251.661,26193,996,0.057
FETCH,1762734251.661,26194,931,0.089
FETCH,1762734251.706,26196,296,0.073
FETCH,1762734251.709,26195,372,0.064
FETCH,1762734251.717,26193,567,0.056
FETCH,1762734251.731,26194,29,0.069
FETCH,1762734251.750,26196,391,0.043
FETCH,1762734251.760,26195,605,0.051
FETCH,1762734251.764,26193,407,0.046
FETCH,1762734251.790,26194,936,0.059
FETCH,1762734251.794,26196,754,0.044
FETCH,1762734251.819,26193,841,0.055
FETCH,1762734251.819,26195,860,0.058
FETCH,1762734251.844,26196,48,0.049
FETCH,1762734251.871,26195,919,0.052
FETCH,1762734251.871,26194,381,0.081
FETCH,1762734251.872,26193,957,0.052
FETCH,1762734251.892,26196,634,0.047
FETCH,1762734251.924,26194,338,0.052
FETCH,1762734251.924,26195,953,0.052
FETCH,1762734251.939,26196,656,0.047
FETCH,1762734251.944,26193,75,0.072
FETCH,1762734251.970,26194,901,0.046
FETCH,1762734251.984,26196,874,0.044
FETCH,1762734251.989,26193,328,0.044
FETCH,1762734252.003,26195,543,0.078
FETCH,1762734252.043,26196,723,0.059
FETCH,1762734252.043,26194,846,0.073
FETCH,1762734252.055,26195,740,0.052
FETCH,1762734252.055,26193,775,0.066
FETCH,1762734252.100,26196,9,0.057
FETCH,1762734252.100,26194,147,0.057
FETCH,1762734252.114,26195,719,0.060
FETCH,1762734252.116,26193,174,0.061
FETCH,1762734252.182,26195,341,0.067
FETCH,1762734252.182,26194,395,0.081
FETCH,1762734252.182,26196,507,0.081
FETCH,1762734252.182,26193,867,0.065
FETCH,1762734252.232,26193,676,0.050
FETCH,1762734252.232,26194,948,0.050
FETCH,1762734252.232,26195,616,0.050
FETCH,1762734252.250,26196,885,0.069
FETCH,1762734252.268,26194,293,0.036
FETCH,1762734252.277,26195,629,0.045
FETCH,1762734252.299,26193,371,0.067
FETCH,1762734252.318,26196,131,0.068
FETCH,1762734252.342,26193,769,0.043
FETCH,1762734252.349,26195,669,0.072
FETCH,1762734252.361,26196,301,0.043
FETCH,1762734252.388,26193,221,0.046
FETCH,1762734252.394,26195,99,0.045
FETCH,1762734252.403,26194,963,0.134
FETCH,1762734252.404,26196,542,0.043
FETCH,1762734252.445,26193,342,0.057
FETCH,1762734252.456,26195,2,0.063
FETCH,1762734252.456,26194,689,0.053
FETCH,1762734252.457,26196,899,0.053
FETCH,1762734252.496,26193,620,0.051
FETCH,1762734252.500,26194,432,0.044
FETCH,1762734252.500,26196,632,0.044
FETCH,1762734252.521,26195,991,0.064
FETCH,1762734252.568,26196,541,0.068
FETCH,1762734252.569,26194,617,0.068
FETCH,1762734252.570,26195,876,0.050
FETCH,1762734252.590,26193,649,0.093
FETCH,1762734252.613,26194,757,0.044
FETCH,1762734252.615,26196,914,0.046
FETCH,1762734252.620,26195,774,0.049
FETCH,1762734252.637,26193,725,0.047
FETCH,1762734252.660,26194,772,0.047
FETCH,1762734252.668,26195,739,0.048
FETCH,1762734252.674,26196,115,0.059
FETCH,1762734252.682,26193,822,0.045
FETCH,1762734252.704,26194,457,0.044
FETCH,1762734252.720,26195,304,0.052
FETCH,1762734252.720,26196,714,0.046
FETCH,1762734252.722,26193,433,0.040
FETCH,1762734252.755,26194,134,0.050
FETCH,1762734252.765,26193,988,0.043
FETCH,1762734252.765,26196,89,0.044
FETCH,1762734252.801,26195,644,0.080
FETCH,1762734252.807,26194,742,0.051
FETCH,1762734252.809,26193,237,0.044
FETCH,1762734252.815,26196,910,0.050
FETCH,1762734252.859,26193,671,0.050
FETCH,1762734252.859,26195,639,0.058
FETCH,1762734252.859,26194,110,0.052
FETCH,1762734252.860,26196,783,0.045
FETCH,1762734252.901,26193,192,0.042
FETCH,1762734252.901,26194,35,0.042
FETCH,1762734252.905,26196,227,0.045
FETCH,1762734252.913,26195,692,0.053
FETCH,1762734252.946,26193,512,0.045
FETCH,1762734252.946,26194,565,0.044
FETCH,1762734252.947,26196,848,0.042
FETCH,1762734252.959,26195,979,0.046
FETCH,1762734252.999,26193,832,0.052
FETCH,1762734253.008,26195,858,0.049
FETCH,1762734253.022,26194,39,0.075
FETCH,1762734253.025,26196,633,0.078
FETCH,1762734253.047,26193,517,0.048
FETCH,1762734253.071,26196,549,0.047
FETCH,1762734253.071,26194,532,0.050
FETCH,1762734253.079,26195,612,0.072
FETCH,1762734253.094,26193,340,0.046
FETCH,1762734253.119,26196,166,0.048
FETCH,1762734253.126,26195,562,0.046
FETCH,1762734253.132,26194,743,0.061
FETCH,1762734253.140,26193,726,0.046
FETCH,1762734253.177,26196,413,0.057
FETCH,1762734253.181,26194,87,0.048
FETCH,1762734253.189,26195,638,0.063
FETCH,1762734253.194,26193,838,0.055
FETCH,1762734253.225,26194,959,0.044
FETCH,1762734253.231,26195,679,0.043
FETCH,1762734253.232,26196,373,0.055
FETCH,1762734253.253,26193,38,0.058
FETCH,1762734253.265,26194,410,0.040
FETCH,1762734253.278,26195,423,0.046
FETCH,1762734253.279,26196,247,0.047
FETCH,1762734253.300,26193,249,0.047
FETCH,1762734253.310,26194,878,0.046
FETCH,1762734253.333,26195,291,0.055
FETCH,1762734253.349,26193,149,0.048
FETCH,1762734253.366,26194,172,0.055
FETCH,1762734253.382,26195,300,0.049
FETCH,1762734253.392,26193,758,0.043
FETCH,1762734253.408,26194,317,0.042
FETCH,1762734253.433,26193,815,0.041
FETCH,1762734253.465,26194,640,0.057
FETCH,1762734253.527,26194,534,0.062
FETCH,1762734253.569,26193,256,0.135
FETCH,1762734253.572,26194,399,0.045
FETCH,1762734253.618,26194,773,0.046
FETCH,1762734253.618,26193,193,0.049
FETCH,1762734253.659,26194,762,0.041
FETCH,1762734253.673,26193,456,0.054
FETCH,1762734253.724,26193,663,0.051
FETCH,1762734253.724,26194,728,0.064
FETCH,1762734253.768,26194,735,0.044
FETCH,1762734253.796,26193,990,0.072
FETCH,1762734253.823,26194,893,0.054
FETCH,1762734253.841,26193,909,0.044
PROCESS,1762734253.845,26184,100,916,453,67,161,849,823,731,401,366,154,364,285,993,642,966,830,336,799,588,239,994,5,681,834,268,645,582,753,552,952,923,139,866,929,17,400,217,904,809,715,257,972,691,279,666,128,533,153,447,251,998,808,387,411,690,426,122,374,950,996,567,407,841,957,75,328,775,174,867,676,371,769,221,342,620,649,725,822,433,988,237,671,192,512,832,517,340,726,838,38,249,149,758,815,256,193,456,663,990,909
FETCH,1762734253.883,26194,926,0.060
FETCH,1762734253.934,26194,66,0.050
FETCH,1762734253.988,26194,924,0.054
FETCH,1762734254.028,26194,607,0.040
FETCH,1762734254.035,26193,377,0.193
FETCH,1762734254.074,26194,630,0.046
FETCH,1762734254.088,26193,84,0.053
FETCH,1762734254.119,26194,749,0.045
FETCH,1762734254.167,26193,863,0.079
FETCH,1762734254.167,26194,789,0.048
FETCH,1762734254.220,26193,101,0.053
FETCH,1762734254.220,26194,51,0.053
FETCH,1762734254.265,26194,547,0.045
FETCH,1762734254.270,26193,836,0.049
FETCH,1762734254.306,26194,449,0.041
FETCH,1762734254.326,26193,845,0.056
FETCH,1762734254.350,26194,793,0.044
FETCH,1762734254.382,26193,954,0.055
FETCH,1762734254.417,26194,597,0.067
FETCH,1762734254.441,26193,258,0.059
FETCH,1762734254.457,26194,506,0.039
FETCH,1762734254.497,26193,930,0.056
FETCH,1762734254.503,26194,465,0.046
FETCH,1762734254.546,26194,853,0.043
FETCH,1762734254.554,26193,678,0.057
PROCESS,1762734254.579,26184,100,203,250,658,791,489,707,538,270,309,235,232,442,104,228,220,275,911,82,351,969,976,214,3,424,741,12,417,592,418,14,529,431,259,429,566,560,178,696,436,243,989,614,590,982,350,697,125,889,212,603,713,496,187,852,266,843,34,760,604,290,716,451,278,485,637,907,555,643,475,577,32,837,65,576,912,687,516,233,10,627,284,255,114,501,412,320,610,613,944,931,29,936,381,338,901,846,147,395,948,293
FETCH,1762734254.586,26194,1,0.040
FETCH,1762734254.610,26193,365,0.056
FETCH,1762734254.628,26194,943,0.042
FETCH,1762734254.670,26193,54,0.060
FETCH,1762734254.670,26194,168,0.042
FETCH,1762734254.713,26194,785,0.042
FETCH,1762734254.733,26193,314,0.063
FETCH,1762734254.754,26194,440,0.041
FETCH,1762734254.798,26194,732,0.044
FETCH,1762734254.805,26193,498,0.071
FETCH,1762734254.838,26194,949,0.040
FETCH,1762734254.856,26193,307,0.051
PROCESS,1762734254.859,26184,100,286,102,519,140,444,522,130,352,835,368,16,636,477,287,419,199,701,425,234,208,223,530,277,977,557,653,315,881,865,584,868,272,574,44,493,503,186,688,756,788,111,143,651,205,248,544,500,155,443,871,117,903,974,817,968,999,129,70,751,593,674,126,921,177,763,710,747,312,659,372,605,860,919,953,543,740,719,341,616,629,669,99,2,991,876,774,739,304,644,639,692,979,858,612,562,638,679,423,291,300
FETCH,1762734254.880,26194,133,0.042
FETCH,1762734254.914,26193,922,0.059
FETCH,1762734254.920,26194,202,0.040
FETCH,1762734254.986,26193,438,0.071
FETCH,1762734255.020,26194,664,0.099
FETCH,1762734255.043,26193,108,0.057
FETCH,1762734255.069,26194,458,0.049
FETCH,1762734255.097,26193,170,0.054
FETCH,1762734255.112,26194,580,0.043
PROCESS,1762734255.134,26184,100,229,888,69,409,148,246,497,813,333,571,470,265,55,269,467,164,267,455,486,28,856,736,200,564,675,397,513,897,144,21,884,416,11,932,980,668,855,236,322,222,331,515,608,794,764,978,30,554,502,761,45,686,987,209,721,462,662,107,231,833,573,745,623,821,606,194,967,253,559,296,391,754,48,634,656,874,723,9,507,885,131,301,542,899,632,541,914,115,714,89,910,783,227,848,633,549,166,413,373,247
FETCH,1762734255.148,26193,244,0.051
FETCH,1762734255.164,26194,26,0.051
FETCH,1762734255.201,26193,619,0.054
FETCH,1762734255.204,26194,807,0.040
FETCH,1762734255.245,26194,526,0.041
FETCH,1762734255.260,26193,179,0.058
FETCH,1762734255.291,26194,665,0.046
FETCH,1762734255.346,26193,123,0.087
FETCH,1762734255.388,26194,289,0.097
FETCH,1762734255.397,26193,983,0.050
FETCH,1762734255.430,26194,611,0.042
FETCH,1762734255.452,26193,263,0.055
FETCH,1762734255.475,26194,100,0.044
FETCH,1762734255.518,26193,403,0.066
FETCH,1762734255.518,26194,902,0.043
FETCH,1762734255.560,26194,490,0.042
FETCH,1762734255.571,26193,180,0.053
FETCH,1762734255.607,26194,324,0.047
FETCH,1762734255.630,26193,558,0.058
FETCH,1762734255.653,26194,185,0.046
FETCH,1762734255.690,26193,226,0.060
FETCH,1762734255.696,26194,672,0.042
FETCH,1762734255.734,26194,53,0.039
FETCH,1762734255.746,26193,804,0.056
FETCH,1762734255.784,26194,483,0.049
FETCH,1762734255.804,26193,376,0.058
FETCH,1762734255.826,26194,59,0.041
FETCH,1762734255.860,26193,792,0.057
FETCH,1762734255.876,26194,454,0.050
FETCH,1762734255.911,26193,58,0.050
FETCH,1762734255.916,26194,90,0.039
FETCH,1762734255.958,26194,711,0.042
FETCH,1762734255.977,26193,95,0.066
FETCH,1762734255.996,26194,224,0.038
FETCH,1762734256.034,26193,238,0.056
FETCH,1762734256.045,26194,329,0.048
FETCH,1762734256.093,26194,744,0.048
FETCH,1762734256.101,26193,33,0.068
FETCH,1762734256.132,26194,698,0.039
FETCH,1762734256.154,26193,708,0.053
FETCH,1762734256.176,26194,847,0.043
FETCH,1762734256.211,26193,13,0.057
FETCH,1762734256.234,26194,550,0.058
FETCH,1762734256.261,26193,20,0.049
FETCH,1762734256.279,26194,915,0.044
FETCH,1762734256.318,26193,334,0.056
FETCH,1762734256.318,26194,356,0.039
FETCH,1762734256.370,26193,891,0.052
FETCH,1762734256.371,26194,927,0.053
FETCH,1762734256.412,26194,311,0.042
FETCH,1762734256.420,26193,628,0.051
FETCH,1762734256.473,26193,47,0.053
FETCH,1762734256.473,26194,156,0.061
FETCH,1762734256.517,26194,105,0.044
FETCH,1762734256.530,26193,261,0.057
FETCH,1762734256.558,26194,964,0.041
FETCH,1762734256.581,26193,319,0.051
FETCH,1762734256.611,26194,981,0.052
FETCH,1762734256.629,26193,586,0.047
FETCH,1762734256.655,26194,596,0.044
FETCH,1762734256.697,26194,873,0.042
FETCH,1762734256.719,26193,514,0.091
FETCH,1762734256.742,26194,859,0.044
FETCH,1762734256.781,26193,382,0.061
FETCH,1762734256.788,26194,682,0.046
FETCH,1762734256.834,26193,332,0.052
FETCH,1762734256.849,26194,50,0.060
FETCH,1762734256.893,26193,288,0.059
FETCH,1762734256.950,26194,471,0.101
FETCH,1762734257.007,26194,370,0.056
FETCH,1762734257.042,26193,64,0.148
FETCH,1762734257.050,26194,694,0.043
FETCH,1762734257.095,26193,136,0.053
FETCH,1762734257.097,26194,918,0.046
FETCH,1762734257.143,26194,120,0.046
FETCH,1762734257.152,26193,183,0.056
FETCH,1762734257.184,26194,81,0.041
FETCH,1762734257.213,26193,61,0.061
FETCH,1762734257.234,26194,510,0.050
FETCH,1762734257.317,26193,759,0.104
FETCH,1762734257.381,26193,77,0.063
FETCH,1762734257.453,26193,896,0.071
FETCH,1762734257.505,26193,361,0.052
FETCH,1762734257.577,26193,158,0.071
FETCH,1762734257.634,26193,850,0.057
FETCH,1762734257.722,26193,703,0.087
FETCH,1762734257.799,26193,648,0.077
FETCH,1762734258.012,26193,367,0.213
FETCH,1762734258.093,26193,602,0.081
FETCH,1762734258.185,26193,782,0.092
FETCH,1762734258.266,26193,63,0.080
FETCH,1762734258.359,26193,437,0.092
FETCH,1762734258.412,26193,727,0.052
FETCH,1762734258.494,26193,583,0.082
FETCH,1762734258.554,26193,784,0.059
FETCH,1762734258.613,26193,112,0.059
FETCH,1762734258.675,26193,733,0.062
FETCH,1762734258.725,26193,337,0.050
FETCH,1762734258.780,26193,781,0.054
FETCH,1762734258.839,26193,680,0.059
FETCH,1762734258.904,26193,955,0.065
FETCH,1762734258.965,26193,971,0.060
FETCH,1762734259.017,26193,670,0.052
FETCH,1762734259.080,26193,484,0.062
FETCH,1762734259.136,26193,992,0.056
FETCH,1762734259.197,26193,292,0.061
FETCH,1762734259.248,26193,241,0.051
FETCH,1762734259.300,26193,299,0.051
FETCH,1762734259.351,26193,18,0.051
FETCH,1762734259.412,26193,492,0.060
FETCH,1762734259.470,26193,985,0.058
FETCH,1762734259.530,26193,737,0.059
FETCH,1762734259.594,26193,398,0.062
FETCH,1762734259.655,26193,163,0.060
FETCH,1762734259.711,26193,280,0.055
FETCH,1762734259.767,26193,254,0.056
FETCH,1762734259.847,26193,213,0.079
FETCH,1762734259.956,26193,46,0.108
FETCH,1762734260.029,26193,561,0.072
FETCH,1762734260.138,26193,585,0.108
FETCH,1762734260.195,26193,434,0.056
FETCH,1762734260.258,26193,962,0.062
FETCH,1762734260.317,26193,986,0.059
FETCH,1762734260.415,26193,76,0.097
FETCH,1762734260.475,26193,635,0.059
PROCESS,1762734260.477,26184,100,377,84,863,101,836,845,954,258,930,678,365,54,314,498,307,922,438,108,170,244,619,179,123,983,263,403,180,558,226,804,376,792,58,95,238,33,708,13,20,334,891,628,47,261,319,586,514,382,332,288,64,136,183,61,759,77,896,361,158,850,703,648,367,602,782,63,437,727,583,784,112,733,337,781,680,955,971,670,484,992,292,241,299,18,492,985,737,398,163,280,254,213,46,561,585,434,962,986,76,635
PROCESS,1762734261.302,26184,100,963,689,432,617,757,772,457,134,742,110,35,565,39,532,743,87,959,410,878,172,317,640,534,399,773,762,728,735,893,926,66,924,607,630,749,789,51,547,449,793,597,506,465,853,1,943,168,785,440,732,949,133,202,664,458,580,26,807,526,665,289,611,100,902,490,324,185,672,53,483,59,454,90,711,224,329,744,698,847,550,915,356,927,311,156,105,964,981,596,873,859,682,50,471,370,694,918,120,81,510
