# Pipeline Activity Log - Seeded Prefetch ResNet152
# FETCH: timestamp,worker_id,image_idx,fetch_time
# PROCESS: timestamp,main_pid,batch_size,indices...
# QUEUE: timestamp,main_pid,epoch#seq:[batch_indices],...

FETCH,1762385899.557,89045,978,0.603
FETCH,1762385899.576,89046,911,0.621
FETCH,1762385899.591,89048,797,0.637
FETCH,1762385899.619,89045,933,0.062
FETCH,1762385899.641,89047,868,0.682
FETCH,1762385899.641,89046,356,0.065
FETCH,1762385899.662,89048,180,0.071
FETCH,1762385899.682,89045,859,0.063
FETCH,1762385899.714,89046,388,0.072
FETCH,1762385899.714,89047,798,0.073
FETCH,1762385899.731,89048,152,0.068
FETCH,1762385899.761,89045,916,0.079
FETCH,1762385899.787,89046,281,0.073
FETCH,1762385899.791,89047,164,0.077
FETCH,1762385899.804,89048,38,0.072
FETCH,1762385899.851,89045,127,0.090
FETCH,1762385899.868,89046,511,0.081
FETCH,1762385899.872,89047,244,0.081
FETCH,1762385899.872,89048,946,0.068
FETCH,1762385899.928,89045,608,0.077
FETCH,1762385899.948,89046,120,0.079
FETCH,1762385899.948,89047,829,0.076
FETCH,1762385900.052,89048,710,0.180
FETCH,1762385900.052,89047,684,0.104
FETCH,1762385900.052,89045,856,0.124
FETCH,1762385900.057,89046,115,0.109
FETCH,1762385900.136,89045,260,0.084
FETCH,1762385900.144,89047,796,0.091
FETCH,1762385900.154,89048,789,0.102
FETCH,1762385900.168,89046,29,0.111
FETCH,1762385900.275,89046,367,0.106
FETCH,1762385900.275,89048,558,0.120
FETCH,1762385900.275,89047,444,0.130
FETCH,1762385900.275,89045,147,0.138
FETCH,1762385900.380,89048,142,0.105
FETCH,1762385900.380,89046,307,0.105
FETCH,1762385900.391,89045,810,0.116
FETCH,1762385900.405,89047,354,0.129
FETCH,1762385900.461,89048,166,0.081
FETCH,1762385900.470,89045,635,0.079
FETCH,1762385900.470,89046,206,0.090
FETCH,1762385900.482,89047,775,0.077
FETCH,1762385900.548,89048,990,0.087
FETCH,1762385900.561,89046,9,0.091
FETCH,1762385900.562,89047,330,0.080
FETCH,1762385900.586,89045,972,0.116
FETCH,1762385900.627,89046,319,0.066
FETCH,1762385900.631,89047,382,0.069
FETCH,1762385900.631,89048,83,0.082
FETCH,1762385900.693,89045,593,0.107
FETCH,1762385900.710,89046,185,0.083
FETCH,1762385900.715,89047,62,0.084
FETCH,1762385900.715,89048,914,0.084
FETCH,1762385900.798,89046,808,0.088
FETCH,1762385900.798,89045,994,0.105
FETCH,1762385900.798,89047,878,0.083
FETCH,1762385900.817,89048,230,0.102
FETCH,1762385900.911,89046,91,0.113
FETCH,1762385900.911,89047,842,0.113
FETCH,1762385900.914,89048,885,0.097
FETCH,1762385900.915,89045,285,0.116
FETCH,1762385900.986,89046,836,0.074
FETCH,1762385900.986,89045,554,0.071
FETCH,1762385900.986,89048,413,0.072
FETCH,1762385901.002,89047,344,0.090
FETCH,1762385901.055,89045,467,0.069
FETCH,1762385901.056,89046,815,0.069
FETCH,1762385901.056,89048,125,0.070
FETCH,1762385901.067,89047,745,0.066
FETCH,1762385901.135,89046,479,0.078
FETCH,1762385901.135,89047,336,0.067
FETCH,1762385901.135,89045,276,0.079
FETCH,1762385901.142,89048,726,0.085
FETCH,1762385901.208,89045,55,0.072
FETCH,1762385901.208,89046,154,0.072
FETCH,1762385901.213,89047,44,0.078
FETCH,1762385901.232,89048,865,0.090
FETCH,1762385901.283,89045,61,0.074
FETCH,1762385901.292,89047,163,0.079
FETCH,1762385901.292,89046,126,0.083
FETCH,1762385901.301,89048,638,0.068
FETCH,1762385901.407,89047,890,0.114
FETCH,1762385901.407,89046,909,0.114
FETCH,1762385901.407,89048,96,0.105
FETCH,1762385901.407,89045,839,0.123
FETCH,1762385901.493,89046,455,0.086
FETCH,1762385901.493,89045,425,0.085
FETCH,1762385901.509,89047,936,0.102
FETCH,1762385901.510,89048,764,0.103
FETCH,1762385901.566,89045,82,0.073
FETCH,1762385901.566,89046,363,0.073
FETCH,1762385901.592,89048,79,0.082
FETCH,1762385901.594,89047,153,0.085
FETCH,1762385901.628,89046,424,0.061
FETCH,1762385901.631,89045,620,0.064
FETCH,1762385901.665,89047,219,0.071
FETCH,1762385901.693,89046,278,0.065
FETCH,1762385901.703,89045,787,0.073
FETCH,1762385901.711,89048,579,0.118
FETCH,1762385901.761,89046,567,0.068
FETCH,1762385901.785,89047,213,0.120
FETCH,1762385901.785,89045,2,0.082
FETCH,1762385901.837,89048,421,0.126
FETCH,1762385901.857,89045,753,0.071
FETCH,1762385901.860,89046,43,0.099
FETCH,1762385901.876,89047,591,0.091
FETCH,1762385901.911,89048,179,0.074
FETCH,1762385901.949,89046,243,0.088
FETCH,1762385901.949,89045,7,0.091
FETCH,1762385901.954,89047,12,0.078
FETCH,1762385901.977,89048,248,0.066
FETCH,1762385902.017,89046,321,0.068
FETCH,1762385902.018,89045,903,0.069
FETCH,1762385902.022,89047,56,0.068
FETCH,1762385902.046,89048,889,0.069
FETCH,1762385902.080,89046,883,0.063
FETCH,1762385902.091,89045,626,0.073
FETCH,1762385902.095,89047,133,0.072
FETCH,1762385902.121,89048,771,0.074
FETCH,1762385902.164,89046,304,0.083
FETCH,1762385902.172,89047,572,0.077
FETCH,1762385902.172,89045,51,0.081
FETCH,1762385902.226,89048,435,0.105
FETCH,1762385902.242,89046,717,0.077
FETCH,1762385902.251,89045,557,0.079
FETCH,1762385902.255,89047,305,0.082
FETCH,1762385902.303,89048,860,0.076
FETCH,1762385902.311,89046,231,0.069
FETCH,1762385902.329,89045,310,0.078
FETCH,1762385902.333,89047,955,0.078
FETCH,1762385902.376,89046,550,0.065
FETCH,1762385902.417,89045,100,0.087
FETCH,1762385902.423,89047,785,0.090
FETCH,1762385902.438,89048,582,0.134
FETCH,1762385902.455,89046,818,0.078
FETCH,1762385902.500,89047,334,0.076
FETCH,1762385902.500,89045,848,0.082
FETCH,1762385902.521,89048,302,0.082
FETCH,1762385902.553,89046,776,0.098
FETCH,1762385902.575,89047,288,0.075
FETCH,1762385902.579,89045,921,0.078
FETCH,1762385902.598,89048,987,0.076
FETCH,1762385902.626,89046,328,0.073
FETCH,1762385902.639,89047,326,0.064
FETCH,1762385902.658,89045,45,0.079
FETCH,1762385902.670,89048,131,0.072
FETCH,1762385902.705,89046,350,0.078
FETCH,1762385902.727,89047,225,0.087
FETCH,1762385902.735,89045,976,0.076
FETCH,1762385902.742,89048,199,0.071
FETCH,1762385902.774,89046,849,0.069
FETCH,1762385902.819,89045,136,0.083
FETCH,1762385902.819,89048,996,0.076
FETCH,1762385902.848,89046,201,0.073
FETCH,1762385902.852,89047,707,0.125
FETCH,1762385902.899,89048,898,0.080
FETCH,1762385902.920,89045,128,0.101
FETCH,1762385902.920,89047,576,0.067
FETCH,1762385902.942,89046,368,0.094
FETCH,1762385902.969,89048,934,0.069
FETCH,1762385902.992,89047,380,0.072
FETCH,1762385903.012,89046,935,0.070
FETCH,1762385903.020,89045,605,0.100
FETCH,1762385903.039,89048,900,0.070
FETCH,1762385903.060,89047,998,0.067
FETCH,1762385903.077,89046,107,0.065
FETCH,1762385903.091,89045,945,0.070
FETCH,1762385903.116,89048,150,0.077
FETCH,1762385903.133,89047,803,0.073
FETCH,1762385903.143,89046,273,0.065
FETCH,1762385903.164,89045,773,0.073
FETCH,1762385903.188,89048,143,0.072
FETCH,1762385903.205,89047,420,0.071
FETCH,1762385903.211,89046,331,0.067
FETCH,1762385903.233,89045,941,0.068
FETCH,1762385903.270,89048,703,0.081
FETCH,1762385903.285,89047,299,0.080
FETCH,1762385903.305,89046,409,0.094
FETCH,1762385903.352,89047,447,0.067
FETCH,1762385903.365,89048,474,0.095
FETCH,1762385903.371,89045,613,0.137
FETCH,1762385903.377,89046,631,0.072
FETCH,1762385903.433,89047,875,0.080
FETCH,1762385903.451,89046,245,0.074
FETCH,1762385903.456,89045,98,0.085
FETCH,1762385903.477,89048,371,0.111
FETCH,1762385903.520,89046,783,0.068
FETCH,1762385903.522,89047,788,0.089
FETCH,1762385903.602,89045,758,0.146
FETCH,1762385903.602,89048,551,0.125
FETCH,1762385903.673,89046,448,0.152
FETCH,1762385903.673,89047,872,0.151
FETCH,1762385903.716,89045,595,0.113
FETCH,1762385903.716,89048,222,0.113
FETCH,1762385903.770,89046,888,0.097
FETCH,1762385903.773,89047,402,0.100
FETCH,1762385903.782,89045,470,0.066
FETCH,1762385903.782,89048,835,0.066
FETCH,1762385903.846,89047,536,0.072
FETCH,1762385903.854,89046,169,0.083
FETCH,1762385903.861,89048,306,0.079
FETCH,1762385903.888,89045,25,0.105
FETCH,1762385903.923,89046,612,0.069
FETCH,1762385903.931,89048,750,0.069
FETCH,1762385903.946,89047,761,0.099
FETCH,1762385903.954,89045,514,0.066
FETCH,1762385903.999,89046,30,0.075
FETCH,1762385904.020,89045,239,0.065
FETCH,1762385904.024,89048,963,0.093
FETCH,1762385904.024,89047,312,0.078
FETCH,1762385904.069,89046,542,0.070
FETCH,1762385904.094,89047,204,0.069
FETCH,1762385904.096,89048,340,0.071
FETCH,1762385904.100,89045,980,0.080
FETCH,1762385904.136,89046,646,0.066
FETCH,1762385904.170,89048,767,0.074
FETCH,1762385904.170,89045,623,0.070
FETCH,1762385904.173,89047,217,0.078
FETCH,1762385904.202,89046,813,0.066
FETCH,1762385904.239,89045,252,0.068
FETCH,1762385904.246,89047,48,0.072
FETCH,1762385904.276,89046,241,0.073
FETCH,1762385904.324,89045,662,0.085
FETCH,1762385904.324,89048,830,0.154
FETCH,1762385904.342,89047,695,0.096
FETCH,1762385904.395,89046,395,0.119
FETCH,1762385904.402,89045,171,0.078
FETCH,1762385904.413,89048,896,0.088
FETCH,1762385904.478,89047,496,0.135
FETCH,1762385904.490,89045,408,0.088
FETCH,1762385904.503,89048,387,0.089
FETCH,1762385904.531,89046,119,0.136
FETCH,1762385904.568,89047,14,0.090
FETCH,1762385904.592,89045,993,0.101
FETCH,1762385904.605,89048,66,0.102
FETCH,1762385904.624,89046,678,0.092
FETCH,1762385904.661,89045,592,0.069
FETCH,1762385904.699,89047,833,0.130
FETCH,1762385904.699,89048,297,0.093
FETCH,1762385904.700,89046,902,0.076
FETCH,1762385904.755,89045,701,0.094
FETCH,1762385904.776,89046,360,0.075
FETCH,1762385904.784,89047,616,0.084
FETCH,1762385904.802,89048,881,0.102
FETCH,1762385904.854,89045,427,0.099
FETCH,1762385904.865,89046,645,0.089
FETCH,1762385904.869,89047,659,0.085
FETCH,1762385904.898,89048,814,0.095
FETCH,1762385904.936,89045,457,0.081
FETCH,1762385904.949,89046,614,0.084
FETCH,1762385904.974,89047,379,0.105
FETCH,1762385904.985,89048,892,0.087
FETCH,1762385905.019,89045,454,0.082
FETCH,1762385905.041,89046,532,0.092
FETCH,1762385905.085,89048,724,0.100
FETCH,1762385905.108,89045,151,0.089
FETCH,1762385905.124,89046,799,0.082
FETCH,1762385905.143,89047,176,0.169
FETCH,1762385905.176,89048,991,0.091
FETCH,1762385905.222,89046,712,0.097
FETCH,1762385905.238,89047,539,0.095
FETCH,1762385905.279,89048,193,0.102
FETCH,1762385905.281,89045,756,0.172
FETCH,1762385905.326,89047,173,0.087
FETCH,1762385905.342,89046,527,0.119
FETCH,1762385905.363,89045,250,0.082
FETCH,1762385905.366,89048,253,0.086
FETCH,1762385905.440,89046,657,0.098
FETCH,1762385905.447,89045,904,0.083
FETCH,1762385905.447,89048,236,0.081
FETCH,1762385905.447,89047,666,0.120
FETCH,1762385905.522,89045,324,0.075
FETCH,1762385905.522,89046,581,0.082
FETCH,1762385905.526,89048,891,0.079
FETCH,1762385905.537,89047,556,0.089
FETCH,1762385905.589,89046,429,0.066
FETCH,1762385905.603,89047,546,0.066
FETCH,1762385905.607,89045,439,0.084
FETCH,1762385905.607,89048,674,0.080
FETCH,1762385905.674,89047,983,0.070
FETCH,1762385905.676,89045,650,0.070
FETCH,1762385905.681,89048,746,0.074
FETCH,1762385905.739,89046,562,0.150
FETCH,1762385905.747,89045,238,0.070
FETCH,1762385905.772,89047,691,0.098
FETCH,1762385905.772,89048,315,0.091
FETCH,1762385905.816,89046,793,0.077
FETCH,1762385905.816,89045,498,0.069
FETCH,1762385905.851,89047,159,0.079
FETCH,1762385905.853,89048,129,0.080
FETCH,1762385905.894,89046,0,0.077
FETCH,1762385905.899,89045,806,0.082
FETCH,1762385905.931,89048,21,0.077
FETCH,1762385905.931,89047,50,0.079
FETCH,1762385905.969,89045,629,0.070
FETCH,1762385905.969,89046,677,0.074
FETCH,1762385906.001,89047,8,0.070
FETCH,1762385906.004,89048,673,0.073
FETCH,1762385906.050,89045,468,0.080
FETCH,1762385906.055,89046,156,0.085
FETCH,1762385906.074,89047,541,0.073
FETCH,1762385906.077,89048,373,0.072
FETCH,1762385906.122,89046,28,0.067
FETCH,1762385906.159,89048,598,0.081
FETCH,1762385906.160,89047,298,0.085
FETCH,1762385906.193,89045,343,0.143
FETCH,1762385906.193,89046,768,0.070
FETCH,1762385906.232,89047,365,0.072
FETCH,1762385906.232,89048,853,0.072
FETCH,1762385906.260,89045,664,0.067
FETCH,1762385906.260,89046,762,0.066
FETCH,1762385906.307,89048,130,0.074
FETCH,1762385906.308,89047,198,0.076
FETCH,1762385906.331,89045,671,0.070
FETCH,1762385906.334,89046,588,0.074
FETCH,1762385906.390,89047,60,0.082
FETCH,1762385906.390,89048,544,0.083
FETCH,1762385906.398,89045,652,0.067
FETCH,1762385906.399,89046,570,0.064
FETCH,1762385906.470,89047,361,0.079
FETCH,1762385906.470,89045,346,0.071
FETCH,1762385906.470,89048,35,0.079
FETCH,1762385906.482,89046,501,0.083
FETCH,1762385906.553,89046,944,0.070
FETCH,1762385906.553,89047,289,0.082
FETCH,1762385906.582,89048,867,0.111
FETCH,1762385906.587,89045,381,0.116
FETCH,1762385906.624,89046,584,0.070
FETCH,1762385906.634,89047,975,0.081
FETCH,1762385906.657,89045,493,0.070
FETCH,1762385906.670,89048,203,0.088
FETCH,1762385906.693,89046,274,0.068
FETCH,1762385906.696,89047,905,0.062
FETCH,1762385906.724,89045,708,0.067
FETCH,1762385906.757,89048,86,0.086
FETCH,1762385906.758,89046,887,0.065
FETCH,1762385906.767,89047,817,0.070
FETCH,1762385906.791,89045,513,0.066
FETCH,1762385906.839,89046,101,0.081
FETCH,1762385906.854,89047,748,0.087
FETCH,1762385906.854,89048,146,0.097
FETCH,1762385906.875,89045,563,0.083
FETCH,1762385906.911,89046,71,0.071
FETCH,1762385906.947,89047,565,0.092
FETCH,1762385906.961,89045,857,0.085
FETCH,1762385906.992,89048,433,0.137
FETCH,1762385906.992,89046,464,0.080
FETCH,1762385907.059,89047,734,0.112
FETCH,1762385907.059,89045,781,0.098
FETCH,1762385907.067,89048,224,0.075
FETCH,1762385907.116,89046,77,0.124
FETCH,1762385907.139,89045,135,0.079
FETCH,1762385907.163,89047,237,0.104
FETCH,1762385907.171,89048,218,0.103
FETCH,1762385907.209,89046,940,0.092
FETCH,1762385907.219,89045,232,0.080
FETCH,1762385907.233,89047,774,0.070
FETCH,1762385907.270,89048,960,0.099
FETCH,1762385907.284,89045,931,0.064
FETCH,1762385907.284,89046,937,0.075
FETCH,1762385907.307,89047,894,0.073
FETCH,1762385907.357,89048,417,0.086
FETCH,1762385907.369,89045,426,0.085
FETCH,1762385907.381,89046,512,0.097
FETCH,1762385907.395,89047,988,0.088
FETCH,1762385907.451,89046,352,0.069
FETCH,1762385907.451,89048,697,0.093
FETCH,1762385907.466,89047,825,0.070
FETCH,1762385907.519,89045,660,0.148
FETCH,1762385907.521,89046,693,0.069
FETCH,1762385907.528,89048,552,0.076
FETCH,1762385907.550,89047,20,0.084
FETCH,1762385907.586,89045,995,0.067
FETCH,1762385907.586,89046,92,0.065
FETCH,1762385907.601,89048,88,0.072
FETCH,1762385907.644,89047,480,0.093
FETCH,1762385907.660,89045,36,0.074
FETCH,1762385907.678,89046,394,0.091
FETCH,1762385907.716,89048,624,0.115
FETCH,1762385907.733,89047,271,0.089
FETCH,1762385907.746,89045,545,0.086
FETCH,1762385907.754,89046,259,0.076
FETCH,1762385907.813,89048,445,0.097
FETCH,1762385907.843,89045,116,0.097
FETCH,1762385907.843,89047,476,0.109
FETCH,1762385907.886,89048,268,0.072
FETCH,1762385907.908,89045,434,0.065
FETCH,1762385907.916,89047,834,0.072
FETCH,1762385907.957,89048,6,0.071
QUEUE,1762385907.972,89039,0#0:[978,933,859,916,127,608,856,260,147,810,635,972,593,994,285,554,467,276,55,61,839,425,82,620,787,2,753,7,903,626,51,557,310,100,848,921,45,976,136,128,605,945,773,941,613,98,758,595,470,25,514,239,980,623,252,662,171,408,993,592,701,427,457,454,151,756,250,904,324,439,650,238,498,806,629,468,343,664,671,652,346,381,493,708,513,563,857,781,135,232,931,426,660,995,36,545,116,434,390,751],0#1:[797,180,152,38,946,710,789,558,142,166,990,83,914,230,885,413,125,726,865,638,96,764,79,579,421,179,248,889,771,435,860,582,302,987,131,199,996,898,934,900,150,143,703,474,371,551,222,835,306,750,963,340,767,830,896,387,66,297,881,814,892,724,991,193,253,236,891,674,746,315,129,21,673,373,598,853,130,544,35,867,203,86,146,433,224,218,960,417,697,552,88,624,445,268,6,630,805,197,950,11],0#2:[911,356,388,281,511,120,115,29,367,307,206,9,319,185,808,91,836,815,479,154,126,909,455,363,424,278,567,43,243,321,883,304,717,231,550,818,776,328,350,849,201,368,935,107,273,331,409,631,245,783,448,888,169,612,30,542,646,813,241,395,119,678,902,360,645,614,532,799,712,527,657,581,429,562,793,0,677,156,28,768,762,588,570,501,944,584,274,887,101,71,464,77,940,937,512,352,693,92,394,259],0#3:[868,798,164,244,829,684,796,444,354,775,330,382,62,878,842,344,745,336,44,163,890,936,153,219,213,591,12,56,133,572,305,955,785,334,288,326,225,707,576,380,998,803,420,299,447,875,788,872,402,536,761,312,204,217,48,695,496,14,833,616,659,379,176,539,173,666,556,546,983,691,159,50,8,541,298,365,198,60,361,289,975,905,817,748,565,734,237,774,894,988,825,20,480,271,476,834,530,780,986,183],0#4:[140,393,202,725,743,124,951,59,823,716,766,688,690,472,64,234,873,719,585,461,40,977,601,478,589,694,915,132,72,138,121,46,482,184,53,715,33,966,794,26,415,509,772,374,431,742,168,531,399,471,172,269,596,258,731,879,714,144,463,220,740,85,852,704,627,723,807,226,110,869,984,663,561,802,729,952,377,351,174,784,155,795,709,816,964,47,670,400,97,840,778,211,309,619,845,3,971,683,192,406],0#5:[738,80,744,419,357,644,422,923,929,603,208,345,256,145,854,488,713,90,469,800,441,108,404,338,68,575,741,700,705,728,747,194,925,569,855,58,462,901,261,398,755,871,459,632,647,580,954,235,280,922,618,573,293,538,178,516,680,981,229,353,84,607,668,559,870,686,282,522,438,160,74,733,938,969,200,757,517,754,979,295,423,118,337,985,947,215,924,54,880,737,847,643,765,446,284,897,874,99,139,926],0#6:[320,246,23,191,505,264,824,465,792,610,636,653,801,520,436,430,262,242,698,822,656,594,907,486,103,414,327,104,844,906,841,443,692,31,676,383,254,17,24,355,679,378,782,769,568,460,19,162,16,899,308,968,495,325,73,75,515,831,997,577,913,958,283,574,456,862,639,466,658,777,739,27,249,292,477,265,819,247,858,228,696,655,876,294,22,210,89,661,148,485,196,682,917,134,524,882,67,494,866,497],0#7:[989,519,759,625,957,537,604,358,722,489,233,109,930,412,291,181,587,838,405,391,165,449,846,209,401,649,473,149,959,70,255,37,428,886,566,318,681,770,322,727,965,949,158,999,95,348,487,175,341,804,186,920,263,411,257,811,316,251,942,600,506,78,240,760,376,214,549,418,884,270,13,492,161,392,216,207,606,685,112,507,18,665,523,157,205,335,458,223,928,578,521,362,895,510,571,919,407,826,4,94]
FETCH,1762385907.985,89045,390,0.077
FETCH,1762385907.990,89047,530,0.074
FETCH,1762385908.028,89048,630,0.071
FETCH,1762385908.059,89047,780,0.069
FETCH,1762385908.065,89045,751,0.080
FETCH,1762385908.100,89048,805,0.073
FETCH,1762385908.146,89047,986,0.087
FETCH,1762385908.177,89048,197,0.077
FETCH,1762385908.188,89046,140,0.220
FETCH,1762385908.216,89047,183,0.069
FETCH,1762385908.256,89048,950,0.079
FETCH,1762385908.259,89046,393,0.071
QUEUE,1762385908.260,89039,0#0:[978,933,859,916,127,608,856,260,147,810,635,972,593,994,285,554,467,276,55,61,839,425,82,620,787,2,753,7,903,626,51,557,310,100,848,921,45,976,136,128,605,945,773,941,613,98,758,595,470,25,514,239,980,623,252,662,171,408,993,592,701,427,457,454,151,756,250,904,324,439,650,238,498,806,629,468,343,664,671,652,346,381,493,708,513,563,857,781,135,232,931,426,660,995,36,545,116,434,390,751],0#1:[797,180,152,38,946,710,789,558,142,166,990,83,914,230,885,413,125,726,865,638,96,764,79,579,421,179,248,889,771,435,860,582,302,987,131,199,996,898,934,900,150,143,703,474,371,551,222,835,306,750,963,340,767,830,896,387,66,297,881,814,892,724,991,193,253,236,891,674,746,315,129,21,673,373,598,853,130,544,35,867,203,86,146,433,224,218,960,417,697,552,88,624,445,268,6,630,805,197,950,11],0#2:[911,356,388,281,511,120,115,29,367,307,206,9,319,185,808,91,836,815,479,154,126,909,455,363,424,278,567,43,243,321,883,304,717,231,550,818,776,328,350,849,201,368,935,107,273,331,409,631,245,783,448,888,169,612,30,542,646,813,241,395,119,678,902,360,645,614,532,799,712,527,657,581,429,562,793,0,677,156,28,768,762,588,570,501,944,584,274,887,101,71,464,77,940,937,512,352,693,92,394,259],0#3:[868,798,164,244,829,684,796,444,354,775,330,382,62,878,842,344,745,336,44,163,890,936,153,219,213,591,12,56,133,572,305,955,785,334,288,326,225,707,576,380,998,803,420,299,447,875,788,872,402,536,761,312,204,217,48,695,496,14,833,616,659,379,176,539,173,666,556,546,983,691,159,50,8,541,298,365,198,60,361,289,975,905,817,748,565,734,237,774,894,988,825,20,480,271,476,834,530,780,986,183],0#4:[140,393,202,725,743,124,951,59,823,716,766,688,690,472,64,234,873,719,585,461,40,977,601,478,589,694,915,132,72,138,121,46,482,184,53,715,33,966,794,26,415,509,772,374,431,742,168,531,399,471,172,269,596,258,731,879,714,144,463,220,740,85,852,704,627,723,807,226,110,869,984,663,561,802,729,952,377,351,174,784,155,795,709,816,964,47,670,400,97,840,778,211,309,619,845,3,971,683,192,406],0#5:[738,80,744,419,357,644,422,923,929,603,208,345,256,145,854,488,713,90,469,800,441,108,404,338,68,575,741,700,705,728,747,194,925,569,855,58,462,901,261,398,755,871,459,632,647,580,954,235,280,922,618,573,293,538,178,516,680,981,229,353,84,607,668,559,870,686,282,522,438,160,74,733,938,969,200,757,517,754,979,295,423,118,337,985,947,215,924,54,880,737,847,643,765,446,284,897,874,99,139,926],0#6:[320,246,23,191,505,264,824,465,792,610,636,653,801,520,436,430,262,242,698,822,656,594,907,486,103,414,327,104,844,906,841,443,692,31,676,383,254,17,24,355,679,378,782,769,568,460,19,162,16,899,308,968,495,325,73,75,515,831,997,577,913,958,283,574,456,862,639,466,658,777,739,27,249,292,477,265,819,247,858,228,696,655,876,294,22,210,89,661,148,485,196,682,917,134,524,882,67,494,866,497],0#7:[989,519,759,625,957,537,604,358,722,489,233,109,930,412,291,181,587,838,405,391,165,449,846,209,401,649,473,149,959,70,255,37,428,886,566,318,681,770,322,727,965,949,158,999,95,348,487,175,341,804,186,920,263,411,257,811,316,251,942,600,506,78,240,760,376,214,549,418,884,270,13,492,161,392,216,207,606,685,112,507,18,665,523,157,205,335,458,223,928,578,521,362,895,510,571,919,407,826,4,94]
PROCESS,1762385908.260,89039,100,978,933,859,916,127,608,856,260,147,810,635,972,593,994,285,554,467,276,55,61,839,425,82,620,787,2,753,7,903,626,51,557,310,100,848,921,45,976,136,128,605,945,773,941,613,98,758,595,470,25,514,239,980,623,252,662,171,408,993,592,701,427,457,454,151,756,250,904,324,439,650,238,498,806,629,468,343,664,671,652,346,381,493,708,513,563,857,781,135,232,931,426,660,995,36,545,116,434,390,751
FETCH,1762385908.333,89046,202,0.073
FETCH,1762385908.333,89048,11,0.077
FETCH,1762385908.410,89046,725,0.077
FETCH,1762385908.497,89046,743,0.086
FETCH,1762385908.510,89045,738,0.252
FETCH,1762385908.572,89046,124,0.073
FETCH,1762385908.598,89045,80,0.088
FETCH,1762385908.677,89046,951,0.105
FETCH,1762385908.702,89045,744,0.104
FETCH,1762385908.729,89047,320,0.308
FETCH,1762385908.761,89046,59,0.083
FETCH,1762385908.795,89045,419,0.093
FETCH,1762385908.796,89047,246,0.068
FETCH,1762385908.828,89048,989,0.260
FETCH,1762385908.870,89047,23,0.073
FETCH,1762385908.878,89046,823,0.117
FETCH,1762385908.909,89045,357,0.114
FETCH,1762385908.960,89047,191,0.090
FETCH,1762385908.960,89048,519,0.132
FETCH,1762385908.961,89046,716,0.083
FETCH,1762385908.984,89045,644,0.075
FETCH,1762385909.026,89047,505,0.066
FETCH,1762385909.031,89046,766,0.070
FETCH,1762385909.055,89045,422,0.072
FETCH,1762385909.099,89046,688,0.068
FETCH,1762385909.115,89047,264,0.089
FETCH,1762385909.120,89048,759,0.159
FETCH,1762385909.133,89045,923,0.077
FETCH,1762385909.186,89047,824,0.070
FETCH,1762385909.186,89046,690,0.086
FETCH,1762385909.201,89048,625,0.081
FETCH,1762385909.221,89045,929,0.088
FETCH,1762385909.263,89046,472,0.076
FETCH,1762385909.272,89048,957,0.070
FETCH,1762385909.292,89047,465,0.106
FETCH,1762385909.292,89045,603,0.071
FETCH,1762385909.334,89046,64,0.071
FETCH,1762385909.340,89048,537,0.068
FETCH,1762385909.366,89047,792,0.074
FETCH,1762385909.366,89045,208,0.074
FETCH,1762385909.414,89048,604,0.074
FETCH,1762385909.419,89046,234,0.085
FETCH,1762385909.434,89045,345,0.068
FETCH,1762385909.436,89047,610,0.069
FETCH,1762385909.489,89048,358,0.075
FETCH,1762385909.489,89046,873,0.070
FETCH,1762385909.525,89047,636,0.089
FETCH,1762385909.525,89045,256,0.091
FETCH,1762385909.564,89048,722,0.074
FETCH,1762385909.598,89047,653,0.073
FETCH,1762385909.614,89045,145,0.089
FETCH,1762385909.635,89048,489,0.071
FETCH,1762385909.635,89046,719,0.146
FETCH,1762385909.665,89047,801,0.067
FETCH,1762385909.707,89045,854,0.093
FETCH,1762385909.711,89046,585,0.076
FETCH,1762385909.739,89047,520,0.073
FETCH,1762385909.758,89048,233,0.123
FETCH,1762385909.788,89046,461,0.078
FETCH,1762385909.793,89045,488,0.086
FETCH,1762385909.812,89047,436,0.073
FETCH,1762385909.821,89048,109,0.063
QUEUE,1762385909.833,89039,0#1:[797,180,152,38,946,710,789,558,142,166,990,83,914,230,885,413,125,726,865,638,96,764,79,579,421,179,248,889,771,435,860,582,302,987,131,199,996,898,934,900,150,143,703,474,371,551,222,835,306,750,963,340,767,830,896,387,66,297,881,814,892,724,991,193,253,236,891,674,746,315,129,21,673,373,598,853,130,544,35,867,203,86,146,433,224,218,960,417,697,552,88,624,445,268,6,630,805,197,950,11],0#2:[911,356,388,281,511,120,115,29,367,307,206,9,319,185,808,91,836,815,479,154,126,909,455,363,424,278,567,43,243,321,883,304,717,231,550,818,776,328,350,849,201,368,935,107,273,331,409,631,245,783,448,888,169,612,30,542,646,813,241,395,119,678,902,360,645,614,532,799,712,527,657,581,429,562,793,0,677,156,28,768,762,588,570,501,944,584,274,887,101,71,464,77,940,937,512,352,693,92,394,259],0#3:[868,798,164,244,829,684,796,444,354,775,330,382,62,878,842,344,745,336,44,163,890,936,153,219,213,591,12,56,133,572,305,955,785,334,288,326,225,707,576,380,998,803,420,299,447,875,788,872,402,536,761,312,204,217,48,695,496,14,833,616,659,379,176,539,173,666,556,546,983,691,159,50,8,541,298,365,198,60,361,289,975,905,817,748,565,734,237,774,894,988,825,20,480,271,476,834,530,780,986,183],0#4:[140,393,202,725,743,124,951,59,823,716,766,688,690,472,64,234,873,719,585,461,40,977,601,478,589,694,915,132,72,138,121,46,482,184,53,715,33,966,794,26,415,509,772,374,431,742,168,531,399,471,172,269,596,258,731,879,714,144,463,220,740,85,852,704,627,723,807,226,110,869,984,663,561,802,729,952,377,351,174,784,155,795,709,816,964,47,670,400,97,840,778,211,309,619,845,3,971,683,192,406],0#5:[738,80,744,419,357,644,422,923,929,603,208,345,256,145,854,488,713,90,469,800,441,108,404,338,68,575,741,700,705,728,747,194,925,569,855,58,462,901,261,398,755,871,459,632,647,580,954,235,280,922,618,573,293,538,178,516,680,981,229,353,84,607,668,559,870,686,282,522,438,160,74,733,938,969,200,757,517,754,979,295,423,118,337,985,947,215,924,54,880,737,847,643,765,446,284,897,874,99,139,926],0#6:[320,246,23,191,505,264,824,465,792,610,636,653,801,520,436,430,262,242,698,822,656,594,907,486,103,414,327,104,844,906,841,443,692,31,676,383,254,17,24,355,679,378,782,769,568,460,19,162,16,899,308,968,495,325,73,75,515,831,997,577,913,958,283,574,456,862,639,466,658,777,739,27,249,292,477,265,819,247,858,228,696,655,876,294,22,210,89,661,148,485,196,682,917,134,524,882,67,494,866,497],0#7:[989,519,759,625,957,537,604,358,722,489,233,109,930,412,291,181,587,838,405,391,165,449,846,209,401,649,473,149,959,70,255,37,428,886,566,318,681,770,322,727,965,949,158,999,95,348,487,175,341,804,186,920,263,411,257,811,316,251,942,600,506,78,240,760,376,214,549,418,884,270,13,492,161,392,216,207,606,685,112,507,18,665,523,157,205,335,458,223,928,578,521,362,895,510,571,919,407,826,4,94],0#8:[560,481,499,323,93,843,877,763,389,397,564,32,386,364,667,453,440,640,633,227,369,642,416,452,81,827,820,863,370,311,450,52,912,342,540,267,721,106,122,396,992,533,730,384,105,266,347,190,864,850,39,339,188,403,525,189,812,87,732,483,5,597,699,953,442,893,861,385,332,790,359,590,504,962,375,114,170,851,123,301,615,602,711,786,918,508,718,599,221,654,111,475,484,329,279,277,349,956,187,65]
QUEUE,1762385909.834,89039,0#1:[797,180,152,38,946,710,789,558,142,166,990,83,914,230,885,413,125,726,865,638,96,764,79,579,421,179,248,889,771,435,860,582,302,987,131,199,996,898,934,900,150,143,703,474,371,551,222,835,306,750,963,340,767,830,896,387,66,297,881,814,892,724,991,193,253,236,891,674,746,315,129,21,673,373,598,853,130,544,35,867,203,86,146,433,224,218,960,417,697,552,88,624,445,268,6,630,805,197,950,11],0#2:[911,356,388,281,511,120,115,29,367,307,206,9,319,185,808,91,836,815,479,154,126,909,455,363,424,278,567,43,243,321,883,304,717,231,550,818,776,328,350,849,201,368,935,107,273,331,409,631,245,783,448,888,169,612,30,542,646,813,241,395,119,678,902,360,645,614,532,799,712,527,657,581,429,562,793,0,677,156,28,768,762,588,570,501,944,584,274,887,101,71,464,77,940,937,512,352,693,92,394,259],0#3:[868,798,164,244,829,684,796,444,354,775,330,382,62,878,842,344,745,336,44,163,890,936,153,219,213,591,12,56,133,572,305,955,785,334,288,326,225,707,576,380,998,803,420,299,447,875,788,872,402,536,761,312,204,217,48,695,496,14,833,616,659,379,176,539,173,666,556,546,983,691,159,50,8,541,298,365,198,60,361,289,975,905,817,748,565,734,237,774,894,988,825,20,480,271,476,834,530,780,986,183],0#4:[140,393,202,725,743,124,951,59,823,716,766,688,690,472,64,234,873,719,585,461,40,977,601,478,589,694,915,132,72,138,121,46,482,184,53,715,33,966,794,26,415,509,772,374,431,742,168,531,399,471,172,269,596,258,731,879,714,144,463,220,740,85,852,704,627,723,807,226,110,869,984,663,561,802,729,952,377,351,174,784,155,795,709,816,964,47,670,400,97,840,778,211,309,619,845,3,971,683,192,406],0#5:[738,80,744,419,357,644,422,923,929,603,208,345,256,145,854,488,713,90,469,800,441,108,404,338,68,575,741,700,705,728,747,194,925,569,855,58,462,901,261,398,755,871,459,632,647,580,954,235,280,922,618,573,293,538,178,516,680,981,229,353,84,607,668,559,870,686,282,522,438,160,74,733,938,969,200,757,517,754,979,295,423,118,337,985,947,215,924,54,880,737,847,643,765,446,284,897,874,99,139,926],0#6:[320,246,23,191,505,264,824,465,792,610,636,653,801,520,436,430,262,242,698,822,656,594,907,486,103,414,327,104,844,906,841,443,692,31,676,383,254,17,24,355,679,378,782,769,568,460,19,162,16,899,308,968,495,325,73,75,515,831,997,577,913,958,283,574,456,862,639,466,658,777,739,27,249,292,477,265,819,247,858,228,696,655,876,294,22,210,89,661,148,485,196,682,917,134,524,882,67,494,866,497],0#7:[989,519,759,625,957,537,604,358,722,489,233,109,930,412,291,181,587,838,405,391,165,449,846,209,401,649,473,149,959,70,255,37,428,886,566,318,681,770,322,727,965,949,158,999,95,348,487,175,341,804,186,920,263,411,257,811,316,251,942,600,506,78,240,760,376,214,549,418,884,270,13,492,161,392,216,207,606,685,112,507,18,665,523,157,205,335,458,223,928,578,521,362,895,510,571,919,407,826,4,94],0#8:[560,481,499,323,93,843,877,763,389,397,564,32,386,364,667,453,440,640,633,227,369,642,416,452,81,827,820,863,370,311,450,52,912,342,540,267,721,106,122,396,992,533,730,384,105,266,347,190,864,850,39,339,188,403,525,189,812,87,732,483,5,597,699,953,442,893,861,385,332,790,359,590,504,962,375,114,170,851,123,301,615,602,711,786,918,508,718,599,221,654,111,475,484,329,279,277,349,956,187,65]
PROCESS,1762385909.834,89039,100,797,180,152,38,946,710,789,558,142,166,990,83,914,230,885,413,125,726,865,638,96,764,79,579,421,179,248,889,771,435,860,582,302,987,131,199,996,898,934,900,150,143,703,474,371,551,222,835,306,750,963,340,767,830,896,387,66,297,881,814,892,724,991,193,253,236,891,674,746,315,129,21,673,373,598,853,130,544,35,867,203,86,146,433,224,218,960,417,697,552,88,624,445,268,6,630,805,197,950,11
FETCH,1762385909.862,89046,40,0.074
FETCH,1762385909.877,89045,713,0.084
FETCH,1762385909.884,89048,930,0.063
FETCH,1762385909.884,89047,430,0.072
FETCH,1762385909.934,89046,977,0.071
FETCH,1762385909.948,89045,90,0.070
FETCH,1762385909.959,89048,412,0.075
FETCH,1762385909.991,89047,262,0.107
FETCH,1762385910.023,89046,601,0.089
FETCH,1762385910.033,89045,469,0.085
FETCH,1762385910.056,89048,291,0.097
FETCH,1762385910.102,89045,800,0.068
FETCH,1762385910.105,89046,478,0.082
FETCH,1762385910.125,89047,242,0.134
FETCH,1762385910.136,89048,181,0.080
PROCESS,1762385910.159,89039,100,911,356,388,281,511,120,115,29,367,307,206,9,319,185,808,91,836,815,479,154,126,909,455,363,424,278,567,43,243,321,883,304,717,231,550,818,776,328,350,849,201,368,935,107,273,331,409,631,245,783,448,888,169,612,30,542,646,813,241,395,119,678,902,360,645,614,532,799,712,527,657,581,429,562,793,0,677,156,28,768,762,588,570,501,944,584,274,887,101,71,464,77,940,937,512,352,693,92,394,259
FETCH,1762385910.192,89045,441,0.089
FETCH,1762385910.225,89047,698,0.099
FETCH,1762385910.225,89048,587,0.088
FETCH,1762385910.240,89046,589,0.134
FETCH,1762385910.266,89045,108,0.075
FETCH,1762385910.294,89048,838,0.069
FETCH,1762385910.302,89047,822,0.077
FETCH,1762385910.313,89046,694,0.073
FETCH,1762385910.352,89048,405,0.058
FETCH,1762385910.353,89045,404,0.086
FETCH,1762385910.372,89046,915,0.059
FETCH,1762385910.372,89047,656,0.070
FETCH,1762385910.421,89048,391,0.068
FETCH,1762385910.425,89045,338,0.072
FETCH,1762385910.444,89046,132,0.073
PROCESS,1762385910.458,89039,100,868,798,164,244,829,684,796,444,354,775,330,382,62,878,842,344,745,336,44,163,890,936,153,219,213,591,12,56,133,572,305,955,785,334,288,326,225,707,576,380,998,803,420,299,447,875,788,872,402,536,761,312,204,217,48,695,496,14,833,616,659,379,176,539,173,666,556,546,983,691,159,50,8,541,298,365,198,60,361,289,975,905,817,748,565,734,237,774,894,988,825,20,480,271,476,834,530,780,986,183
FETCH,1762385910.476,89047,594,0.104
FETCH,1762385910.493,89048,165,0.073
FETCH,1762385910.500,89045,68,0.075
FETCH,1762385910.549,89046,72,0.105
FETCH,1762385910.550,89047,907,0.074
FETCH,1762385910.565,89045,575,0.065
FETCH,1762385910.565,89048,449,0.072
FETCH,1762385910.619,89047,486,0.070
FETCH,1762385910.635,89046,138,0.085
FETCH,1762385910.662,89048,846,0.097
FETCH,1762385910.672,89045,741,0.107
FETCH,1762385910.708,89047,103,0.089
FETCH,1762385910.719,89046,121,0.084
FETCH,1762385910.766,89048,209,0.104
FETCH,1762385910.791,89045,700,0.118
FETCH,1762385910.813,89047,414,0.105
FETCH,1762385910.839,89046,46,0.120
FETCH,1762385910.870,89048,401,0.103
FETCH,1762385910.900,89045,705,0.109
FETCH,1762385910.918,89047,327,0.105
FETCH,1762385910.927,89046,482,0.087
FETCH,1762385910.960,89048,649,0.090
FETCH,1762385910.990,89047,104,0.071
FETCH,1762385910.990,89045,728,0.090
FETCH,1762385911.041,89046,184,0.113
FETCH,1762385911.088,89048,473,0.127
FETCH,1762385911.088,89047,844,0.098
FETCH,1762385911.131,89045,747,0.141
FETCH,1762385911.161,89046,53,0.119
FETCH,1762385911.179,89047,906,0.090
FETCH,1762385911.179,89048,149,0.091
FETCH,1762385911.229,89045,194,0.097
FETCH,1762385911.252,89046,715,0.091
FETCH,1762385911.279,89048,959,0.099
FETCH,1762385911.279,89047,841,0.099
FETCH,1762385911.327,89046,33,0.075
FETCH,1762385911.330,89045,925,0.100
FETCH,1762385911.365,89048,70,0.085
FETCH,1762385911.396,89047,443,0.116
FETCH,1762385911.405,89046,966,0.078
FETCH,1762385911.416,89045,569,0.086
FETCH,1762385911.471,89048,255,0.106
FETCH,1762385911.516,89047,692,0.119
FETCH,1762385911.516,89046,794,0.110
FETCH,1762385911.518,89045,855,0.102
FETCH,1762385911.559,89048,37,0.088
FETCH,1762385911.595,89047,31,0.078
FETCH,1762385911.598,89045,58,0.079
FETCH,1762385911.613,89046,26,0.097
FETCH,1762385911.666,89048,428,0.106
FETCH,1762385911.685,89045,462,0.087
FETCH,1762385911.685,89047,676,0.091
FETCH,1762385911.690,89046,415,0.077
FETCH,1762385911.763,89048,886,0.097
FETCH,1762385911.819,89046,509,0.128
FETCH,1762385911.819,89047,383,0.133
FETCH,1762385911.824,89045,901,0.138
FETCH,1762385911.851,89048,566,0.088
FETCH,1762385911.914,89047,254,0.095
FETCH,1762385911.917,89045,261,0.092
FETCH,1762385911.919,89046,772,0.100
FETCH,1762385911.971,89048,318,0.119
FETCH,1762385911.995,89045,398,0.077
FETCH,1762385911.995,89047,17,0.080
FETCH,1762385912.003,89046,374,0.083
FETCH,1762385912.039,89048,681,0.068
FETCH,1762385912.063,89047,24,0.068
FETCH,1762385912.072,89045,755,0.077
FETCH,1762385912.103,89046,431,0.100
FETCH,1762385912.104,89048,770,0.065
FETCH,1762385912.159,89045,871,0.087
FETCH,1762385912.159,89047,355,0.096
FETCH,1762385912.178,89048,322,0.074
FETCH,1762385912.178,89046,742,0.075
FETCH,1762385912.235,89047,679,0.075
FETCH,1762385912.242,89048,727,0.063
FETCH,1762385912.246,89045,459,0.086
FETCH,1762385912.264,89046,168,0.085
FETCH,1762385912.309,89047,378,0.074
FETCH,1762385912.318,89048,965,0.075
FETCH,1762385912.336,89046,531,0.072
FETCH,1762385912.352,89045,632,0.106
FETCH,1762385912.388,89048,949,0.070
FETCH,1762385912.411,89047,782,0.102
FETCH,1762385912.423,89046,399,0.086
FETCH,1762385912.430,89045,647,0.078
FETCH,1762385912.480,89048,158,0.091
FETCH,1762385912.499,89045,580,0.068
FETCH,1762385912.499,89047,769,0.087
FETCH,1762385912.499,89046,471,0.076
FETCH,1762385912.584,89048,999,0.104
FETCH,1762385912.589,89047,568,0.090
FETCH,1762385912.592,89045,954,0.093
FETCH,1762385912.602,89046,172,0.103
FETCH,1762385912.670,89046,269,0.068
FETCH,1762385912.682,89048,95,0.097
FETCH,1762385912.698,89045,235,0.106
FETCH,1762385912.735,89046,596,0.065
FETCH,1762385912.736,89047,460,0.146
FETCH,1762385912.786,89048,348,0.105
FETCH,1762385912.787,89045,280,0.089
FETCH,1762385912.807,89047,19,0.071
FETCH,1762385912.815,89046,258,0.080
FETCH,1762385912.861,89045,922,0.073
FETCH,1762385912.871,89047,162,0.064
FETCH,1762385912.876,89048,487,0.090
FETCH,1762385912.891,89046,731,0.075
FETCH,1762385912.945,89045,618,0.084
FETCH,1762385912.945,89047,16,0.074
FETCH,1762385912.962,89048,175,0.085
FETCH,1762385912.999,89046,879,0.108
FETCH,1762385913.029,89045,573,0.076
FETCH,1762385913.029,89048,341,0.066
FETCH,1762385913.043,89047,899,0.090
FETCH,1762385913.086,89046,714,0.086
FETCH,1762385913.111,89045,293,0.082
FETCH,1762385913.118,89048,804,0.088
FETCH,1762385913.120,89047,308,0.077
FETCH,1762385913.168,89046,144,0.081
FETCH,1762385913.185,89045,538,0.073
FETCH,1762385913.221,89048,186,0.103
FETCH,1762385913.221,89047,968,0.101
FETCH,1762385913.268,89045,178,0.083
FETCH,1762385913.274,89046,463,0.105
FETCH,1762385913.289,89048,920,0.068
FETCH,1762385913.295,89047,495,0.074
FETCH,1762385913.340,89046,220,0.066
FETCH,1762385913.375,89047,325,0.080
FETCH,1762385913.375,89045,516,0.106
FETCH,1762385913.375,89048,263,0.086
FETCH,1762385913.405,89046,740,0.065
FETCH,1762385913.446,89047,73,0.071
FETCH,1762385913.452,89048,411,0.077
FETCH,1762385913.464,89045,680,0.089
FETCH,1762385913.503,89046,85,0.097
FETCH,1762385913.528,89047,75,0.082
FETCH,1762385913.531,89048,257,0.079
FETCH,1762385913.548,89045,981,0.083
FETCH,1762385913.588,89046,852,0.085
FETCH,1762385913.634,89048,811,0.103
FETCH,1762385913.660,89047,515,0.131
FETCH,1762385913.685,89045,229,0.137
FETCH,1762385913.705,89046,704,0.116
FETCH,1762385913.742,89048,316,0.107
FETCH,1762385913.742,89047,831,0.081
FETCH,1762385913.774,89045,353,0.089
FETCH,1762385913.783,89046,627,0.078
FETCH,1762385913.807,89048,251,0.065
FETCH,1762385913.823,89047,997,0.081
FETCH,1762385913.850,89045,84,0.075
FETCH,1762385913.855,89046,723,0.071
FETCH,1762385913.902,89047,577,0.078
FETCH,1762385913.902,89048,942,0.095
FETCH,1762385913.925,89045,607,0.075
FETCH,1762385913.925,89046,807,0.070
FETCH,1762385913.967,89048,600,0.064
FETCH,1762385913.967,89047,913,0.064
FETCH,1762385913.992,89046,226,0.066
FETCH,1762385913.992,89045,668,0.066
FETCH,1762385914.036,89047,958,0.069
FETCH,1762385914.062,89046,110,0.070
FETCH,1762385914.064,89045,559,0.073
FETCH,1762385914.084,89048,506,0.118
FETCH,1762385914.102,89047,283,0.065
FETCH,1762385914.133,89046,869,0.070
FETCH,1762385914.161,89045,870,0.096
FETCH,1762385914.161,89048,78,0.076
FETCH,1762385914.191,89047,574,0.089
FETCH,1762385914.203,89046,984,0.070
FETCH,1762385914.233,89048,240,0.071
FETCH,1762385914.253,89045,686,0.092
FETCH,1762385914.261,89047,456,0.069
FETCH,1762385914.275,89046,663,0.072
FETCH,1762385914.304,89048,760,0.070
FETCH,1762385914.343,89047,862,0.082
FETCH,1762385914.343,89045,282,0.090
FETCH,1762385914.348,89046,561,0.073
FETCH,1762385914.383,89048,376,0.079
FETCH,1762385914.411,89047,639,0.067
FETCH,1762385914.412,89045,522,0.069
FETCH,1762385914.433,89046,802,0.084
FETCH,1762385914.462,89048,214,0.079
FETCH,1762385914.479,89047,466,0.068
FETCH,1762385914.484,89045,438,0.072
FETCH,1762385914.503,89046,729,0.070
FETCH,1762385914.545,89048,549,0.082
FETCH,1762385914.553,89045,160,0.069
FETCH,1762385914.571,89047,658,0.091
FETCH,1762385914.619,89048,418,0.073
FETCH,1762385914.621,89045,74,0.067
FETCH,1762385914.635,89047,777,0.064
FETCH,1762385914.662,89046,952,0.159
FETCH,1762385914.692,89048,884,0.073
FETCH,1762385914.705,89045,733,0.083
FETCH,1762385914.705,89047,739,0.070
FETCH,1762385914.735,89046,377,0.072
FETCH,1762385914.758,89048,270,0.066
FETCH,1762385914.773,89047,27,0.067
FETCH,1762385914.777,89045,938,0.072
FETCH,1762385914.810,89046,351,0.075
FETCH,1762385914.839,89047,249,0.066
FETCH,1762385914.852,89048,13,0.093
FETCH,1762385914.861,89045,969,0.083
FETCH,1762385914.878,89046,174,0.067
FETCH,1762385914.919,89047,292,0.079
FETCH,1762385914.936,89048,492,0.084
FETCH,1762385914.943,89045,200,0.082
FETCH,1762385914.971,89046,784,0.092
FETCH,1762385914.991,89047,477,0.072
FETCH,1762385915.004,89048,161,0.067
FETCH,1762385915.045,89046,155,0.073
FETCH,1762385915.068,89047,265,0.076
FETCH,1762385915.074,89045,757,0.131
FETCH,1762385915.074,89048,392,0.070
FETCH,1762385915.115,89046,795,0.070
FETCH,1762385915.152,89045,517,0.077
FETCH,1762385915.163,89047,819,0.095
FETCH,1762385915.197,89046,709,0.081
FETCH,1762385915.224,89048,216,0.149
FETCH,1762385915.243,89047,247,0.080
FETCH,1762385915.243,89045,754,0.091
FETCH,1762385915.280,89046,816,0.083
FETCH,1762385915.290,89048,207,0.066
FETCH,1762385915.318,89047,858,0.074
FETCH,1762385915.319,89045,979,0.075
FETCH,1762385915.361,89048,606,0.071
FETCH,1762385915.364,89046,964,0.083
FETCH,1762385915.397,89045,295,0.078
FETCH,1762385915.434,89048,685,0.072
FETCH,1762385915.434,89047,228,0.116
FETCH,1762385915.434,89046,47,0.070
FETCH,1762385915.494,89045,423,0.096
FETCH,1762385915.499,89047,696,0.065
FETCH,1762385915.501,89048,112,0.066
FETCH,1762385915.505,89046,670,0.071
FETCH,1762385915.571,89045,118,0.077
FETCH,1762385915.576,89046,400,0.070
FETCH,1762385915.576,89048,507,0.075
FETCH,1762385915.585,89047,655,0.086
FETCH,1762385915.649,89045,337,0.078
FETCH,1762385915.655,89047,876,0.069
FETCH,1762385915.672,89046,97,0.096
FETCH,1762385915.708,89048,18,0.132
FETCH,1762385915.712,89045,985,0.063
FETCH,1762385915.737,89047,294,0.082
FETCH,1762385915.739,89046,840,0.067
FETCH,1762385915.813,89045,947,0.100
FETCH,1762385915.813,89046,778,0.074
FETCH,1762385915.833,89048,665,0.125
FETCH,1762385915.833,89047,22,0.095
FETCH,1762385915.953,89047,210,0.119
FETCH,1762385915.953,89045,215,0.139
FETCH,1762385915.953,89046,211,0.139
FETCH,1762385915.955,89048,523,0.122
FETCH,1762385916.029,89046,309,0.076
FETCH,1762385916.038,89047,89,0.085
FETCH,1762385916.040,89045,924,0.087
FETCH,1762385916.048,89048,157,0.092
FETCH,1762385916.112,89046,619,0.083
FETCH,1762385916.122,89048,205,0.075
FETCH,1762385916.122,89047,661,0.084
FETCH,1762385916.155,89045,54,0.114
FETCH,1762385916.212,89047,148,0.090
FETCH,1762385916.212,89048,335,0.090
FETCH,1762385916.258,89045,880,0.103
FETCH,1762385916.258,89046,845,0.145
FETCH,1762385916.288,89048,458,0.076
FETCH,1762385916.288,89047,485,0.076
FETCH,1762385916.334,89045,737,0.075
FETCH,1762385916.345,89046,3,0.087
FETCH,1762385916.381,89048,223,0.092
FETCH,1762385916.382,89047,196,0.093
FETCH,1762385916.430,89046,971,0.084
FETCH,1762385916.459,89045,847,0.125
FETCH,1762385916.483,89047,682,0.101
FETCH,1762385916.508,89048,928,0.127
FETCH,1762385916.554,89046,683,0.123
FETCH,1762385916.554,89045,643,0.094
FETCH,1762385916.611,89048,578,0.102
FETCH,1762385916.683,89047,917,0.200
FETCH,1762385916.691,89045,765,0.137
FETCH,1762385916.691,89046,192,0.137
FETCH,1762385916.763,89048,521,0.152
FETCH,1762385916.790,89045,446,0.098
FETCH,1762385916.790,89046,406,0.098
FETCH,1762385916.796,89047,134,0.112
QUEUE,1762385916.799,89039,0#2:[911,356,388,281,511,120,115,29,367,307,206,9,319,185,808,91,836,815,479,154,126,909,455,363,424,278,567,43,243,321,883,304,717,231,550,818,776,328,350,849,201,368,935,107,273,331,409,631,245,783,448,888,169,612,30,542,646,813,241,395,119,678,902,360,645,614,532,799,712,527,657,581,429,562,793,0,677,156,28,768,762,588,570,501,944,584,274,887,101,71,464,77,940,937,512,352,693,92,394,259],0#3:[868,798,164,244,829,684,796,444,354,775,330,382,62,878,842,344,745,336,44,163,890,936,153,219,213,591,12,56,133,572,305,955,785,334,288,326,225,707,576,380,998,803,420,299,447,875,788,872,402,536,761,312,204,217,48,695,496,14,833,616,659,379,176,539,173,666,556,546,983,691,159,50,8,541,298,365,198,60,361,289,975,905,817,748,565,734,237,774,894,988,825,20,480,271,476,834,530,780,986,183],0#4:[140,393,202,725,743,124,951,59,823,716,766,688,690,472,64,234,873,719,585,461,40,977,601,478,589,694,915,132,72,138,121,46,482,184,53,715,33,966,794,26,415,509,772,374,431,742,168,531,399,471,172,269,596,258,731,879,714,144,463,220,740,85,852,704,627,723,807,226,110,869,984,663,561,802,729,952,377,351,174,784,155,795,709,816,964,47,670,400,97,840,778,211,309,619,845,3,971,683,192,406],0#5:[738,80,744,419,357,644,422,923,929,603,208,345,256,145,854,488,713,90,469,800,441,108,404,338,68,575,741,700,705,728,747,194,925,569,855,58,462,901,261,398,755,871,459,632,647,580,954,235,280,922,618,573,293,538,178,516,680,981,229,353,84,607,668,559,870,686,282,522,438,160,74,733,938,969,200,757,517,754,979,295,423,118,337,985,947,215,924,54,880,737,847,643,765,446,284,897,874,99,139,926],0#6:[320,246,23,191,505,264,824,465,792,610,636,653,801,520,436,430,262,242,698,822,656,594,907,486,103,414,327,104,844,906,841,443,692,31,676,383,254,17,24,355,679,378,782,769,568,460,19,162,16,899,308,968,495,325,73,75,515,831,997,577,913,958,283,574,456,862,639,466,658,777,739,27,249,292,477,265,819,247,858,228,696,655,876,294,22,210,89,661,148,485,196,682,917,134,524,882,67,494,866,497],0#7:[989,519,759,625,957,537,604,358,722,489,233,109,930,412,291,181,587,838,405,391,165,449,846,209,401,649,473,149,959,70,255,37,428,886,566,318,681,770,322,727,965,949,158,999,95,348,487,175,341,804,186,920,263,411,257,811,316,251,942,600,506,78,240,760,376,214,549,418,884,270,13,492,161,392,216,207,606,685,112,507,18,665,523,157,205,335,458,223,928,578,521,362,895,510,571,919,407,826,4,94],0#8:[560,481,499,323,93,843,877,763,389,397,564,32,386,364,667,453,440,640,633,227,369,642,416,452,81,827,820,863,370,311,450,52,912,342,540,267,721,106,122,396,992,533,730,384,105,266,347,190,864,850,39,339,188,403,525,189,812,87,732,483,5,597,699,953,442,893,861,385,332,790,359,590,504,962,375,114,170,851,123,301,615,602,711,786,918,508,718,599,221,654,111,475,484,329,279,277,349,956,187,65],0#9:[974,611,583,948,69,410,689,637,177,736,982,117,586,372,10,628,927,669,63,735,500,1,42,634,529,167,809,821,76,313,296,502,490,720,837,543,641,939,617,290,779,910,212,555,967,672,317,57,791,535,932,272,15,432,503,828,621,137,702,287,451,528,300,752,622,943,195,34,286,314,970,547,333,182,49,518,102,687,651,41,553,366,534,275,675,832,303,113,749,908,437,491,526,141,706,548,609,961,973,648]
PROCESS,1762385916.800,89039,100,140,393,202,725,743,124,951,59,823,716,766,688,690,472,64,234,873,719,585,461,40,977,601,478,589,694,915,132,72,138,121,46,482,184,53,715,33,966,794,26,415,509,772,374,431,742,168,531,399,471,172,269,596,258,731,879,714,144,463,220,740,85,852,704,627,723,807,226,110,869,984,663,561,802,729,952,377,351,174,784,155,795,709,816,964,47,670,400,97,840,778,211,309,619,845,3,971,683,192,406
FETCH,1762385916.884,89048,362,0.120
FETCH,1762385916.902,89047,524,0.105
FETCH,1762385916.902,89045,284,0.112
FETCH,1762385916.993,89048,895,0.109
FETCH,1762385917.004,89045,897,0.102
FETCH,1762385917.007,89047,882,0.105
FETCH,1762385917.073,89048,510,0.080
FETCH,1762385917.073,89047,67,0.066
FETCH,1762385917.078,89045,874,0.073
FETCH,1762385917.103,89046,560,0.308
FETCH,1762385917.138,89047,494,0.065
FETCH,1762385917.138,89048,571,0.065
FETCH,1762385917.143,89045,99,0.065
FETCH,1762385917.190,89046,481,0.087
FETCH,1762385917.213,89047,866,0.075
FETCH,1762385917.232,89045,139,0.089
FETCH,1762385917.258,89046,499,0.068
FETCH,1762385917.258,89048,919,0.120
FETCH,1762385917.306,89045,926,0.073
FETCH,1762385917.359,89046,323,0.101
FETCH,1762385917.359,89048,407,0.101
FETCH,1762385917.359,89047,497,0.146
FETCH,1762385917.450,89048,826,0.090
FETCH,1762385917.457,89046,93,0.097
FETCH,1762385917.529,89048,4,0.079
FETCH,1762385917.561,89046,843,0.104
FETCH,1762385917.591,89045,974,0.282
QUEUE,1762385917.593,89039,0#2:[911,356,388,281,511,120,115,29,367,307,206,9,319,185,808,91,836,815,479,154,126,909,455,363,424,278,567,43,243,321,883,304,717,231,550,818,776,328,350,849,201,368,935,107,273,331,409,631,245,783,448,888,169,612,30,542,646,813,241,395,119,678,902,360,645,614,532,799,712,527,657,581,429,562,793,0,677,156,28,768,762,588,570,501,944,584,274,887,101,71,464,77,940,937,512,352,693,92,394,259],0#3:[868,798,164,244,829,684,796,444,354,775,330,382,62,878,842,344,745,336,44,163,890,936,153,219,213,591,12,56,133,572,305,955,785,334,288,326,225,707,576,380,998,803,420,299,447,875,788,872,402,536,761,312,204,217,48,695,496,14,833,616,659,379,176,539,173,666,556,546,983,691,159,50,8,541,298,365,198,60,361,289,975,905,817,748,565,734,237,774,894,988,825,20,480,271,476,834,530,780,986,183],0#4:[140,393,202,725,743,124,951,59,823,716,766,688,690,472,64,234,873,719,585,461,40,977,601,478,589,694,915,132,72,138,121,46,482,184,53,715,33,966,794,26,415,509,772,374,431,742,168,531,399,471,172,269,596,258,731,879,714,144,463,220,740,85,852,704,627,723,807,226,110,869,984,663,561,802,729,952,377,351,174,784,155,795,709,816,964,47,670,400,97,840,778,211,309,619,845,3,971,683,192,406],0#5:[738,80,744,419,357,644,422,923,929,603,208,345,256,145,854,488,713,90,469,800,441,108,404,338,68,575,741,700,705,728,747,194,925,569,855,58,462,901,261,398,755,871,459,632,647,580,954,235,280,922,618,573,293,538,178,516,680,981,229,353,84,607,668,559,870,686,282,522,438,160,74,733,938,969,200,757,517,754,979,295,423,118,337,985,947,215,924,54,880,737,847,643,765,446,284,897,874,99,139,926],0#6:[320,246,23,191,505,264,824,465,792,610,636,653,801,520,436,430,262,242,698,822,656,594,907,486,103,414,327,104,844,906,841,443,692,31,676,383,254,17,24,355,679,378,782,769,568,460,19,162,16,899,308,968,495,325,73,75,515,831,997,577,913,958,283,574,456,862,639,466,658,777,739,27,249,292,477,265,819,247,858,228,696,655,876,294,22,210,89,661,148,485,196,682,917,134,524,882,67,494,866,497],0#7:[989,519,759,625,957,537,604,358,722,489,233,109,930,412,291,181,587,838,405,391,165,449,846,209,401,649,473,149,959,70,255,37,428,886,566,318,681,770,322,727,965,949,158,999,95,348,487,175,341,804,186,920,263,411,257,811,316,251,942,600,506,78,240,760,376,214,549,418,884,270,13,492,161,392,216,207,606,685,112,507,18,665,523,157,205,335,458,223,928,578,521,362,895,510,571,919,407,826,4,94],0#8:[560,481,499,323,93,843,877,763,389,397,564,32,386,364,667,453,440,640,633,227,369,642,416,452,81,827,820,863,370,311,450,52,912,342,540,267,721,106,122,396,992,533,730,384,105,266,347,190,864,850,39,339,188,403,525,189,812,87,732,483,5,597,699,953,442,893,861,385,332,790,359,590,504,962,375,114,170,851,123,301,615,602,711,786,918,508,718,599,221,654,111,475,484,329,279,277,349,956,187,65],0#9:[974,611,583,948,69,410,689,637,177,736,982,117,586,372,10,628,927,669,63,735,500,1,42,634,529,167,809,821,76,313,296,502,490,720,837,543,641,939,617,290,779,910,212,555,967,672,317,57,791,535,932,272,15,432,503,828,621,137,702,287,451,528,300,752,622,943,195,34,286,314,970,547,333,182,49,518,102,687,651,41,553,366,534,275,675,832,303,113,749,908,437,491,526,141,706,548,609,961,973,648]
PROCESS,1762385917.593,89039,100,738,80,744,419,357,644,422,923,929,603,208,345,256,145,854,488,713,90,469,800,441,108,404,338,68,575,741,700,705,728,747,194,925,569,855,58,462,901,261,398,755,871,459,632,647,580,954,235,280,922,618,573,293,538,178,516,680,981,229,353,84,607,668,559,870,686,282,522,438,160,74,733,938,969,200,757,517,754,979,295,423,118,337,985,947,215,924,54,880,737,847,643,765,446,284,897,874,99,139,926
FETCH,1762385917.612,89048,94,0.082
FETCH,1762385917.660,89046,877,0.098
FETCH,1762385917.685,89045,611,0.095
FETCH,1762385917.764,89045,583,0.078
FETCH,1762385917.764,89046,763,0.104
FETCH,1762385917.861,89046,389,0.097
FETCH,1762385917.861,89045,948,0.097
QUEUE,1762385917.888,89039,0#2:[911,356,388,281,511,120,115,29,367,307,206,9,319,185,808,91,836,815,479,154,126,909,455,363,424,278,567,43,243,321,883,304,717,231,550,818,776,328,350,849,201,368,935,107,273,331,409,631,245,783,448,888,169,612,30,542,646,813,241,395,119,678,902,360,645,614,532,799,712,527,657,581,429,562,793,0,677,156,28,768,762,588,570,501,944,584,274,887,101,71,464,77,940,937,512,352,693,92,394,259],0#3:[868,798,164,244,829,684,796,444,354,775,330,382,62,878,842,344,745,336,44,163,890,936,153,219,213,591,12,56,133,572,305,955,785,334,288,326,225,707,576,380,998,803,420,299,447,875,788,872,402,536,761,312,204,217,48,695,496,14,833,616,659,379,176,539,173,666,556,546,983,691,159,50,8,541,298,365,198,60,361,289,975,905,817,748,565,734,237,774,894,988,825,20,480,271,476,834,530,780,986,183],0#4:[140,393,202,725,743,124,951,59,823,716,766,688,690,472,64,234,873,719,585,461,40,977,601,478,589,694,915,132,72,138,121,46,482,184,53,715,33,966,794,26,415,509,772,374,431,742,168,531,399,471,172,269,596,258,731,879,714,144,463,220,740,85,852,704,627,723,807,226,110,869,984,663,561,802,729,952,377,351,174,784,155,795,709,816,964,47,670,400,97,840,778,211,309,619,845,3,971,683,192,406],0#5:[738,80,744,419,357,644,422,923,929,603,208,345,256,145,854,488,713,90,469,800,441,108,404,338,68,575,741,700,705,728,747,194,925,569,855,58,462,901,261,398,755,871,459,632,647,580,954,235,280,922,618,573,293,538,178,516,680,981,229,353,84,607,668,559,870,686,282,522,438,160,74,733,938,969,200,757,517,754,979,295,423,118,337,985,947,215,924,54,880,737,847,643,765,446,284,897,874,99,139,926],0#6:[320,246,23,191,505,264,824,465,792,610,636,653,801,520,436,430,262,242,698,822,656,594,907,486,103,414,327,104,844,906,841,443,692,31,676,383,254,17,24,355,679,378,782,769,568,460,19,162,16,899,308,968,495,325,73,75,515,831,997,577,913,958,283,574,456,862,639,466,658,777,739,27,249,292,477,265,819,247,858,228,696,655,876,294,22,210,89,661,148,485,196,682,917,134,524,882,67,494,866,497],0#7:[989,519,759,625,957,537,604,358,722,489,233,109,930,412,291,181,587,838,405,391,165,449,846,209,401,649,473,149,959,70,255,37,428,886,566,318,681,770,322,727,965,949,158,999,95,348,487,175,341,804,186,920,263,411,257,811,316,251,942,600,506,78,240,760,376,214,549,418,884,270,13,492,161,392,216,207,606,685,112,507,18,665,523,157,205,335,458,223,928,578,521,362,895,510,571,919,407,826,4,94],0#8:[560,481,499,323,93,843,877,763,389,397,564,32,386,364,667,453,440,640,633,227,369,642,416,452,81,827,820,863,370,311,450,52,912,342,540,267,721,106,122,396,992,533,730,384,105,266,347,190,864,850,39,339,188,403,525,189,812,87,732,483,5,597,699,953,442,893,861,385,332,790,359,590,504,962,375,114,170,851,123,301,615,602,711,786,918,508,718,599,221,654,111,475,484,329,279,277,349,956,187,65],0#9:[974,611,583,948,69,410,689,637,177,736,982,117,586,372,10,628,927,669,63,735,500,1,42,634,529,167,809,821,76,313,296,502,490,720,837,543,641,939,617,290,779,910,212,555,967,672,317,57,791,535,932,272,15,432,503,828,621,137,702,287,451,528,300,752,622,943,195,34,286,314,970,547,333,182,49,518,102,687,651,41,553,366,534,275,675,832,303,113,749,908,437,491,526,141,706,548,609,961,973,648],1#0:[959,706,242,235,826,700,385,211,379,320,257,471,217,372,769,728,281,162,297,220,684,1,527,819,542,305,314,311,770,798,932,475,225,905,919,535,82,354,896,304,469,996,878,402,986,485,931,291,824,481,632,965,398,47,306,522,771,123,692,187,261,978,598,37,651,432,382,640,466,326,266,436,483,179,194,234,428,452,168,666,991,870,897,122,221,555,472,171,953,336,78,614,70,861,335,678,146,761,664,399],1#1:[435,440,929,218,577,704,107,979,44,108,127,797,403,710,660,387,158,120,24,595,89,296,334,268,876,332,362,811,455,835,104,151,156,188,508,29,944,316,792,589,184,758,449,937,197,164,299,576,480,359,689,486,619,794,829,478,227,538,135,586,747,557,341,970,800,993,65,722,940,474,926,507,327,712,990,807,724,775,923,788,490,727,680,597,489,325,364,620,743,812,465,855,0,43,38,544,267,60,582,439],1#2:[503,864,476,142,248,383,821,774,755,66,273,648,938,633,2,908,572,872,110,190,254,487,35,177,910,960,711,41,477,129,36,95,430,253,460,658,787,444,920,862,685,732,30,131,298,676,641,52,119,584,64,246,84,773,823,952,866,441,974,377,58,559,210,605,68,352,523,417,548,863,795,134,947,556,599,746,699,822,322,260,63,353,321,927,751,884,854,404,796,102,591,656,437,880,239,554,519,856,421,3],1#3:[424,491,413,865,22,228,116,468,981,738,570,581,270,451,672,621,882,686,153,470,143,249,675,791,895,615,324,592,646,355,319,561,936,25,163,907,957,793,925,520,300,906,295,181,98,909,186,339,997,391,512,269,378,213,545,735,206,601,93,202,494,971,442,868,731,806,301,999,528,279,105,349,547,551,918,966,849,154,71,552,14,271,333,850,141,963,529,488,367,580,411,493,716,303,215,549,760,593,204,892],1#4:[956,655,55,832,389,726,874,222,240,802,801,914,841,193,342,976,272,284,216,955,149,713,588,677,101,924,148,59,526,502,137,662,748,111,144,558,138,949,705,21,438,674,315,375,877,567,883,231,263,977,939,289,369,130,125,401,596,422,679,587,166,232,515,208,75,464,87,894,650,741,506,445,412,645,214,74,11,5,100,720,820,292,26,982,948,814,663,789,32,6,205,505,518,846,869,414,843,23,275,530],1#5:[562,20,715,933,473,695,103,719,479,346,899,842,88,161,233,992,114,643,150,457,450,707,97,583,224,941,9,173,69,845,890,573,733,697,307,94,446,278,169,803,917,293,987,901,388,736,786,309,496,612,550,604,594,345,673,541,330,302,10,331,241,152,696,602,419,514,916,810,785,701,783,517,753,546,42,564,288,386,57,754,282,606,19,682,778,536,638,858,96,954,245,980,425,374,950,799,397,623,739,126],1#6:[553,76,237,165,898,384,147,198,329,159,961,461,17,172,709,433,286,840,714,984,133,280,568,729,579,834,128,410,833,283,313,136,409,781,718,852,537,418,730,911,243,839,625,328,885,649,229,357,192,155,617,406,578,139,262,934,969,83,725,745,431,742,836,308,34,635,510,39,124,183,825,935,4,767,86,574,838,454,902,847,958,99,351,18,721,368,77,118,968,609,219,236,140,376,7,893,178,358,226,691],1#7:[616,373,176,448,209,195,115,871,764,80,565,366,117,844,174,395,659,723,611,816,79,571,683,610,967,344,521,356,504,252,809,790,337,238,40,624,688,837,274,200,132,782,637,405,407,258,347,360,33,654,294,983,396,740,207,994,859,393,427,50,693,459,669,848,456,539,780,196,361,657,830,92,985,772,310,777,759,734,613,394,462,634,973,891,881,370,434,500,256,363,415,495,447,426,287,420,380,631,467,805],1#8:[915,499,48,312,644,365,765,639,879,757,784,737,121,817,259,762,607,608,964,665,627,860,371,569,827,323,492,290,913,903,45,653,484,776,112,497,285,667,945,744,867,72,951,408,995,62,423,90,251,113,264,513,318,390,600,752,247,8,661,750,922,943,250,51,585,671,749,851,255,53,904,185,203,453,853,975,873,717,145,392,31,170,13,566,690,61,702,889,277,818,533,509,622,106,16,524,160,921,532,167],1#9:[575,647,668,276,681,652,813,85,804,317,191,766,525,189,12,946,201,815,381,962,590,636,831,888,828,626,91,989,28,429,534,942,998,928,930,498,886,763,687,642,560,109,618,875,912,54,338,540,212,56,230,49,400,698,972,887,629,348,563,157,603,343,670,265,694,988,199,350,223,543,516,458,531,900,628,482,756,808,779,630,768,703,27,463,244,175,340,73,46,81,443,501,708,857,180,511,15,182,416,67]
PROCESS,1762385917.888,89039,100,320,246,23,191,505,264,824,465,792,610,636,653,801,520,436,430,262,242,698,822,656,594,907,486,103,414,327,104,844,906,841,443,692,31,676,383,254,17,24,355,679,378,782,769,568,460,19,162,16,899,308,968,495,325,73,75,515,831,997,577,913,958,283,574,456,862,639,466,658,777,739,27,249,292,477,265,819,247,858,228,696,655,876,294,22,210,89,661,148,485,196,682,917,134,524,882,67,494,866,497
FETCH,1762385917.950,89046,397,0.089
FETCH,1762385917.967,89045,69,0.106
FETCH,1762385918.045,89045,410,0.078
FETCH,1762385918.083,89046,564,0.133
FETCH,1762385918.157,89045,689,0.111
FETCH,1762385918.163,89046,32,0.080
FETCH,1762385918.163,89047,959,0.276
FETCH,1762385918.164,89048,435,0.276
QUEUE,1762385918.177,89039,0#2:[911,356,388,281,511,120,115,29,367,307,206,9,319,185,808,91,836,815,479,154,126,909,455,363,424,278,567,43,243,321,883,304,717,231,550,818,776,328,350,849,201,368,935,107,273,331,409,631,245,783,448,888,169,612,30,542,646,813,241,395,119,678,902,360,645,614,532,799,712,527,657,581,429,562,793,0,677,156,28,768,762,588,570,501,944,584,274,887,101,71,464,77,940,937,512,352,693,92,394,259],0#3:[868,798,164,244,829,684,796,444,354,775,330,382,62,878,842,344,745,336,44,163,890,936,153,219,213,591,12,56,133,572,305,955,785,334,288,326,225,707,576,380,998,803,420,299,447,875,788,872,402,536,761,312,204,217,48,695,496,14,833,616,659,379,176,539,173,666,556,546,983,691,159,50,8,541,298,365,198,60,361,289,975,905,817,748,565,734,237,774,894,988,825,20,480,271,476,834,530,780,986,183],0#4:[140,393,202,725,743,124,951,59,823,716,766,688,690,472,64,234,873,719,585,461,40,977,601,478,589,694,915,132,72,138,121,46,482,184,53,715,33,966,794,26,415,509,772,374,431,742,168,531,399,471,172,269,596,258,731,879,714,144,463,220,740,85,852,704,627,723,807,226,110,869,984,663,561,802,729,952,377,351,174,784,155,795,709,816,964,47,670,400,97,840,778,211,309,619,845,3,971,683,192,406],0#5:[738,80,744,419,357,644,422,923,929,603,208,345,256,145,854,488,713,90,469,800,441,108,404,338,68,575,741,700,705,728,747,194,925,569,855,58,462,901,261,398,755,871,459,632,647,580,954,235,280,922,618,573,293,538,178,516,680,981,229,353,84,607,668,559,870,686,282,522,438,160,74,733,938,969,200,757,517,754,979,295,423,118,337,985,947,215,924,54,880,737,847,643,765,446,284,897,874,99,139,926],0#6:[320,246,23,191,505,264,824,465,792,610,636,653,801,520,436,430,262,242,698,822,656,594,907,486,103,414,327,104,844,906,841,443,692,31,676,383,254,17,24,355,679,378,782,769,568,460,19,162,16,899,308,968,495,325,73,75,515,831,997,577,913,958,283,574,456,862,639,466,658,777,739,27,249,292,477,265,819,247,858,228,696,655,876,294,22,210,89,661,148,485,196,682,917,134,524,882,67,494,866,497],0#7:[989,519,759,625,957,537,604,358,722,489,233,109,930,412,291,181,587,838,405,391,165,449,846,209,401,649,473,149,959,70,255,37,428,886,566,318,681,770,322,727,965,949,158,999,95,348,487,175,341,804,186,920,263,411,257,811,316,251,942,600,506,78,240,760,376,214,549,418,884,270,13,492,161,392,216,207,606,685,112,507,18,665,523,157,205,335,458,223,928,578,521,362,895,510,571,919,407,826,4,94],0#8:[560,481,499,323,93,843,877,763,389,397,564,32,386,364,667,453,440,640,633,227,369,642,416,452,81,827,820,863,370,311,450,52,912,342,540,267,721,106,122,396,992,533,730,384,105,266,347,190,864,850,39,339,188,403,525,189,812,87,732,483,5,597,699,953,442,893,861,385,332,790,359,590,504,962,375,114,170,851,123,301,615,602,711,786,918,508,718,599,221,654,111,475,484,329,279,277,349,956,187,65],0#9:[974,611,583,948,69,410,689,637,177,736,982,117,586,372,10,628,927,669,63,735,500,1,42,634,529,167,809,821,76,313,296,502,490,720,837,543,641,939,617,290,779,910,212,555,967,672,317,57,791,535,932,272,15,432,503,828,621,137,702,287,451,528,300,752,622,943,195,34,286,314,970,547,333,182,49,518,102,687,651,41,553,366,534,275,675,832,303,113,749,908,437,491,526,141,706,548,609,961,973,648],1#0:[959,706,242,235,826,700,385,211,379,320,257,471,217,372,769,728,281,162,297,220,684,1,527,819,542,305,314,311,770,798,932,475,225,905,919,535,82,354,896,304,469,996,878,402,986,485,931,291,824,481,632,965,398,47,306,522,771,123,692,187,261,978,598,37,651,432,382,640,466,326,266,436,483,179,194,234,428,452,168,666,991,870,897,122,221,555,472,171,953,336,78,614,70,861,335,678,146,761,664,399],1#1:[435,440,929,218,577,704,107,979,44,108,127,797,403,710,660,387,158,120,24,595,89,296,334,268,876,332,362,811,455,835,104,151,156,188,508,29,944,316,792,589,184,758,449,937,197,164,299,576,480,359,689,486,619,794,829,478,227,538,135,586,747,557,341,970,800,993,65,722,940,474,926,507,327,712,990,807,724,775,923,788,490,727,680,597,489,325,364,620,743,812,465,855,0,43,38,544,267,60,582,439],1#2:[503,864,476,142,248,383,821,774,755,66,273,648,938,633,2,908,572,872,110,190,254,487,35,177,910,960,711,41,477,129,36,95,430,253,460,658,787,444,920,862,685,732,30,131,298,676,641,52,119,584,64,246,84,773,823,952,866,441,974,377,58,559,210,605,68,352,523,417,548,863,795,134,947,556,599,746,699,822,322,260,63,353,321,927,751,884,854,404,796,102,591,656,437,880,239,554,519,856,421,3],1#3:[424,491,413,865,22,228,116,468,981,738,570,581,270,451,672,621,882,686,153,470,143,249,675,791,895,615,324,592,646,355,319,561,936,25,163,907,957,793,925,520,300,906,295,181,98,909,186,339,997,391,512,269,378,213,545,735,206,601,93,202,494,971,442,868,731,806,301,999,528,279,105,349,547,551,918,966,849,154,71,552,14,271,333,850,141,963,529,488,367,580,411,493,716,303,215,549,760,593,204,892],1#4:[956,655,55,832,389,726,874,222,240,802,801,914,841,193,342,976,272,284,216,955,149,713,588,677,101,924,148,59,526,502,137,662,748,111,144,558,138,949,705,21,438,674,315,375,877,567,883,231,263,977,939,289,369,130,125,401,596,422,679,587,166,232,515,208,75,464,87,894,650,741,506,445,412,645,214,74,11,5,100,720,820,292,26,982,948,814,663,789,32,6,205,505,518,846,869,414,843,23,275,530],1#5:[562,20,715,933,473,695,103,719,479,346,899,842,88,161,233,992,114,643,150,457,450,707,97,583,224,941,9,173,69,845,890,573,733,697,307,94,446,278,169,803,917,293,987,901,388,736,786,309,496,612,550,604,594,345,673,541,330,302,10,331,241,152,696,602,419,514,916,810,785,701,783,517,753,546,42,564,288,386,57,754,282,606,19,682,778,536,638,858,96,954,245,980,425,374,950,799,397,623,739,126],1#6:[553,76,237,165,898,384,147,198,329,159,961,461,17,172,709,433,286,840,714,984,133,280,568,729,579,834,128,410,833,283,313,136,409,781,718,852,537,418,730,911,243,839,625,328,885,649,229,357,192,155,617,406,578,139,262,934,969,83,725,745,431,742,836,308,34,635,510,39,124,183,825,935,4,767,86,574,838,454,902,847,958,99,351,18,721,368,77,118,968,609,219,236,140,376,7,893,178,358,226,691],1#7:[616,373,176,448,209,195,115,871,764,80,565,366,117,844,174,395,659,723,611,816,79,571,683,610,967,344,521,356,504,252,809,790,337,238,40,624,688,837,274,200,132,782,637,405,407,258,347,360,33,654,294,983,396,740,207,994,859,393,427,50,693,459,669,848,456,539,780,196,361,657,830,92,985,772,310,777,759,734,613,394,462,634,973,891,881,370,434,500,256,363,415,495,447,426,287,420,380,631,467,805],1#8:[915,499,48,312,644,365,765,639,879,757,784,737,121,817,259,762,607,608,964,665,627,860,371,569,827,323,492,290,913,903,45,653,484,776,112,497,285,667,945,744,867,72,951,408,995,62,423,90,251,113,264,513,318,390,600,752,247,8,661,750,922,943,250,51,585,671,749,851,255,53,904,185,203,453,853,975,873,717,145,392,31,170,13,566,690,61,702,889,277,818,533,509,622,106,16,524,160,921,532,167],1#9:[575,647,668,276,681,652,813,85,804,317,191,766,525,189,12,946,201,815,381,962,590,636,831,888,828,626,91,989,28,429,534,942,998,928,930,498,886,763,687,642,560,109,618,875,912,54,338,540,212,56,230,49,400,698,972,887,629,348,563,157,603,343,670,265,694,988,199,350,223,543,516,458,531,900,628,482,756,808,779,630,768,703,27,463,244,175,340,73,46,81,443,501,708,857,180,511,15,182,416,67]
PROCESS,1762385918.177,89039,100,989,519,759,625,957,537,604,358,722,489,233,109,930,412,291,181,587,838,405,391,165,449,846,209,401,649,473,149,959,70,255,37,428,886,566,318,681,770,322,727,965,949,158,999,95,348,487,175,341,804,186,920,263,411,257,811,316,251,942,600,506,78,240,760,376,214,549,418,884,270,13,492,161,392,216,207,606,685,112,507,18,665,523,157,205,335,458,223,928,578,521,362,895,510,571,919,407,826,4,94
FETCH,1762385918.253,89047,706,0.090
FETCH,1762385918.253,89048,440,0.089
FETCH,1762385918.253,89045,637,0.096
FETCH,1762385918.283,89046,386,0.120
FETCH,1762385918.334,89045,177,0.080
FETCH,1762385918.335,89048,929,0.082
FETCH,1762385918.336,89047,242,0.082
FETCH,1762385918.356,89046,364,0.072
FETCH,1762385918.413,89047,235,0.077
FETCH,1762385918.413,89048,218,0.078
FETCH,1762385918.425,89045,736,0.091
FETCH,1762385918.432,89046,667,0.076
FETCH,1762385918.487,89047,826,0.074
FETCH,1762385918.497,89048,577,0.084
FETCH,1762385918.509,89045,982,0.083
FETCH,1762385918.531,89046,453,0.099
FETCH,1762385918.559,89047,700,0.071
FETCH,1762385918.580,89048,704,0.082
FETCH,1762385918.599,89045,117,0.090
FETCH,1762385918.624,89046,440,0.092
FETCH,1762385918.649,89047,385,0.090
FETCH,1762385918.698,89048,107,0.118
FETCH,1762385918.710,89045,586,0.111
FETCH,1762385918.710,89046,640,0.086
FETCH,1762385918.726,89047,211,0.077
FETCH,1762385918.783,89048,979,0.084
FETCH,1762385918.802,89045,372,0.092
FETCH,1762385918.802,89046,633,0.092
FETCH,1762385918.807,89047,379,0.080
FETCH,1762385918.861,89048,44,0.078
FETCH,1762385918.873,89045,10,0.070
FETCH,1762385918.873,89046,227,0.070
FETCH,1762385918.914,89047,320,0.107
FETCH,1762385918.944,89048,108,0.083
FETCH,1762385918.979,89046,369,0.106
FETCH,1762385918.984,89045,628,0.111
FETCH,1762385919.016,89047,257,0.102
FETCH,1762385919.021,89048,127,0.077
FETCH,1762385919.043,89046,642,0.064
FETCH,1762385919.056,89045,927,0.071
FETCH,1762385919.087,89047,471,0.071
FETCH,1762385919.092,89048,797,0.071
FETCH,1762385919.135,89045,669,0.079
FETCH,1762385919.140,89046,416,0.096
FETCH,1762385919.178,89047,217,0.091
FETCH,1762385919.178,89048,403,0.086
FETCH,1762385919.219,89045,63,0.083
FETCH,1762385919.241,89046,452,0.101
FETCH,1762385919.256,89048,710,0.078
FETCH,1762385919.260,89047,372,0.081
FETCH,1762385919.309,89045,735,0.090
FETCH,1762385919.333,89046,81,0.092
FETCH,1762385919.337,89048,660,0.081
FETCH,1762385919.337,89047,769,0.077
FETCH,1762385919.389,89045,500,0.079
FETCH,1762385919.407,89047,728,0.070
FETCH,1762385919.407,89048,387,0.070
FETCH,1762385919.408,89046,827,0.074
FETCH,1762385919.455,89045,1,0.065
FETCH,1762385919.519,89048,158,0.111
FETCH,1762385919.519,89047,281,0.111
FETCH,1762385919.529,89046,820,0.121
FETCH,1762385919.529,89045,42,0.074
FETCH,1762385919.592,89048,120,0.073
FETCH,1762385919.602,89045,634,0.072
FETCH,1762385919.608,89046,863,0.079
FETCH,1762385919.608,89047,162,0.089
FETCH,1762385919.665,89048,24,0.072
FETCH,1762385919.695,89045,529,0.090
FETCH,1762385919.697,89047,297,0.089
FETCH,1762385919.732,89046,370,0.124
FETCH,1762385919.767,89048,595,0.084
FETCH,1762385919.775,89047,220,0.076
FETCH,1762385919.804,89045,167,0.108
FETCH,1762385919.823,89046,311,0.090
FETCH,1762385919.850,89047,684,0.074
FETCH,1762385919.850,89048,89,0.083
FETCH,1762385919.885,89045,809,0.081
FETCH,1762385919.901,89046,450,0.078
FETCH,1762385919.932,89047,1,0.082
FETCH,1762385919.945,89048,296,0.094
FETCH,1762385919.978,89045,821,0.093
FETCH,1762385919.987,89046,52,0.086
FETCH,1762385919.997,89047,527,0.065
FETCH,1762385920.015,89048,334,0.070
FETCH,1762385920.050,89045,76,0.071
FETCH,1762385920.052,89046,912,0.065
FETCH,1762385920.061,89047,819,0.064
FETCH,1762385920.102,89048,268,0.087
FETCH,1762385920.111,89045,313,0.061
FETCH,1762385920.119,89046,342,0.067
FETCH,1762385920.152,89047,542,0.091
FETCH,1762385920.175,89045,296,0.063
FETCH,1762385920.183,89048,876,0.081
FETCH,1762385920.183,89046,540,0.064
FETCH,1762385920.222,89047,305,0.070
FETCH,1762385920.237,89045,502,0.062
FETCH,1762385920.255,89048,332,0.072
FETCH,1762385920.255,89046,267,0.072
FETCH,1762385920.305,89047,314,0.082
FETCH,1762385920.317,89045,490,0.080
FETCH,1762385920.329,89046,721,0.073
FETCH,1762385920.329,89048,362,0.074
FETCH,1762385920.367,89047,311,0.062
FETCH,1762385920.385,89045,720,0.068
FETCH,1762385920.415,89046,106,0.086
FETCH,1762385920.415,89048,811,0.086
FETCH,1762385920.434,89047,770,0.067
FETCH,1762385920.454,89045,837,0.068
FETCH,1762385920.484,89046,122,0.069
FETCH,1762385920.484,89048,455,0.069
FETCH,1762385920.536,89047,798,0.102
FETCH,1762385920.551,89048,835,0.067
FETCH,1762385920.553,89046,396,0.069
FETCH,1762385920.558,89045,543,0.104
FETCH,1762385920.604,89047,932,0.068
FETCH,1762385920.620,89046,992,0.066
FETCH,1762385920.620,89048,104,0.068
FETCH,1762385920.635,89045,641,0.077
FETCH,1762385920.687,89047,475,0.083
FETCH,1762385920.687,89046,533,0.067
FETCH,1762385920.714,89045,939,0.079
FETCH,1762385920.735,89048,151,0.115
FETCH,1762385920.757,89047,225,0.069
FETCH,1762385920.770,89046,730,0.082
FETCH,1762385920.787,89045,617,0.073
FETCH,1762385920.796,89048,156,0.061
FETCH,1762385920.818,89047,905,0.061
FETCH,1762385920.839,89046,384,0.069
FETCH,1762385920.858,89045,290,0.071
FETCH,1762385920.886,89047,919,0.068
FETCH,1762385920.909,89048,188,0.112
FETCH,1762385920.926,89046,105,0.087
FETCH,1762385920.927,89045,779,0.069
FETCH,1762385920.945,89047,535,0.058
FETCH,1762385920.982,89048,508,0.073
FETCH,1762385920.993,89046,266,0.066
FETCH,1762385920.994,89045,910,0.066
FETCH,1762385921.013,89047,82,0.067
FETCH,1762385921.050,89048,29,0.068
FETCH,1762385921.056,89045,212,0.062
FETCH,1762385921.063,89046,347,0.070
FETCH,1762385921.085,89047,354,0.072
FETCH,1762385921.129,89048,944,0.079
FETCH,1762385921.129,89045,555,0.073
FETCH,1762385921.147,89046,190,0.083
FETCH,1762385921.149,89047,896,0.064
FETCH,1762385921.205,89045,967,0.076
FETCH,1762385921.208,89048,316,0.078
FETCH,1762385921.221,89047,304,0.071
FETCH,1762385921.221,89046,864,0.074
FETCH,1762385921.292,89045,672,0.087
FETCH,1762385921.296,89047,469,0.075
FETCH,1762385921.296,89046,850,0.075
FETCH,1762385921.296,89048,792,0.088
FETCH,1762385921.377,89047,996,0.081
FETCH,1762385921.377,89046,39,0.081
FETCH,1762385921.377,89045,317,0.085
FETCH,1762385921.378,89048,589,0.082
FETCH,1762385921.473,89047,878,0.095
FETCH,1762385921.473,89046,339,0.095
FETCH,1762385921.473,89045,57,0.095
FETCH,1762385921.473,89048,184,0.095
FETCH,1762385921.550,89045,791,0.077
FETCH,1762385921.550,89048,758,0.077
FETCH,1762385921.552,89046,188,0.080
FETCH,1762385921.567,89047,402,0.094
FETCH,1762385921.636,89045,535,0.086
FETCH,1762385921.636,89048,449,0.086
FETCH,1762385921.666,89046,403,0.114
FETCH,1762385921.679,89047,986,0.112
FETCH,1762385921.742,89048,937,0.105
FETCH,1762385921.742,89045,932,0.105
FETCH,1762385921.779,89046,525,0.113
FETCH,1762385921.779,89047,485,0.099
FETCH,1762385921.817,89048,197,0.075
FETCH,1762385921.817,89045,272,0.075
FETCH,1762385921.855,89046,189,0.076
FETCH,1762385921.855,89047,931,0.076
FETCH,1762385921.910,89045,15,0.093
FETCH,1762385921.920,89048,164,0.103
FETCH,1762385921.966,89046,812,0.111
FETCH,1762385921.987,89047,291,0.131
FETCH,1762385921.991,89045,432,0.080
FETCH,1762385922.013,89048,299,0.092
FETCH,1762385922.115,89047,824,0.128
FETCH,1762385922.115,89046,87,0.149
FETCH,1762385922.115,89045,503,0.124
FETCH,1762385922.144,89048,576,0.131
FETCH,1762385922.208,89047,481,0.093
FETCH,1762385922.208,89045,828,0.092
FETCH,1762385922.211,89046,732,0.095
FETCH,1762385922.229,89048,480,0.084
FETCH,1762385922.326,89046,483,0.115
FETCH,1762385922.326,89045,621,0.117
FETCH,1762385922.326,89047,632,0.117
FETCH,1762385922.340,89048,359,0.111
FETCH,1762385922.491,89045,137,0.164
FETCH,1762385922.491,89047,965,0.164
FETCH,1762385922.492,89046,5,0.165
FETCH,1762385922.493,89048,689,0.153
FETCH,1762385922.578,89046,597,0.086
FETCH,1762385922.578,89048,486,0.085
FETCH,1762385922.584,89047,398,0.092
FETCH,1762385922.590,89045,702,0.098
FETCH,1762385922.670,89048,619,0.091
FETCH,1762385922.670,89046,699,0.091
FETCH,1762385922.670,89047,47,0.085
FETCH,1762385922.708,89045,287,0.118
FETCH,1762385922.756,89046,953,0.086
FETCH,1762385922.756,89048,794,0.086
FETCH,1762385922.756,89047,306,0.086
FETCH,1762385922.820,89045,451,0.111
FETCH,1762385922.848,89048,829,0.092
FETCH,1762385922.848,89047,522,0.092
FETCH,1762385922.893,89046,442,0.137
FETCH,1762385922.953,89045,528,0.132
FETCH,1762385922.953,89047,771,0.104
FETCH,1762385922.953,89048,478,0.104
FETCH,1762385923.005,89046,893,0.112
FETCH,1762385923.103,89048,227,0.150
FETCH,1762385923.103,89047,123,0.150
FETCH,1762385923.103,89045,300,0.150
FETCH,1762385923.119,89046,861,0.113
FETCH,1762385923.196,89045,752,0.093
FETCH,1762385923.196,89048,538,0.093
FETCH,1762385923.200,89046,385,0.080
FETCH,1762385923.228,89047,692,0.124
FETCH,1762385923.305,89045,622,0.109
FETCH,1762385923.306,89048,135,0.110
FETCH,1762385923.306,89046,332,0.106
FETCH,1762385923.332,89047,187,0.103
FETCH,1762385923.381,89045,943,0.076
FETCH,1762385923.409,89048,586,0.102
FETCH,1762385923.409,89047,261,0.077
FETCH,1762385923.442,89046,790,0.135
FETCH,1762385923.495,89047,978,0.086
FETCH,1762385923.495,89045,195,0.113
FETCH,1762385923.501,89048,747,0.092
FETCH,1762385923.524,89046,359,0.082
FETCH,1762385923.615,89047,598,0.120
FETCH,1762385923.616,89045,34,0.120
FETCH,1762385923.616,89048,557,0.115
FETCH,1762385923.647,89046,590,0.123
FETCH,1762385923.705,89047,37,0.090
FETCH,1762385923.706,89048,341,0.089
FETCH,1762385923.725,89045,286,0.108
FETCH,1762385923.751,89046,504,0.103
FETCH,1762385923.786,89047,651,0.081
FETCH,1762385923.801,89048,970,0.095
FETCH,1762385923.808,89045,314,0.083
FETCH,1762385923.834,89046,962,0.082
FETCH,1762385923.866,89047,432,0.079
FETCH,1762385923.875,89048,800,0.074
FETCH,1762385923.905,89045,970,0.097
FETCH,1762385923.944,89046,375,0.110
FETCH,1762385923.945,89047,382,0.079
FETCH,1762385923.959,89048,993,0.083
FETCH,1762385924.024,89045,547,0.118
FETCH,1762385924.029,89046,114,0.084
FETCH,1762385924.034,89047,640,0.088
FETCH,1762385924.042,89048,65,0.083
FETCH,1762385924.109,89045,333,0.084
FETCH,1762385924.141,89048,722,0.099
FETCH,1762385924.141,89047,466,0.106
FETCH,1762385924.154,89046,170,0.124
FETCH,1762385924.208,89045,182,0.099
FETCH,1762385924.227,89048,940,0.086
FETCH,1762385924.227,89046,851,0.073
FETCH,1762385924.227,89047,326,0.086
FETCH,1762385924.366,89045,49,0.158
FETCH,1762385924.366,89048,474,0.139
FETCH,1762385924.367,89047,266,0.139
FETCH,1762385924.367,89046,123,0.139
FETCH,1762385924.487,89047,436,0.120
FETCH,1762385924.488,89048,926,0.121
FETCH,1762385924.488,89045,518,0.122
FETCH,1762385924.510,89046,301,0.143
FETCH,1762385924.577,89048,507,0.089
FETCH,1762385924.578,89047,483,0.090
FETCH,1762385924.578,89045,102,0.089
FETCH,1762385924.592,89046,615,0.082
FETCH,1762385924.652,89045,687,0.074
FETCH,1762385924.652,89047,179,0.074
FETCH,1762385924.659,89048,327,0.081
FETCH,1762385924.683,89046,602,0.091
FETCH,1762385924.742,89045,651,0.089
FETCH,1762385924.745,89048,712,0.086
FETCH,1762385924.758,89046,711,0.074
FETCH,1762385924.801,89047,194,0.147
FETCH,1762385924.834,89048,990,0.088
FETCH,1762385924.846,89046,786,0.088
FETCH,1762385924.870,89045,41,0.128
FETCH,1762385924.879,89047,234,0.078
FETCH,1762385924.898,89048,807,0.063
FETCH,1762385924.927,89046,918,0.081
FETCH,1762385924.948,89045,553,0.077
FETCH,1762385924.951,89047,428,0.072
FETCH,1762385924.994,89048,724,0.096
FETCH,1762385925.018,89046,508,0.090
FETCH,1762385925.022,89047,452,0.071
FETCH,1762385925.028,89045,366,0.080
FETCH,1762385925.073,89048,775,0.078
FETCH,1762385925.095,89046,718,0.077
FETCH,1762385925.098,89047,168,0.075
FETCH,1762385925.114,89045,534,0.086
FETCH,1762385925.141,89048,923,0.068
FETCH,1762385925.170,89046,599,0.074
FETCH,1762385925.171,89047,666,0.072
FETCH,1762385925.190,89045,275,0.076
FETCH,1762385925.211,89048,788,0.069
FETCH,1762385925.244,89047,991,0.072
FETCH,1762385925.247,89046,221,0.076
FETCH,1762385925.267,89045,675,0.076
FETCH,1762385925.298,89048,490,0.086
FETCH,1762385925.320,89047,870,0.076
FETCH,1762385925.321,89046,654,0.073
FETCH,1762385925.341,89045,832,0.074
FETCH,1762385925.385,89048,727,0.087
FETCH,1762385925.416,89046,111,0.095
FETCH,1762385925.416,89047,897,0.096
FETCH,1762385925.455,89045,303,0.113
FETCH,1762385925.492,89048,680,0.106
FETCH,1762385925.516,89046,475,0.099
FETCH,1762385925.516,89047,122,0.099
FETCH,1762385925.535,89045,113,0.080
FETCH,1762385925.587,89047,221,0.070
FETCH,1762385925.587,89046,484,0.071
FETCH,1762385925.587,89048,597,0.094
FETCH,1762385925.629,89045,749,0.094
FETCH,1762385925.671,89047,555,0.084
FETCH,1762385925.686,89048,489,0.099
FETCH,1762385925.686,89046,329,0.099
FETCH,1762385925.709,89045,908,0.080
FETCH,1762385925.736,89047,472,0.065
FETCH,1762385925.790,89048,325,0.104
FETCH,1762385925.790,89046,279,0.104
FETCH,1762385925.814,89045,437,0.104
FETCH,1762385925.860,89047,171,0.124
FETCH,1762385925.875,89048,364,0.085
FETCH,1762385925.891,89046,277,0.100
FETCH,1762385925.935,89045,491,0.122
FETCH,1762385925.947,89047,953,0.086
FETCH,1762385925.960,89048,620,0.084
FETCH,1762385926.019,89046,349,0.128
FETCH,1762385926.041,89047,336,0.094
FETCH,1762385926.048,89048,743,0.088
FETCH,1762385926.064,89045,526,0.129
FETCH,1762385926.104,89046,956,0.084
FETCH,1762385926.124,89047,78,0.083
FETCH,1762385926.135,89048,812,0.088
FETCH,1762385926.166,89045,141,0.101
FETCH,1762385926.205,89046,187,0.101
FETCH,1762385926.211,89047,614,0.088
FETCH,1762385926.227,89048,465,0.091
FETCH,1762385926.291,89045,706,0.125
FETCH,1762385926.314,89046,65,0.109
QUEUE,1762385926.325,89039,0#2:[911,356,388,281,511,120,115,29,367,307,206,9,319,185,808,91,836,815,479,154,126,909,455,363,424,278,567,43,243,321,883,304,717,231,550,818,776,328,350,849,201,368,935,107,273,331,409,631,245,783,448,888,169,612,30,542,646,813,241,395,119,678,902,360,645,614,532,799,712,527,657,581,429,562,793,0,677,156,28,768,762,588,570,501,944,584,274,887,101,71,464,77,940,937,512,352,693,92,394,259],0#3:[868,798,164,244,829,684,796,444,354,775,330,382,62,878,842,344,745,336,44,163,890,936,153,219,213,591,12,56,133,572,305,955,785,334,288,326,225,707,576,380,998,803,420,299,447,875,788,872,402,536,761,312,204,217,48,695,496,14,833,616,659,379,176,539,173,666,556,546,983,691,159,50,8,541,298,365,198,60,361,289,975,905,817,748,565,734,237,774,894,988,825,20,480,271,476,834,530,780,986,183],0#4:[140,393,202,725,743,124,951,59,823,716,766,688,690,472,64,234,873,719,585,461,40,977,601,478,589,694,915,132,72,138,121,46,482,184,53,715,33,966,794,26,415,509,772,374,431,742,168,531,399,471,172,269,596,258,731,879,714,144,463,220,740,85,852,704,627,723,807,226,110,869,984,663,561,802,729,952,377,351,174,784,155,795,709,816,964,47,670,400,97,840,778,211,309,619,845,3,971,683,192,406],0#5:[738,80,744,419,357,644,422,923,929,603,208,345,256,145,854,488,713,90,469,800,441,108,404,338,68,575,741,700,705,728,747,194,925,569,855,58,462,901,261,398,755,871,459,632,647,580,954,235,280,922,618,573,293,538,178,516,680,981,229,353,84,607,668,559,870,686,282,522,438,160,74,733,938,969,200,757,517,754,979,295,423,118,337,985,947,215,924,54,880,737,847,643,765,446,284,897,874,99,139,926],0#6:[320,246,23,191,505,264,824,465,792,610,636,653,801,520,436,430,262,242,698,822,656,594,907,486,103,414,327,104,844,906,841,443,692,31,676,383,254,17,24,355,679,378,782,769,568,460,19,162,16,899,308,968,495,325,73,75,515,831,997,577,913,958,283,574,456,862,639,466,658,777,739,27,249,292,477,265,819,247,858,228,696,655,876,294,22,210,89,661,148,485,196,682,917,134,524,882,67,494,866,497],0#7:[989,519,759,625,957,537,604,358,722,489,233,109,930,412,291,181,587,838,405,391,165,449,846,209,401,649,473,149,959,70,255,37,428,886,566,318,681,770,322,727,965,949,158,999,95,348,487,175,341,804,186,920,263,411,257,811,316,251,942,600,506,78,240,760,376,214,549,418,884,270,13,492,161,392,216,207,606,685,112,507,18,665,523,157,205,335,458,223,928,578,521,362,895,510,571,919,407,826,4,94],0#8:[560,481,499,323,93,843,877,763,389,397,564,32,386,364,667,453,440,640,633,227,369,642,416,452,81,827,820,863,370,311,450,52,912,342,540,267,721,106,122,396,992,533,730,384,105,266,347,190,864,850,39,339,188,403,525,189,812,87,732,483,5,597,699,953,442,893,861,385,332,790,359,590,504,962,375,114,170,851,123,301,615,602,711,786,918,508,718,599,221,654,111,475,484,329,279,277,349,956,187,65],0#9:[974,611,583,948,69,410,689,637,177,736,982,117,586,372,10,628,927,669,63,735,500,1,42,634,529,167,809,821,76,313,296,502,490,720,837,543,641,939,617,290,779,910,212,555,967,672,317,57,791,535,932,272,15,432,503,828,621,137,702,287,451,528,300,752,622,943,195,34,286,314,970,547,333,182,49,518,102,687,651,41,553,366,534,275,675,832,303,113,749,908,437,491,526,141,706,548,609,961,973,648],1#0:[959,706,242,235,826,700,385,211,379,320,257,471,217,372,769,728,281,162,297,220,684,1,527,819,542,305,314,311,770,798,932,475,225,905,919,535,82,354,896,304,469,996,878,402,986,485,931,291,824,481,632,965,398,47,306,522,771,123,692,187,261,978,598,37,651,432,382,640,466,326,266,436,483,179,194,234,428,452,168,666,991,870,897,122,221,555,472,171,953,336,78,614,70,861,335,678,146,761,664,399],1#1:[435,440,929,218,577,704,107,979,44,108,127,797,403,710,660,387,158,120,24,595,89,296,334,268,876,332,362,811,455,835,104,151,156,188,508,29,944,316,792,589,184,758,449,937,197,164,299,576,480,359,689,486,619,794,829,478,227,538,135,586,747,557,341,970,800,993,65,722,940,474,926,507,327,712,990,807,724,775,923,788,490,727,680,597,489,325,364,620,743,812,465,855,0,43,38,544,267,60,582,439],1#2:[503,864,476,142,248,383,821,774,755,66,273,648,938,633,2,908,572,872,110,190,254,487,35,177,910,960,711,41,477,129,36,95,430,253,460,658,787,444,920,862,685,732,30,131,298,676,641,52,119,584,64,246,84,773,823,952,866,441,974,377,58,559,210,605,68,352,523,417,548,863,795,134,947,556,599,746,699,822,322,260,63,353,321,927,751,884,854,404,796,102,591,656,437,880,239,554,519,856,421,3],1#3:[424,491,413,865,22,228,116,468,981,738,570,581,270,451,672,621,882,686,153,470,143,249,675,791,895,615,324,592,646,355,319,561,936,25,163,907,957,793,925,520,300,906,295,181,98,909,186,339,997,391,512,269,378,213,545,735,206,601,93,202,494,971,442,868,731,806,301,999,528,279,105,349,547,551,918,966,849,154,71,552,14,271,333,850,141,963,529,488,367,580,411,493,716,303,215,549,760,593,204,892],1#4:[956,655,55,832,389,726,874,222,240,802,801,914,841,193,342,976,272,284,216,955,149,713,588,677,101,924,148,59,526,502,137,662,748,111,144,558,138,949,705,21,438,674,315,375,877,567,883,231,263,977,939,289,369,130,125,401,596,422,679,587,166,232,515,208,75,464,87,894,650,741,506,445,412,645,214,74,11,5,100,720,820,292,26,982,948,814,663,789,32,6,205,505,518,846,869,414,843,23,275,530],1#5:[562,20,715,933,473,695,103,719,479,346,899,842,88,161,233,992,114,643,150,457,450,707,97,583,224,941,9,173,69,845,890,573,733,697,307,94,446,278,169,803,917,293,987,901,388,736,786,309,496,612,550,604,594,345,673,541,330,302,10,331,241,152,696,602,419,514,916,810,785,701,783,517,753,546,42,564,288,386,57,754,282,606,19,682,778,536,638,858,96,954,245,980,425,374,950,799,397,623,739,126],1#6:[553,76,237,165,898,384,147,198,329,159,961,461,17,172,709,433,286,840,714,984,133,280,568,729,579,834,128,410,833,283,313,136,409,781,718,852,537,418,730,911,243,839,625,328,885,649,229,357,192,155,617,406,578,139,262,934,969,83,725,745,431,742,836,308,34,635,510,39,124,183,825,935,4,767,86,574,838,454,902,847,958,99,351,18,721,368,77,118,968,609,219,236,140,376,7,893,178,358,226,691],1#7:[616,373,176,448,209,195,115,871,764,80,565,366,117,844,174,395,659,723,611,816,79,571,683,610,967,344,521,356,504,252,809,790,337,238,40,624,688,837,274,200,132,782,637,405,407,258,347,360,33,654,294,983,396,740,207,994,859,393,427,50,693,459,669,848,456,539,780,196,361,657,830,92,985,772,310,777,759,734,613,394,462,634,973,891,881,370,434,500,256,363,415,495,447,426,287,420,380,631,467,805],1#8:[915,499,48,312,644,365,765,639,879,757,784,737,121,817,259,762,607,608,964,665,627,860,371,569,827,323,492,290,913,903,45,653,484,776,112,497,285,667,945,744,867,72,951,408,995,62,423,90,251,113,264,513,318,390,600,752,247,8,661,750,922,943,250,51,585,671,749,851,255,53,904,185,203,453,853,975,873,717,145,392,31,170,13,566,690,61,702,889,277,818,533,509,622,106,16,524,160,921,532,167],1#9:[575,647,668,276,681,652,813,85,804,317,191,766,525,189,12,946,201,815,381,962,590,636,831,888,828,626,91,989,28,429,534,942,998,928,930,498,886,763,687,642,560,109,618,875,912,54,338,540,212,56,230,49,400,698,972,887,629,348,563,157,603,343,670,265,694,988,199,350,223,543,516,458,531,900,628,482,756,808,779,630,768,703,27,463,244,175,340,73,46,81,443,501,708,857,180,511,15,182,416,67]
PROCESS,1762385926.326,89039,100,560,481,499,323,93,843,877,763,389,397,564,32,386,364,667,453,440,640,633,227,369,642,416,452,81,827,820,863,370,311,450,52,912,342,540,267,721,106,122,396,992,533,730,384,105,266,347,190,864,850,39,339,188,403,525,189,812,87,732,483,5,597,699,953,442,893,861,385,332,790,359,590,504,962,375,114,170,851,123,301,615,602,711,786,918,508,718,599,221,654,111,475,484,329,279,277,349,956,187,65
FETCH,1762385926.337,89048,855,0.109
FETCH,1762385926.337,89047,70,0.125
FETCH,1762385926.451,89045,548,0.159
FETCH,1762385926.451,89047,861,0.114
FETCH,1762385926.475,89048,0,0.138
FETCH,1762385926.548,89047,335,0.097
FETCH,1762385926.548,89045,609,0.097
FETCH,1762385926.561,89048,43,0.086
FETCH,1762385926.665,89047,678,0.117
FETCH,1762385926.665,89048,38,0.103
FETCH,1762385926.665,89045,961,0.117
FETCH,1762385926.665,89046,503,0.344
FETCH,1762385926.736,89047,146,0.071
FETCH,1762385926.738,89048,544,0.074
FETCH,1762385926.748,89046,864,0.082
FETCH,1762385926.754,89045,973,0.089
FETCH,1762385926.824,89047,761,0.087
FETCH,1762385926.824,89048,267,0.086
FETCH,1762385926.842,89046,476,0.094
FETCH,1762385926.858,89045,648,0.104
FETCH,1762385926.913,89047,664,0.089
FETCH,1762385926.913,89048,60,0.089
FETCH,1762385926.925,89046,142,0.083
FETCH,1762385926.995,89048,582,0.081
FETCH,1762385926.995,89047,399,0.082
FETCH,1762385927.001,89046,248,0.076
FETCH,1762385927.063,89048,439,0.068
FETCH,1762385927.069,89046,383,0.068
FETCH,1762385927.152,89045,424,0.275
FETCH,1762385927.169,89046,821,0.100
QUEUE,1762385927.179,89039,0#2:[911,356,388,281,511,120,115,29,367,307,206,9,319,185,808,91,836,815,479,154,126,909,455,363,424,278,567,43,243,321,883,304,717,231,550,818,776,328,350,849,201,368,935,107,273,331,409,631,245,783,448,888,169,612,30,542,646,813,241,395,119,678,902,360,645,614,532,799,712,527,657,581,429,562,793,0,677,156,28,768,762,588,570,501,944,584,274,887,101,71,464,77,940,937,512,352,693,92,394,259],0#3:[868,798,164,244,829,684,796,444,354,775,330,382,62,878,842,344,745,336,44,163,890,936,153,219,213,591,12,56,133,572,305,955,785,334,288,326,225,707,576,380,998,803,420,299,447,875,788,872,402,536,761,312,204,217,48,695,496,14,833,616,659,379,176,539,173,666,556,546,983,691,159,50,8,541,298,365,198,60,361,289,975,905,817,748,565,734,237,774,894,988,825,20,480,271,476,834,530,780,986,183],0#4:[140,393,202,725,743,124,951,59,823,716,766,688,690,472,64,234,873,719,585,461,40,977,601,478,589,694,915,132,72,138,121,46,482,184,53,715,33,966,794,26,415,509,772,374,431,742,168,531,399,471,172,269,596,258,731,879,714,144,463,220,740,85,852,704,627,723,807,226,110,869,984,663,561,802,729,952,377,351,174,784,155,795,709,816,964,47,670,400,97,840,778,211,309,619,845,3,971,683,192,406],0#5:[738,80,744,419,357,644,422,923,929,603,208,345,256,145,854,488,713,90,469,800,441,108,404,338,68,575,741,700,705,728,747,194,925,569,855,58,462,901,261,398,755,871,459,632,647,580,954,235,280,922,618,573,293,538,178,516,680,981,229,353,84,607,668,559,870,686,282,522,438,160,74,733,938,969,200,757,517,754,979,295,423,118,337,985,947,215,924,54,880,737,847,643,765,446,284,897,874,99,139,926],0#6:[320,246,23,191,505,264,824,465,792,610,636,653,801,520,436,430,262,242,698,822,656,594,907,486,103,414,327,104,844,906,841,443,692,31,676,383,254,17,24,355,679,378,782,769,568,460,19,162,16,899,308,968,495,325,73,75,515,831,997,577,913,958,283,574,456,862,639,466,658,777,739,27,249,292,477,265,819,247,858,228,696,655,876,294,22,210,89,661,148,485,196,682,917,134,524,882,67,494,866,497],0#7:[989,519,759,625,957,537,604,358,722,489,233,109,930,412,291,181,587,838,405,391,165,449,846,209,401,649,473,149,959,70,255,37,428,886,566,318,681,770,322,727,965,949,158,999,95,348,487,175,341,804,186,920,263,411,257,811,316,251,942,600,506,78,240,760,376,214,549,418,884,270,13,492,161,392,216,207,606,685,112,507,18,665,523,157,205,335,458,223,928,578,521,362,895,510,571,919,407,826,4,94],0#8:[560,481,499,323,93,843,877,763,389,397,564,32,386,364,667,453,440,640,633,227,369,642,416,452,81,827,820,863,370,311,450,52,912,342,540,267,721,106,122,396,992,533,730,384,105,266,347,190,864,850,39,339,188,403,525,189,812,87,732,483,5,597,699,953,442,893,861,385,332,790,359,590,504,962,375,114,170,851,123,301,615,602,711,786,918,508,718,599,221,654,111,475,484,329,279,277,349,956,187,65],0#9:[974,611,583,948,69,410,689,637,177,736,982,117,586,372,10,628,927,669,63,735,500,1,42,634,529,167,809,821,76,313,296,502,490,720,837,543,641,939,617,290,779,910,212,555,967,672,317,57,791,535,932,272,15,432,503,828,621,137,702,287,451,528,300,752,622,943,195,34,286,314,970,547,333,182,49,518,102,687,651,41,553,366,534,275,675,832,303,113,749,908,437,491,526,141,706,548,609,961,973,648],1#0:[959,706,242,235,826,700,385,211,379,320,257,471,217,372,769,728,281,162,297,220,684,1,527,819,542,305,314,311,770,798,932,475,225,905,919,535,82,354,896,304,469,996,878,402,986,485,931,291,824,481,632,965,398,47,306,522,771,123,692,187,261,978,598,37,651,432,382,640,466,326,266,436,483,179,194,234,428,452,168,666,991,870,897,122,221,555,472,171,953,336,78,614,70,861,335,678,146,761,664,399],1#1:[435,440,929,218,577,704,107,979,44,108,127,797,403,710,660,387,158,120,24,595,89,296,334,268,876,332,362,811,455,835,104,151,156,188,508,29,944,316,792,589,184,758,449,937,197,164,299,576,480,359,689,486,619,794,829,478,227,538,135,586,747,557,341,970,800,993,65,722,940,474,926,507,327,712,990,807,724,775,923,788,490,727,680,597,489,325,364,620,743,812,465,855,0,43,38,544,267,60,582,439],1#2:[503,864,476,142,248,383,821,774,755,66,273,648,938,633,2,908,572,872,110,190,254,487,35,177,910,960,711,41,477,129,36,95,430,253,460,658,787,444,920,862,685,732,30,131,298,676,641,52,119,584,64,246,84,773,823,952,866,441,974,377,58,559,210,605,68,352,523,417,548,863,795,134,947,556,599,746,699,822,322,260,63,353,321,927,751,884,854,404,796,102,591,656,437,880,239,554,519,856,421,3],1#3:[424,491,413,865,22,228,116,468,981,738,570,581,270,451,672,621,882,686,153,470,143,249,675,791,895,615,324,592,646,355,319,561,936,25,163,907,957,793,925,520,300,906,295,181,98,909,186,339,997,391,512,269,378,213,545,735,206,601,93,202,494,971,442,868,731,806,301,999,528,279,105,349,547,551,918,966,849,154,71,552,14,271,333,850,141,963,529,488,367,580,411,493,716,303,215,549,760,593,204,892],1#4:[956,655,55,832,389,726,874,222,240,802,801,914,841,193,342,976,272,284,216,955,149,713,588,677,101,924,148,59,526,502,137,662,748,111,144,558,138,949,705,21,438,674,315,375,877,567,883,231,263,977,939,289,369,130,125,401,596,422,679,587,166,232,515,208,75,464,87,894,650,741,506,445,412,645,214,74,11,5,100,720,820,292,26,982,948,814,663,789,32,6,205,505,518,846,869,414,843,23,275,530],1#5:[562,20,715,933,473,695,103,719,479,346,899,842,88,161,233,992,114,643,150,457,450,707,97,583,224,941,9,173,69,845,890,573,733,697,307,94,446,278,169,803,917,293,987,901,388,736,786,309,496,612,550,604,594,345,673,541,330,302,10,331,241,152,696,602,419,514,916,810,785,701,783,517,753,546,42,564,288,386,57,754,282,606,19,682,778,536,638,858,96,954,245,980,425,374,950,799,397,623,739,126],1#6:[553,76,237,165,898,384,147,198,329,159,961,461,17,172,709,433,286,840,714,984,133,280,568,729,579,834,128,410,833,283,313,136,409,781,718,852,537,418,730,911,243,839,625,328,885,649,229,357,192,155,617,406,578,139,262,934,969,83,725,745,431,742,836,308,34,635,510,39,124,183,825,935,4,767,86,574,838,454,902,847,958,99,351,18,721,368,77,118,968,609,219,236,140,376,7,893,178,358,226,691],1#7:[616,373,176,448,209,195,115,871,764,80,565,366,117,844,174,395,659,723,611,816,79,571,683,610,967,344,521,356,504,252,809,790,337,238,40,624,688,837,274,200,132,782,637,405,407,258,347,360,33,654,294,983,396,740,207,994,859,393,427,50,693,459,669,848,456,539,780,196,361,657,830,92,985,772,310,777,759,734,613,394,462,634,973,891,881,370,434,500,256,363,415,495,447,426,287,420,380,631,467,805],1#8:[915,499,48,312,644,365,765,639,879,757,784,737,121,817,259,762,607,608,964,665,627,860,371,569,827,323,492,290,913,903,45,653,484,776,112,497,285,667,945,744,867,72,951,408,995,62,423,90,251,113,264,513,318,390,600,752,247,8,661,750,922,943,250,51,585,671,749,851,255,53,904,185,203,453,853,975,873,717,145,392,31,170,13,566,690,61,702,889,277,818,533,509,622,106,16,524,160,921,532,167],1#9:[575,647,668,276,681,652,813,85,804,317,191,766,525,189,12,946,201,815,381,962,590,636,831,888,828,626,91,989,28,429,534,942,998,928,930,498,886,763,687,642,560,109,618,875,912,54,338,540,212,56,230,49,400,698,972,887,629,348,563,157,603,343,670,265,694,988,199,350,223,543,516,458,531,900,628,482,756,808,779,630,768,703,27,463,244,175,340,73,46,81,443,501,708,857,180,511,15,182,416,67]
PROCESS,1762385927.179,89039,100,974,611,583,948,69,410,689,637,177,736,982,117,586,372,10,628,927,669,63,735,500,1,42,634,529,167,809,821,76,313,296,502,490,720,837,543,641,939,617,290,779,910,212,555,967,672,317,57,791,535,932,272,15,432,503,828,621,137,702,287,451,528,300,752,622,943,195,34,286,314,970,547,333,182,49,518,102,687,651,41,553,366,534,275,675,832,303,113,749,908,437,491,526,141,706,548,609,961,973,648
FETCH,1762385927.218,89045,491,0.066
FETCH,1762385927.242,89046,774,0.073
FETCH,1762385927.291,89047,956,0.291
FETCH,1762385927.299,89045,413,0.081
FETCH,1762385927.313,89048,562,0.245
FETCH,1762385927.318,89046,755,0.076
FETCH,1762385927.386,89045,865,0.086
FETCH,1762385927.411,89047,655,0.120
FETCH,1762385927.412,89048,20,0.098
FETCH,1762385927.427,89046,66,0.109
FETCH,1762385927.465,89045,22,0.079
PROCESS,1762385927.484,89039,100,959,706,242,235,826,700,385,211,379,320,257,471,217,372,769,728,281,162,297,220,684,1,527,819,542,305,314,311,770,798,932,475,225,905,919,535,82,354,896,304,469,996,878,402,986,485,931,291,824,481,632,965,398,47,306,522,771,123,692,187,261,978,598,37,651,432,382,640,466,326,266,436,483,179,194,234,428,452,168,666,991,870,897,122,221,555,472,171,953,336,78,614,70,861,335,678,146,761,664,399
FETCH,1762385927.491,89047,55,0.079
FETCH,1762385927.494,89046,273,0.067
FETCH,1762385927.494,89048,715,0.082
FETCH,1762385927.531,89045,228,0.065
FETCH,1762385927.574,89048,933,0.080
FETCH,1762385927.574,89047,832,0.084
FETCH,1762385927.575,89046,648,0.080
FETCH,1762385927.605,89045,116,0.075
FETCH,1762385927.651,89047,389,0.076
FETCH,1762385927.651,89046,938,0.077
FETCH,1762385927.655,89048,473,0.080
FETCH,1762385927.674,89045,468,0.069
FETCH,1762385927.727,89048,695,0.073
FETCH,1762385927.735,89046,633,0.083
FETCH,1762385927.735,89047,726,0.084
FETCH,1762385927.756,89045,981,0.082
PROCESS,1762385927.788,89039,100,435,440,929,218,577,704,107,979,44,108,127,797,403,710,660,387,158,120,24,595,89,296,334,268,876,332,362,811,455,835,104,151,156,188,508,29,944,316,792,589,184,758,449,937,197,164,299,576,480,359,689,486,619,794,829,478,227,538,135,586,747,557,341,970,800,993,65,722,940,474,926,507,327,712,990,807,724,775,923,788,490,727,680,597,489,325,364,620,743,812,465,855,0,43,38,544,267,60,582,439
FETCH,1762385927.806,89048,103,0.079
FETCH,1762385927.818,89046,2,0.083
FETCH,1762385927.824,89047,874,0.089
FETCH,1762385927.824,89045,738,0.068
FETCH,1762385927.876,89048,719,0.069
FETCH,1762385927.892,89046,908,0.073
FETCH,1762385927.893,89047,222,0.069
FETCH,1762385927.894,89045,570,0.069
FETCH,1762385927.945,89048,479,0.069
FETCH,1762385927.975,89045,581,0.081
FETCH,1762385927.975,89046,572,0.082
FETCH,1762385928.001,89047,240,0.108
FETCH,1762385928.020,89048,346,0.075
FETCH,1762385928.047,89045,270,0.072
FETCH,1762385928.047,89046,872,0.072
FETCH,1762385928.067,89047,802,0.065
FETCH,1762385928.091,89048,899,0.071
FETCH,1762385928.124,89045,451,0.077
FETCH,1762385928.124,89046,110,0.077
FETCH,1762385928.167,89048,842,0.076
FETCH,1762385928.178,89047,801,0.112
FETCH,1762385928.207,89045,672,0.083
FETCH,1762385928.229,89046,190,0.104
FETCH,1762385928.273,89047,914,0.094
FETCH,1762385928.273,89048,88,0.106
FETCH,1762385928.274,89045,621,0.067
FETCH,1762385928.302,89046,254,0.073
FETCH,1762385928.345,89047,841,0.072
FETCH,1762385928.345,89048,161,0.072
FETCH,1762385928.345,89045,882,0.071
FETCH,1762385928.403,89046,487,0.101
FETCH,1762385928.439,89048,233,0.093
FETCH,1762385928.439,89047,193,0.093
FETCH,1762385928.439,89045,686,0.093
FETCH,1762385928.488,89046,35,0.084
FETCH,1762385928.508,89047,342,0.069
FETCH,1762385928.508,89048,992,0.069
FETCH,1762385928.512,89045,153,0.073
FETCH,1762385928.558,89046,177,0.070
FETCH,1762385928.574,89047,976,0.066
FETCH,1762385928.580,89045,470,0.068
FETCH,1762385928.582,89048,114,0.074
FETCH,1762385928.618,89046,910,0.060
FETCH,1762385928.643,89047,272,0.069
FETCH,1762385928.649,89045,143,0.069
FETCH,1762385928.651,89048,643,0.068
FETCH,1762385928.686,89046,960,0.068
FETCH,1762385928.711,89047,284,0.068
FETCH,1762385928.720,89045,249,0.071
FETCH,1762385928.724,89048,150,0.073
FETCH,1762385928.758,89046,711,0.071
FETCH,1762385928.779,89047,216,0.068
FETCH,1762385928.800,89048,457,0.076
FETCH,1762385928.839,89046,41,0.081
FETCH,1762385928.840,89045,675,0.119
FETCH,1762385928.860,89047,955,0.081
FETCH,1762385928.909,89048,450,0.108
FETCH,1762385928.911,89046,477,0.071
FETCH,1762385928.912,89045,791,0.072
FETCH,1762385928.927,89047,149,0.067
FETCH,1762385928.990,89046,129,0.078
FETCH,1762385928.990,89045,895,0.078
FETCH,1762385928.990,89048,707,0.081
FETCH,1762385929.005,89047,713,0.077
FETCH,1762385929.065,89045,615,0.074
FETCH,1762385929.066,89048,97,0.076
FETCH,1762385929.067,89046,36,0.077
FETCH,1762385929.076,89047,588,0.071
FETCH,1762385929.145,89045,324,0.080
FETCH,1762385929.145,89046,95,0.077
FETCH,1762385929.147,89048,583,0.080
FETCH,1762385929.163,89047,677,0.087
FETCH,1762385929.216,89046,430,0.071
FETCH,1762385929.224,89045,592,0.078
FETCH,1762385929.224,89048,224,0.076
FETCH,1762385929.238,89047,101,0.075
FETCH,1762385929.291,89046,253,0.074
FETCH,1762385929.291,89048,941,0.067
FETCH,1762385929.291,89045,646,0.067
FETCH,1762385929.314,89047,924,0.075
FETCH,1762385929.359,89048,9,0.068
FETCH,1762385929.364,89045,355,0.073
FETCH,1762385929.364,89046,460,0.073
FETCH,1762385929.382,89047,148,0.067
FETCH,1762385929.430,89048,173,0.071
FETCH,1762385929.435,89045,319,0.070
FETCH,1762385929.439,89046,658,0.075
FETCH,1762385929.475,89047,59,0.093
FETCH,1762385929.506,89045,561,0.071
FETCH,1762385929.508,89046,787,0.069
FETCH,1762385929.586,89048,69,0.155
FETCH,1762385929.586,89047,526,0.111
FETCH,1762385929.597,89046,444,0.089
FETCH,1762385929.616,89045,936,0.109
FETCH,1762385929.664,89047,502,0.077
FETCH,1762385929.664,89048,845,0.078
FETCH,1762385929.689,89045,25,0.073
FETCH,1762385929.707,89046,920,0.109
FETCH,1762385929.730,89048,890,0.065
FETCH,1762385929.731,89047,137,0.068
FETCH,1762385929.754,89045,163,0.065
FETCH,1762385929.783,89046,862,0.076
FETCH,1762385929.797,89048,573,0.067
FETCH,1762385929.801,89047,662,0.069
FETCH,1762385929.828,89045,907,0.074
FETCH,1762385929.851,89046,685,0.068
FETCH,1762385929.863,89048,733,0.066
FETCH,1762385929.869,89047,748,0.068
FETCH,1762385929.901,89045,957,0.073
FETCH,1762385929.933,89046,732,0.081
FETCH,1762385929.938,89048,697,0.074
FETCH,1762385929.938,89047,111,0.068
FETCH,1762385929.977,89045,793,0.075
FETCH,1762385930.011,89046,30,0.077
FETCH,1762385930.011,89048,307,0.073
FETCH,1762385930.013,89047,144,0.075
FETCH,1762385930.059,89045,925,0.082
FETCH,1762385930.076,89048,94,0.064
FETCH,1762385930.084,89046,131,0.073
FETCH,1762385930.084,89047,558,0.071
FETCH,1762385930.136,89045,520,0.076
FETCH,1762385930.147,89048,446,0.071
FETCH,1762385930.167,89046,298,0.083
FETCH,1762385930.167,89047,138,0.083
FETCH,1762385930.200,89045,300,0.064
FETCH,1762385930.218,89048,278,0.070
FETCH,1762385930.235,89047,949,0.068
FETCH,1762385930.235,89046,676,0.068
FETCH,1762385930.272,89045,906,0.072
FETCH,1762385930.285,89048,169,0.067
FETCH,1762385930.312,89047,705,0.076
FETCH,1762385930.314,89046,641,0.078
FETCH,1762385930.343,89045,295,0.070
FETCH,1762385930.358,89048,803,0.072
FETCH,1762385930.389,89046,52,0.075
FETCH,1762385930.389,89047,21,0.077
FETCH,1762385930.415,89045,181,0.072
FETCH,1762385930.426,89048,917,0.068
FETCH,1762385930.456,89046,119,0.067
FETCH,1762385930.473,89047,438,0.084
FETCH,1762385930.484,89045,98,0.069
FETCH,1762385930.492,89048,293,0.066
FETCH,1762385930.555,89047,674,0.081
FETCH,1762385930.555,89045,909,0.070
FETCH,1762385930.555,89048,987,0.062
FETCH,1762385930.568,89046,584,0.112
FETCH,1762385930.627,89048,901,0.071
FETCH,1762385930.627,89045,186,0.072
FETCH,1762385930.636,89047,315,0.081
FETCH,1762385930.652,89046,64,0.083
FETCH,1762385930.702,89048,388,0.075
FETCH,1762385930.702,89047,375,0.066
FETCH,1762385930.702,89045,339,0.075
FETCH,1762385930.721,89046,246,0.069
FETCH,1762385930.776,89048,736,0.073
FETCH,1762385930.778,89047,877,0.075
FETCH,1762385930.778,89045,997,0.075
FETCH,1762385930.785,89046,84,0.063
FETCH,1762385930.851,89048,786,0.074
FETCH,1762385930.851,89045,391,0.073
FETCH,1762385930.856,89047,567,0.078
FETCH,1762385930.856,89046,773,0.071
FETCH,1762385930.921,89045,512,0.070
FETCH,1762385930.922,89048,309,0.072
FETCH,1762385930.927,89047,883,0.071
FETCH,1762385930.928,89046,823,0.073
FETCH,1762385930.992,89045,269,0.070
FETCH,1762385930.992,89048,496,0.069
FETCH,1762385931.001,89047,231,0.074
FETCH,1762385931.012,89046,952,0.084
FETCH,1762385931.059,89045,378,0.066
FETCH,1762385931.059,89048,612,0.067
FETCH,1762385931.068,89047,263,0.067
FETCH,1762385931.081,89046,866,0.068
FETCH,1762385931.122,89045,213,0.063
FETCH,1762385931.122,89048,550,0.063
FETCH,1762385931.138,89047,977,0.070
FETCH,1762385931.148,89046,441,0.067
FETCH,1762385931.185,89048,604,0.062
FETCH,1762385931.194,89045,545,0.072
FETCH,1762385931.220,89046,974,0.072
FETCH,1762385931.248,89047,939,0.109
FETCH,1762385931.251,89048,594,0.066
FETCH,1762385931.300,89046,377,0.079
FETCH,1762385931.300,89045,735,0.106
FETCH,1762385931.311,89047,289,0.063
FETCH,1762385931.316,89048,345,0.065
FETCH,1762385931.367,89045,206,0.067
FETCH,1762385931.371,89046,58,0.071
FETCH,1762385931.389,89048,673,0.073
FETCH,1762385931.389,89047,369,0.077
FETCH,1762385931.435,89045,601,0.067
FETCH,1762385931.441,89046,559,0.070
FETCH,1762385931.456,89047,130,0.068
FETCH,1762385931.466,89048,541,0.077
FETCH,1762385931.508,89046,210,0.067
FETCH,1762385931.531,89047,125,0.074
FETCH,1762385931.537,89045,93,0.102
FETCH,1762385931.579,89048,330,0.112
FETCH,1762385931.586,89046,605,0.078
FETCH,1762385931.602,89047,401,0.071
FETCH,1762385931.627,89045,202,0.090
FETCH,1762385931.648,89048,302,0.069
FETCH,1762385931.654,89046,68,0.068
FETCH,1762385931.675,89047,596,0.072
FETCH,1762385931.692,89045,494,0.064
FETCH,1762385931.733,89048,10,0.085
FETCH,1762385931.734,89046,352,0.080
FETCH,1762385931.741,89047,422,0.066
FETCH,1762385931.763,89045,971,0.071
FETCH,1762385931.800,89046,523,0.066
FETCH,1762385931.800,89048,331,0.067
FETCH,1762385931.824,89047,679,0.083
FETCH,1762385931.834,89045,442,0.071
FETCH,1762385931.866,89048,241,0.066
FETCH,1762385931.872,89046,417,0.072
FETCH,1762385931.902,89047,587,0.078
FETCH,1762385931.911,89045,868,0.076
FETCH,1762385931.930,89048,152,0.064
FETCH,1762385931.945,89046,548,0.073
FETCH,1762385931.967,89047,166,0.065
FETCH,1762385931.977,89045,731,0.066
FETCH,1762385932.002,89048,696,0.071
FETCH,1762385932.024,89046,863,0.080
FETCH,1762385932.065,89045,806,0.088
FETCH,1762385932.065,89048,602,0.063
FETCH,1762385932.065,89047,232,0.098
FETCH,1762385932.101,89046,795,0.076
FETCH,1762385932.132,89048,419,0.067
FETCH,1762385932.133,89047,515,0.067
FETCH,1762385932.182,89046,134,0.080
FETCH,1762385932.221,89047,208,0.088
FETCH,1762385932.222,89048,514,0.089
FETCH,1762385932.222,89045,301,0.157
FETCH,1762385932.294,89046,947,0.111
FETCH,1762385932.317,89048,916,0.095
FETCH,1762385932.317,89047,75,0.096
FETCH,1762385932.317,89045,999,0.094
FETCH,1762385932.386,89046,556,0.092
FETCH,1762385932.401,89048,810,0.084
FETCH,1762385932.401,89045,528,0.084
FETCH,1762385932.428,89047,464,0.111
FETCH,1762385932.482,89046,599,0.095
FETCH,1762385932.482,89048,785,0.081
FETCH,1762385932.483,89045,279,0.081
FETCH,1762385932.509,89047,87,0.080
FETCH,1762385932.562,89045,105,0.079
FETCH,1762385932.562,89048,701,0.080
FETCH,1762385932.565,89046,746,0.083
FETCH,1762385932.581,89047,894,0.072
FETCH,1762385932.630,89048,783,0.067
FETCH,1762385932.630,89045,349,0.067
FETCH,1762385932.631,89046,699,0.065
FETCH,1762385932.655,89047,650,0.074
FETCH,1762385932.706,89046,822,0.075
FETCH,1762385932.706,89045,547,0.076
FETCH,1762385932.719,89048,517,0.089
FETCH,1762385932.727,89047,741,0.072
FETCH,1762385932.774,89046,322,0.068
FETCH,1762385932.777,89045,551,0.070
FETCH,1762385932.787,89048,753,0.068
FETCH,1762385932.854,89046,260,0.079
FETCH,1762385932.854,89045,918,0.077
FETCH,1762385932.855,89048,546,0.067
FETCH,1762385932.861,89047,506,0.133
FETCH,1762385932.923,89046,63,0.068
FETCH,1762385932.926,89045,966,0.072
FETCH,1762385932.927,89048,42,0.072
FETCH,1762385932.929,89047,445,0.068
FETCH,1762385933.000,89046,353,0.077
FETCH,1762385933.001,89047,412,0.071
FETCH,1762385933.035,89048,564,0.108
FETCH,1762385933.046,89045,849,0.119
FETCH,1762385933.071,89047,645,0.070
FETCH,1762385933.071,89046,321,0.070
FETCH,1762385933.105,89048,288,0.069
FETCH,1762385933.124,89045,154,0.078
FETCH,1762385933.143,89047,214,0.072
FETCH,1762385933.143,89046,927,0.072
FETCH,1762385933.168,89048,386,0.063
FETCH,1762385933.194,89045,71,0.070
FETCH,1762385933.217,89046,751,0.074
FETCH,1762385933.217,89047,74,0.074
FETCH,1762385933.236,89048,57,0.068
FETCH,1762385933.263,89045,552,0.069
FETCH,1762385933.284,89046,884,0.066
FETCH,1762385933.305,89048,754,0.068
FETCH,1762385933.320,89047,11,0.102
FETCH,1762385933.330,89045,14,0.067
FETCH,1762385933.353,89046,854,0.069
FETCH,1762385933.374,89048,282,0.068
FETCH,1762385933.389,89047,5,0.068
FETCH,1762385933.395,89045,271,0.064
FETCH,1762385933.422,89046,404,0.069
FETCH,1762385933.442,89048,606,0.068
FETCH,1762385933.462,89047,100,0.073
FETCH,1762385933.462,89045,333,0.067
FETCH,1762385933.496,89046,796,0.074
FETCH,1762385933.536,89048,19,0.094
FETCH,1762385933.540,89045,850,0.077
FETCH,1762385933.540,89047,720,0.078
FETCH,1762385933.573,89046,102,0.076
FETCH,1762385933.609,89048,682,0.072
FETCH,1762385933.609,89045,141,0.068
FETCH,1762385933.609,89047,820,0.068
FETCH,1762385933.641,89046,591,0.068
FETCH,1762385933.673,89048,778,0.065
FETCH,1762385933.673,89045,963,0.065
FETCH,1762385933.674,89047,292,0.065
FETCH,1762385933.708,89046,656,0.067
FETCH,1762385933.739,89045,529,0.066
FETCH,1762385933.758,89048,536,0.084
FETCH,1762385933.758,89047,26,0.084
FETCH,1762385933.821,89046,437,0.113
FETCH,1762385933.836,89045,488,0.096
FETCH,1762385933.836,89047,982,0.078
FETCH,1762385933.836,89048,638,0.078
FETCH,1762385933.886,89046,880,0.064
FETCH,1762385933.908,89048,858,0.071
FETCH,1762385933.908,89045,367,0.071
FETCH,1762385933.908,89047,948,0.071
FETCH,1762385933.986,89046,239,0.099
FETCH,1762385933.986,89047,814,0.077
FETCH,1762385933.986,89048,96,0.078
FETCH,1762385933.993,89045,580,0.085
FETCH,1762385934.066,89048,954,0.079
FETCH,1762385934.066,89047,663,0.079
FETCH,1762385934.077,89046,554,0.091
FETCH,1762385934.077,89045,411,0.084
FETCH,1762385934.145,89047,789,0.079
FETCH,1762385934.145,89048,245,0.079
FETCH,1762385934.159,89045,493,0.082
FETCH,1762385934.159,89046,519,0.082
FETCH,1762385934.212,89048,980,0.067
FETCH,1762385934.214,89047,32,0.069
FETCH,1762385934.223,89045,716,0.064
FETCH,1762385934.223,89046,856,0.064
FETCH,1762385934.302,89045,303,0.079
FETCH,1762385934.302,89047,6,0.088
FETCH,1762385934.302,89046,421,0.078
FETCH,1762385934.303,89048,425,0.090
FETCH,1762385934.374,89047,205,0.071
FETCH,1762385934.374,89048,374,0.071
FETCH,1762385934.387,89046,3,0.085
FETCH,1762385934.394,89045,215,0.091
PROCESS,1762385934.395,89039,100,503,864,476,142,248,383,821,774,755,66,273,648,938,633,2,908,572,872,110,190,254,487,35,177,910,960,711,41,477,129,36,95,430,253,460,658,787,444,920,862,685,732,30,131,298,676,641,52,119,584,64,246,84,773,823,952,866,441,974,377,58,559,210,605,68,352,523,417,548,863,795,134,947,556,599,746,699,822,322,260,63,353,321,927,751,884,854,404,796,102,591,656,437,880,239,554,519,856,421,3
FETCH,1762385934.446,89047,505,0.071
FETCH,1762385934.446,89048,950,0.071
FETCH,1762385934.460,89045,549,0.066
FETCH,1762385934.507,89048,799,0.061
FETCH,1762385934.529,89045,760,0.070
FETCH,1762385934.549,89047,518,0.103
FETCH,1762385934.588,89048,397,0.080
FETCH,1762385934.611,89045,593,0.081
FETCH,1762385934.644,89047,846,0.094
FETCH,1762385934.668,89048,623,0.080
FETCH,1762385934.726,89046,553,0.335
FETCH,1762385934.743,89047,869,0.099
FETCH,1762385934.744,89045,204,0.133
FETCH,1762385934.765,89048,739,0.097
FETCH,1762385934.824,89046,76,0.097
FETCH,1762385934.855,89047,414,0.111
FETCH,1762385934.859,89048,126,0.094
FETCH,1762385934.860,89045,892,0.116
FETCH,1762385934.930,89046,237,0.106
FETCH,1762385934.970,89047,843,0.113
FETCH,1762385935.034,89046,165,0.103
FETCH,1762385935.052,89047,23,0.082
FETCH,1762385935.116,89046,898,0.082
FETCH,1762385935.118,89045,616,0.248
FETCH,1762385935.135,89048,915,0.264
FETCH,1762385935.151,89047,275,0.099
FETCH,1762385935.218,89045,373,0.100
FETCH,1762385935.218,89046,384,0.101
FETCH,1762385935.222,89048,499,0.086
FETCH,1762385935.222,89047,530,0.071
PROCESS,1762385935.296,89039,100,424,491,413,865,22,228,116,468,981,738,570,581,270,451,672,621,882,686,153,470,143,249,675,791,895,615,324,592,646,355,319,561,936,25,163,907,957,793,925,520,300,906,295,181,98,909,186,339,997,391,512,269,378,213,545,735,206,601,93,202,494,971,442,868,731,806,301,999,528,279,105,349,547,551,918,966,849,154,71,552,14,271,333,850,141,963,529,488,367,580,411,493,716,303,215,549,760,593,204,892
FETCH,1762385935.303,89046,147,0.085
FETCH,1762385935.303,89045,176,0.085
FETCH,1762385935.310,89048,48,0.088
FETCH,1762385935.378,89045,448,0.075
FETCH,1762385935.395,89046,198,0.092
FETCH,1762385935.401,89048,312,0.090
FETCH,1762385935.470,89046,329,0.075
FETCH,1762385935.470,89045,209,0.092
FETCH,1762385935.471,89048,644,0.070
FETCH,1762385935.471,89047,575,0.246
FETCH,1762385935.546,89046,159,0.075
FETCH,1762385935.546,89047,647,0.074
FETCH,1762385935.546,89048,365,0.075
FETCH,1762385935.554,89045,195,0.083
FETCH,1762385935.622,89047,668,0.076
FETCH,1762385935.627,89046,961,0.081
FETCH,1762385935.627,89045,115,0.073
PROCESS,1762385935.659,89039,100,956,655,55,832,389,726,874,222,240,802,801,914,841,193,342,976,272,284,216,955,149,713,588,677,101,924,148,59,526,502,137,662,748,111,144,558,138,949,705,21,438,674,315,375,877,567,883,231,263,977,939,289,369,130,125,401,596,422,679,587,166,232,515,208,75,464,87,894,650,741,506,445,412,645,214,74,11,5,100,720,820,292,26,982,948,814,663,789,32,6,205,505,518,846,869,414,843,23,275,530
FETCH,1762385935.664,89048,765,0.118
FETCH,1762385935.710,89046,461,0.083
FETCH,1762385935.711,89047,276,0.086
FETCH,1762385935.711,89045,871,0.084
FETCH,1762385935.762,89048,639,0.097
FETCH,1762385935.784,89046,17,0.073
FETCH,1762385935.813,89047,681,0.102
FETCH,1762385935.813,89045,764,0.102
FETCH,1762385935.844,89048,879,0.082
FETCH,1762385935.875,89046,172,0.091
FETCH,1762385935.897,89045,80,0.084
FETCH,1762385935.897,89047,652,0.084
FETCH,1762385935.926,89048,757,0.081
FETCH,1762385935.944,89046,709,0.069
PROCESS,1762385935.955,89039,100,562,20,715,933,473,695,103,719,479,346,899,842,88,161,233,992,114,643,150,457,450,707,97,583,224,941,9,173,69,845,890,573,733,697,307,94,446,278,169,803,917,293,987,901,388,736,786,309,496,612,550,604,594,345,673,541,330,302,10,331,241,152,696,602,419,514,916,810,785,701,783,517,753,546,42,564,288,386,57,754,282,606,19,682,778,536,638,858,96,954,245,980,425,374,950,799,397,623,739,126
FETCH,1762385935.964,89047,813,0.067
FETCH,1762385935.976,89045,565,0.079
FETCH,1762385935.998,89048,784,0.072
FETCH,1762385936.026,89046,433,0.082
FETCH,1762385936.037,89047,85,0.073
FETCH,1762385936.051,89045,366,0.075
FETCH,1762385936.071,89048,737,0.073
FETCH,1762385936.099,89046,286,0.073
FETCH,1762385936.099,89047,804,0.062
FETCH,1762385936.149,89048,121,0.078
FETCH,1762385936.152,89045,117,0.101
FETCH,1762385936.160,89047,317,0.060
FETCH,1762385936.165,89046,840,0.066
FETCH,1762385936.261,89048,817,0.112
FETCH,1762385936.261,89046,714,0.096
FETCH,1762385936.261,89047,191,0.101
FETCH,1762385936.261,89045,844,0.109
FETCH,1762385936.390,89046,984,0.129
FETCH,1762385936.390,89047,766,0.129
FETCH,1762385936.390,89045,174,0.129
FETCH,1762385936.390,89048,259,0.129
FETCH,1762385936.483,89047,525,0.093
FETCH,1762385936.483,89046,133,0.093
FETCH,1762385936.483,89048,762,0.092
FETCH,1762385936.483,89045,395,0.093
FETCH,1762385936.575,89047,189,0.092
FETCH,1762385936.576,89046,280,0.092
FETCH,1762385936.576,89045,659,0.092
FETCH,1762385936.603,89048,607,0.120
FETCH,1762385936.712,89046,568,0.136
FETCH,1762385936.712,89047,12,0.136
FETCH,1762385936.712,89045,723,0.136
FETCH,1762385936.712,89048,608,0.108
FETCH,1762385936.791,89047,946,0.079
FETCH,1762385936.791,89048,964,0.079
FETCH,1762385936.792,89045,611,0.079
FETCH,1762385936.792,89046,729,0.080
FETCH,1762385936.920,89048,665,0.128
FETCH,1762385936.920,89046,579,0.128
FETCH,1762385936.928,89047,201,0.136
FETCH,1762385936.928,89045,816,0.136
FETCH,1762385936.995,89046,834,0.075
FETCH,1762385936.996,89048,627,0.076
FETCH,1762385937.005,89047,815,0.077
FETCH,1762385937.005,89045,79,0.077
FETCH,1762385937.069,89046,128,0.074
FETCH,1762385937.069,89048,860,0.073
FETCH,1762385937.079,89047,381,0.075
FETCH,1762385937.087,89045,571,0.081
FETCH,1762385937.152,89048,371,0.082
FETCH,1762385937.152,89046,410,0.082
FETCH,1762385937.154,89047,962,0.075
FETCH,1762385937.168,89045,683,0.078
FETCH,1762385937.224,89048,569,0.072
FETCH,1762385937.224,89046,833,0.072
FETCH,1762385937.227,89047,590,0.073
FETCH,1762385937.317,89047,636,0.090
FETCH,1762385937.321,89046,283,0.096
FETCH,1762385937.342,89048,827,0.110
FETCH,1762385937.359,89045,610,0.190
FETCH,1762385937.416,89047,831,0.098
FETCH,1762385937.446,89046,313,0.116
FETCH,1762385937.460,89045,967,0.100
FETCH,1762385937.470,89048,323,0.127
FETCH,1762385937.512,89047,888,0.094
FETCH,1762385937.541,89046,136,0.094
FETCH,1762385937.542,89045,344,0.082
FETCH,1762385937.552,89048,492,0.082
FETCH,1762385937.623,89047,828,0.111
FETCH,1762385937.638,89046,409,0.097
FETCH,1762385937.652,89048,290,0.100
FETCH,1762385937.652,89045,521,0.110
FETCH,1762385937.736,89045,356,0.083
FETCH,1762385937.736,89048,913,0.084
FETCH,1762385937.736,89046,781,0.097
FETCH,1762385937.736,89047,626,0.112
FETCH,1762385937.832,89047,91,0.096
FETCH,1762385937.832,89046,718,0.096
FETCH,1762385937.833,89045,504,0.097
FETCH,1762385937.833,89048,903,0.097
FETCH,1762385937.958,89048,45,0.125
FETCH,1762385937.958,89046,852,0.126
FETCH,1762385937.958,89047,989,0.126
FETCH,1762385937.958,89045,252,0.126
FETCH,1762385938.022,89046,537,0.064
FETCH,1762385938.023,89047,28,0.065
FETCH,1762385938.026,89045,809,0.068
FETCH,1762385938.026,89048,653,0.068
FETCH,1762385938.087,89046,418,0.064
FETCH,1762385938.091,89047,429,0.068
FETCH,1762385938.103,89045,790,0.077
FETCH,1762385938.103,89048,484,0.077
FETCH,1762385938.167,89046,730,0.080
FETCH,1762385938.173,89047,534,0.081
FETCH,1762385938.200,89048,776,0.096
FETCH,1762385938.208,89045,337,0.104
FETCH,1762385938.249,89047,942,0.076
FETCH,1762385938.251,89046,911,0.085
FETCH,1762385938.307,89048,112,0.107
FETCH,1762385938.311,89047,998,0.062
FETCH,1762385938.314,89046,243,0.062
FETCH,1762385938.314,89045,238,0.106
FETCH,1762385938.386,89046,839,0.072
FETCH,1762385938.390,89047,928,0.075
FETCH,1762385938.395,89045,40,0.081
FETCH,1762385938.457,89046,625,0.071
FETCH,1762385938.461,89047,930,0.071
FETCH,1762385938.466,89045,624,0.071
FETCH,1762385938.472,89048,497,0.165
FETCH,1762385938.541,89047,498,0.080
FETCH,1762385938.547,89046,328,0.090
FETCH,1762385938.547,89045,688,0.081
FETCH,1762385938.548,89048,285,0.076
FETCH,1762385938.651,89046,885,0.104
FETCH,1762385938.651,89045,837,0.104
FETCH,1762385938.652,89047,886,0.110
FETCH,1762385938.697,89048,667,0.149
FETCH,1762385938.724,89047,763,0.072
FETCH,1762385938.732,89046,649,0.081
FETCH,1762385938.734,89045,274,0.083
FETCH,1762385938.778,89048,945,0.080
FETCH,1762385938.799,89047,687,0.075
FETCH,1762385938.806,89045,200,0.071
FETCH,1762385938.821,89046,229,0.089
FETCH,1762385938.852,89048,744,0.074
FETCH,1762385938.867,89047,642,0.068
FETCH,1762385938.878,89045,132,0.073
FETCH,1762385938.892,89046,357,0.070
FETCH,1762385938.921,89048,867,0.069
FETCH,1762385938.943,89047,560,0.076
FETCH,1762385938.953,89046,192,0.061
FETCH,1762385938.963,89045,782,0.084
FETCH,1762385938.990,89048,72,0.069
FETCH,1762385939.007,89047,109,0.064
FETCH,1762385939.025,89046,155,0.072
FETCH,1762385939.030,89045,637,0.066
FETCH,1762385939.059,89048,951,0.069
FETCH,1762385939.069,89047,618,0.062
FETCH,1762385939.092,89046,617,0.066
FETCH,1762385939.096,89045,405,0.066
FETCH,1762385939.135,89048,408,0.076
FETCH,1762385939.138,89047,875,0.068
FETCH,1762385939.163,89045,407,0.067
FETCH,1762385939.171,89046,406,0.079
FETCH,1762385939.197,89047,912,0.059
FETCH,1762385939.203,89048,995,0.067
FETCH,1762385939.231,89045,258,0.067
FETCH,1762385939.235,89046,578,0.064
FETCH,1762385939.270,89047,54,0.073
FETCH,1762385939.270,89048,62,0.068
FETCH,1762385939.297,89046,139,0.061
FETCH,1762385939.301,89045,347,0.070
FETCH,1762385939.342,89048,423,0.072
FETCH,1762385939.351,89047,338,0.080
FETCH,1762385939.364,89046,262,0.067
FETCH,1762385939.364,89045,360,0.062
FETCH,1762385939.414,89048,90,0.071
FETCH,1762385939.420,89047,540,0.068
FETCH,1762385939.440,89046,934,0.076
FETCH,1762385939.440,89045,33,0.076
FETCH,1762385939.479,89047,212,0.060
FETCH,1762385939.493,89048,251,0.079
FETCH,1762385939.503,89045,654,0.063
FETCH,1762385939.540,89046,969,0.099
FETCH,1762385939.543,89047,56,0.063
FETCH,1762385939.561,89048,113,0.068
FETCH,1762385939.573,89045,294,0.070
FETCH,1762385939.603,89046,83,0.063
FETCH,1762385939.609,89047,230,0.066
FETCH,1762385939.629,89048,264,0.068
FETCH,1762385939.634,89045,983,0.061
FETCH,1762385939.675,89047,49,0.066
FETCH,1762385939.675,89046,725,0.072
FETCH,1762385939.699,89048,513,0.070
FETCH,1762385939.702,89045,396,0.068
FETCH,1762385939.740,89046,745,0.065
FETCH,1762385939.767,89048,318,0.068
FETCH,1762385939.768,89045,740,0.065
FETCH,1762385939.797,89047,400,0.121
FETCH,1762385939.857,89048,390,0.089
FETCH,1762385939.857,89045,207,0.089
FETCH,1762385939.857,89046,431,0.117
FETCH,1762385939.874,89047,698,0.077
FETCH,1762385939.922,89048,600,0.065
FETCH,1762385939.923,89046,742,0.065
FETCH,1762385939.937,89045,994,0.080
FETCH,1762385939.940,89047,972,0.066
FETCH,1762385939.989,89046,836,0.066
FETCH,1762385939.989,89048,752,0.067
FETCH,1762385940.017,89045,859,0.079
FETCH,1762385940.019,89047,887,0.078
FETCH,1762385940.062,89048,247,0.073
FETCH,1762385940.063,89046,308,0.074
FETCH,1762385940.086,89047,629,0.067
FETCH,1762385940.115,89045,393,0.097
FETCH,1762385940.125,89046,34,0.062
FETCH,1762385940.130,89048,8,0.068
FETCH,1762385940.159,89047,348,0.072
FETCH,1762385940.195,89048,661,0.064
FETCH,1762385940.197,89045,427,0.082
FETCH,1762385940.227,89046,635,0.102
FETCH,1762385940.229,89047,563,0.069
FETCH,1762385940.280,89048,750,0.084
FETCH,1762385940.280,89045,50,0.082
FETCH,1762385940.295,89047,157,0.066
FETCH,1762385940.300,89046,510,0.072
FETCH,1762385940.359,89045,693,0.079
FETCH,1762385940.359,89048,922,0.079
FETCH,1762385940.370,89046,39,0.069
FETCH,1762385940.375,89047,603,0.079
FETCH,1762385940.435,89048,943,0.076
FETCH,1762385940.438,89045,459,0.079
FETCH,1762385940.444,89047,343,0.069
FETCH,1762385940.444,89046,124,0.074
FETCH,1762385940.500,89048,250,0.064
FETCH,1762385940.519,89046,183,0.075
FETCH,1762385940.519,89047,670,0.075
FETCH,1762385940.520,89045,669,0.081
FETCH,1762385940.569,89048,51,0.068
FETCH,1762385940.582,89046,825,0.062
FETCH,1762385940.582,89047,265,0.062
FETCH,1762385940.591,89045,848,0.071
FETCH,1762385940.652,89047,694,0.070
FETCH,1762385940.652,89046,935,0.070
FETCH,1762385940.652,89048,585,0.083
FETCH,1762385940.663,89045,456,0.071
FETCH,1762385940.715,89046,4,0.063
FETCH,1762385940.721,89047,988,0.069
FETCH,1762385940.726,89045,539,0.063
FETCH,1762385940.753,89048,671,0.101
FETCH,1762385940.777,89046,767,0.062
FETCH,1762385940.788,89047,199,0.067
FETCH,1762385940.793,89045,780,0.067
FETCH,1762385940.827,89048,749,0.073
FETCH,1762385940.848,89046,86,0.071
FETCH,1762385940.861,89045,196,0.067
FETCH,1762385940.911,89048,851,0.084
FETCH,1762385940.913,89046,574,0.065
FETCH,1762385940.913,89047,350,0.125
FETCH,1762385940.947,89045,361,0.086
FETCH,1762385940.984,89047,223,0.070
FETCH,1762385940.984,89048,255,0.072
FETCH,1762385940.989,89046,838,0.076
FETCH,1762385941.023,89045,657,0.075
FETCH,1762385941.056,89047,543,0.072
FETCH,1762385941.056,89048,53,0.072
FETCH,1762385941.058,89046,454,0.068
FETCH,1762385941.094,89045,830,0.070
FETCH,1762385941.126,89046,902,0.068
FETCH,1762385941.139,89047,516,0.083
FETCH,1762385941.140,89048,904,0.083
FETCH,1762385941.166,89045,92,0.072
FETCH,1762385941.195,89046,847,0.068
FETCH,1762385941.205,89048,185,0.065
FETCH,1762385941.207,89047,458,0.067
FETCH,1762385941.237,89045,985,0.070
FETCH,1762385941.274,89046,958,0.077
FETCH,1762385941.278,89047,531,0.070
FETCH,1762385941.320,89045,772,0.082
FETCH,1762385941.333,89048,203,0.128
FETCH,1762385941.343,89047,900,0.065
FETCH,1762385941.345,89046,99,0.070
FETCH,1762385941.408,89045,310,0.088
FETCH,1762385941.416,89046,351,0.071
FETCH,1762385941.456,89048,453,0.123
FETCH,1762385941.468,89047,628,0.125
FETCH,1762385941.505,89046,18,0.089
FETCH,1762385941.527,89047,482,0.058
FETCH,1762385941.560,89048,853,0.103
FETCH,1762385941.578,89046,721,0.073
FETCH,1762385941.579,89045,777,0.170
FETCH,1762385941.595,89047,756,0.067
FETCH,1762385941.635,89048,975,0.075
FETCH,1762385941.650,89046,368,0.072
FETCH,1762385941.650,89045,759,0.072
FETCH,1762385941.658,89047,808,0.063
FETCH,1762385941.726,89045,734,0.075
FETCH,1762385941.726,89046,77,0.075
FETCH,1762385941.730,89048,873,0.094
FETCH,1762385941.739,89047,779,0.080
FETCH,1762385941.797,89046,118,0.071
FETCH,1762385941.807,89045,613,0.081
FETCH,1762385941.811,89048,717,0.081
FETCH,1762385941.811,89047,630,0.072
FETCH,1762385941.867,89046,968,0.069
FETCH,1762385941.882,89045,394,0.075
FETCH,1762385941.882,89047,768,0.071
FETCH,1762385941.882,89048,145,0.071
FETCH,1762385941.934,89046,609,0.067
FETCH,1762385941.949,89045,462,0.067
FETCH,1762385941.949,89047,703,0.067
FETCH,1762385941.961,89048,392,0.079
FETCH,1762385942.002,89046,219,0.068
FETCH,1762385942.011,89047,27,0.061
FETCH,1762385942.015,89045,634,0.065
FETCH,1762385942.038,89048,31,0.076
FETCH,1762385942.073,89046,236,0.071
FETCH,1762385942.079,89045,973,0.064
FETCH,1762385942.097,89047,463,0.086
FETCH,1762385942.103,89048,170,0.065
FETCH,1762385942.140,89046,140,0.066
FETCH,1762385942.157,89045,891,0.077
FETCH,1762385942.180,89048,13,0.077
FETCH,1762385942.200,89047,244,0.102
FETCH,1762385942.208,89046,376,0.068
FETCH,1762385942.238,89045,881,0.080
FETCH,1762385942.254,89048,566,0.073
FETCH,1762385942.274,89046,7,0.065
FETCH,1762385942.274,89047,175,0.073
FETCH,1762385942.305,89045,370,0.067
FETCH,1762385942.319,89048,690,0.065
FETCH,1762385942.338,89047,340,0.064
FETCH,1762385942.353,89046,893,0.078
FETCH,1762385942.393,89048,61,0.073
FETCH,1762385942.393,89045,434,0.087
FETCH,1762385942.410,89047,73,0.071
FETCH,1762385942.426,89046,178,0.073
FETCH,1762385942.466,89048,702,0.073
FETCH,1762385942.466,89045,500,0.073
FETCH,1762385942.480,89047,46,0.069
FETCH,1762385942.492,89046,358,0.065
FETCH,1762385942.543,89045,256,0.077
FETCH,1762385942.543,89047,81,0.063
FETCH,1762385942.564,89048,889,0.098
FETCH,1762385942.595,89046,226,0.103
FETCH,1762385942.617,89045,363,0.073
FETCH,1762385942.617,89047,443,0.073
FETCH,1762385942.641,89048,277,0.076
FETCH,1762385942.659,89046,691,0.063
QUEUE,1762385942.664,89039,2#0:[840,231,490,180,120,408,740,801,303,63,83,932,756,970,22,925,717,968,793,772,541,270,615,466,48,179,556,606,110,893,413,651,542,319,592,394,815,635,354,974,297,916,287,62,681,276,185,305,998,448,240,827,415,937,241,692,482,814,322,359,268,89,114,890,343,148,941,898,649,939,163,24,930,563,145,340,777,524,64,741,475,391,687,679,116,830,27,804,219,882,414,523,894,579,484,895,952,721,216,511],2#1:[395,385,917,379,419,576,732,885,330,438,872,709,883,434,655,312,554,181,620,194,696,875,314,931,958,422,803,612,284,285,954,491,105,324,450,17,118,990,210,868,471,480,588,162,239,269,594,95,569,250,243,313,221,780,164,257,42,192,377,486,562,962,550,437,278,153,200,505,220,79,225,353,167,859,981,108,87,630,546,55,311,552,175,248,129,390,81,364,196,444,993,797,934,924,266,502,929,464,350,996],2#2:[848,634,109,397,481,201,575,372,124,629,915,526,402,476,720,538,570,888,744,82,406,29,459,532,271,911,811,600,77,906,60,671,435,136,728,193,987,796,117,111,880,348,648,560,626,583,617,991,688,357,212,616,25,401,719,628,152,527,951,711,516,988,769,489,228,822,331,140,664,52,488,245,447,574,15,199,125,763,539,831,84,317,944,88,362,65,591,190,66,332,834,100,985,764,675,768,59,149,436,927],2#3:[515,157,755,701,750,926,251,294,564,672,519,786,838,461,731,643,423,603,101,346,851,837,627,274,587,244,302,477,775,35,18,863,799,558,956,632,430,373,460,34,106,708,70,233,236,296,1,540,147,641,967,58,637,528,737,846,729,154,887,206,510,6,730,821,289,608,456,141,739,598,392,30,940,533,3,656,416,21,355,47,50,835,473,509,572,982,727,339,785,352,383,610,463,534,685,514,172,653,555,684],2#4:[676,26,46,922,975,128,537,816,743,258,323,625,146,144,953,961,904,680,386,565,914,104,378,166,222,424,44,874,580,955,33,349,338,964,282,421,850,93,230,74,813,73,809,492,325,918,869,773,657,791,789,986,67,465,326,262,405,247,337,798,611,316,757,494,800,14,794,909,40,68,474,817,186,965,71,858,39,279,907,710,217,897,213,479,242,521,365,936,308,557,614,748,90,792,825,948,328,396,920,304],2#5:[966,658,497,828,971,802,752,867,566,446,619,700,345,593,596,16,747,836,43,891,168,864,901,508,455,994,382,293,522,506,156,602,856,53,889,205,28,306,530,174,115,470,119,604,249,913,462,54,902,126,783,356,745,567,280,184,820,85,669,431,861,543,468,753,995,832,309,767,307,517,487,472,426,229,663,683,342,441,369,724,667,774,467,666,12,876,20,695,844,327,13,358,852,871,972,445,512,749,949,999],2#6:[702,5,133,912,733,286,139,411,623,674,865,399,642,824,238,211,698,130,76,439,810,283,841,389,779,273,10,38,234,969,716,170,61,781,525,776,227,121,500,215,661,202,899,507,905,138,295,921,253,69,344,272,183,933,122,978,453,32,187,91,877,400,214,704,336,644,853,417,843,713,485,547,910,693,984,425,232,94,291,418,224,826,41,457,281,650,581,265,188,715,11,723,761,806,410,742,45,938,223,171],2#7:[660,499,160,857,259,367,433,151,960,568,404,795,275,886,254,646,545,375,677,973,847,549,78,997,862,98,855,86,449,301,678,976,943,428,363,771,787,142,366,503,57,638,123,690,478,498,176,758,368,0,699,159,178,691,992,329,412,351,300,361,150,705,56,553,518,256,977,197,36,584,182,751,299,155,195,103,376,8,97,407,725,469,531,2,127,135,347,403,252,849,842,132,165,714,950,310,204,333,712,633],2#8:[23,292,770,980,432,493,173,760,442,946,454,495,4,622,662,237,80,578,645,255,288,191,380,595,736,896,589,618,707,983,738,639,72,209,298,427,96,957,866,959,49,812,784,908,381,900,665,208,928,277,335,881,919,722,504,102,320,892,870,207,264,782,99,384,854,903,315,398,590,137,548,559,203,393,31,51,585,703,169,483,668,670,640,673,873,226,501,388,597,878,726,659,989,520,647,833,607,458,189,409],2#9:[605,879,440,706,808,235,112,935,884,321,734,947,360,735,923,613,807,577,513,387,131,161,860,198,694,37,107,689,746,571,451,945,573,544,599,819,261,778,318,654,765,818,697,263,246,762,839,823,334,177,621,496,829,143,682,790,218,845,788,652,260,624,942,686,979,601,75,452,9,582,429,561,766,529,420,370,963,535,586,92,759,267,536,551,158,371,443,341,290,19,374,754,113,636,805,609,718,134,7,631]
PROCESS,1762385942.664,89039,100,553,76,237,165,898,384,147,198,329,159,961,461,17,172,709,433,286,840,714,984,133,280,568,729,579,834,128,410,833,283,313,136,409,781,718,852,537,418,730,911,243,839,625,328,885,649,229,357,192,155,617,406,578,139,262,934,969,83,725,745,431,742,836,308,34,635,510,39,124,183,825,935,4,767,86,574,838,454,902,847,958,99,351,18,721,368,77,118,968,609,219,236,140,376,7,893,178,358,226,691
FETCH,1762385942.685,89047,501,0.068
FETCH,1762385942.688,89045,415,0.070
FETCH,1762385942.707,89048,818,0.066
FETCH,1762385942.755,89047,708,0.069
FETCH,1762385942.755,89045,495,0.067
FETCH,1762385942.774,89048,533,0.066
FETCH,1762385942.824,89047,857,0.069
FETCH,1762385942.824,89045,447,0.069
FETCH,1762385942.842,89048,509,0.068
FETCH,1762385942.865,89046,840,0.204
FETCH,1762385942.893,89047,180,0.068
FETCH,1762385942.912,89045,426,0.088
FETCH,1762385942.912,89048,622,0.070
FETCH,1762385942.936,89046,231,0.071
FETCH,1762385942.956,89047,511,0.063
FETCH,1762385942.979,89045,287,0.067
FETCH,1762385942.979,89048,106,0.067
FETCH,1762385943.003,89046,490,0.068
FETCH,1762385943.027,89047,15,0.071
FETCH,1762385943.047,89045,420,0.068
FETCH,1762385943.048,89048,16,0.068
FETCH,1762385943.073,89046,180,0.069
FETCH,1762385943.095,89047,182,0.067
FETCH,1762385943.114,89048,524,0.066
FETCH,1762385943.118,89045,380,0.071
FETCH,1762385943.148,89046,120,0.075
FETCH,1762385943.158,89047,416,0.063
FETCH,1762385943.184,89045,631,0.065
FETCH,1762385943.184,89048,160,0.069
FETCH,1762385943.218,89046,408,0.070
FETCH,1762385943.232,89047,67,0.074
FETCH,1762385943.255,89045,467,0.072
FETCH,1762385943.274,89048,921,0.090
FETCH,1762385943.296,89046,740,0.078
FETCH,1762385943.370,89046,801,0.074
FETCH,1762385943.373,89045,805,0.117
FETCH,1762385943.380,89048,532,0.105
FETCH,1762385943.439,89046,303,0.067
FETCH,1762385943.464,89047,395,0.220
FETCH,1762385943.507,89048,167,0.127
FETCH,1762385943.513,89046,63,0.073
FETCH,1762385943.534,89047,385,0.070
FETCH,1762385943.577,89046,83,0.064
FETCH,1762385943.597,89047,917,0.063
FETCH,1762385943.606,89045,848,0.230
FETCH,1762385943.641,89046,932,0.064
QUEUE,1762385943.642,89039,2#0:[840,231,490,180,120,408,740,801,303,63,83,932,756,970,22,925,717,968,793,772,541,270,615,466,48,179,556,606,110,893,413,651,542,319,592,394,815,635,354,974,297,916,287,62,681,276,185,305,998,448,240,827,415,937,241,692,482,814,322,359,268,89,114,890,343,148,941,898,649,939,163,24,930,563,145,340,777,524,64,741,475,391,687,679,116,830,27,804,219,882,414,523,894,579,484,895,952,721,216,511],2#1:[395,385,917,379,419,576,732,885,330,438,872,709,883,434,655,312,554,181,620,194,696,875,314,931,958,422,803,612,284,285,954,491,105,324,450,17,118,990,210,868,471,480,588,162,239,269,594,95,569,250,243,313,221,780,164,257,42,192,377,486,562,962,550,437,278,153,200,505,220,79,225,353,167,859,981,108,87,630,546,55,311,552,175,248,129,390,81,364,196,444,993,797,934,924,266,502,929,464,350,996],2#2:[848,634,109,397,481,201,575,372,124,629,915,526,402,476,720,538,570,888,744,82,406,29,459,532,271,911,811,600,77,906,60,671,435,136,728,193,987,796,117,111,880,348,648,560,626,583,617,991,688,357,212,616,25,401,719,628,152,527,951,711,516,988,769,489,228,822,331,140,664,52,488,245,447,574,15,199,125,763,539,831,84,317,944,88,362,65,591,190,66,332,834,100,985,764,675,768,59,149,436,927],2#3:[515,157,755,701,750,926,251,294,564,672,519,786,838,461,731,643,423,603,101,346,851,837,627,274,587,244,302,477,775,35,18,863,799,558,956,632,430,373,460,34,106,708,70,233,236,296,1,540,147,641,967,58,637,528,737,846,729,154,887,206,510,6,730,821,289,608,456,141,739,598,392,30,940,533,3,656,416,21,355,47,50,835,473,509,572,982,727,339,785,352,383,610,463,534,685,514,172,653,555,684],2#4:[676,26,46,922,975,128,537,816,743,258,323,625,146,144,953,961,904,680,386,565,914,104,378,166,222,424,44,874,580,955,33,349,338,964,282,421,850,93,230,74,813,73,809,492,325,918,869,773,657,791,789,986,67,465,326,262,405,247,337,798,611,316,757,494,800,14,794,909,40,68,474,817,186,965,71,858,39,279,907,710,217,897,213,479,242,521,365,936,308,557,614,748,90,792,825,948,328,396,920,304],2#5:[966,658,497,828,971,802,752,867,566,446,619,700,345,593,596,16,747,836,43,891,168,864,901,508,455,994,382,293,522,506,156,602,856,53,889,205,28,306,530,174,115,470,119,604,249,913,462,54,902,126,783,356,745,567,280,184,820,85,669,431,861,543,468,753,995,832,309,767,307,517,487,472,426,229,663,683,342,441,369,724,667,774,467,666,12,876,20,695,844,327,13,358,852,871,972,445,512,749,949,999],2#6:[702,5,133,912,733,286,139,411,623,674,865,399,642,824,238,211,698,130,76,439,810,283,841,389,779,273,10,38,234,969,716,170,61,781,525,776,227,121,500,215,661,202,899,507,905,138,295,921,253,69,344,272,183,933,122,978,453,32,187,91,877,400,214,704,336,644,853,417,843,713,485,547,910,693,984,425,232,94,291,418,224,826,41,457,281,650,581,265,188,715,11,723,761,806,410,742,45,938,223,171],2#7:[660,499,160,857,259,367,433,151,960,568,404,795,275,886,254,646,545,375,677,973,847,549,78,997,862,98,855,86,449,301,678,976,943,428,363,771,787,142,366,503,57,638,123,690,478,498,176,758,368,0,699,159,178,691,992,329,412,351,300,361,150,705,56,553,518,256,977,197,36,584,182,751,299,155,195,103,376,8,97,407,725,469,531,2,127,135,347,403,252,849,842,132,165,714,950,310,204,333,712,633],2#8:[23,292,770,980,432,493,173,760,442,946,454,495,4,622,662,237,80,578,645,255,288,191,380,595,736,896,589,618,707,983,738,639,72,209,298,427,96,957,866,959,49,812,784,908,381,900,665,208,928,277,335,881,919,722,504,102,320,892,870,207,264,782,99,384,854,903,315,398,590,137,548,559,203,393,31,51,585,703,169,483,668,670,640,673,873,226,501,388,597,878,726,659,989,520,647,833,607,458,189,409],2#9:[605,879,440,706,808,235,112,935,884,321,734,947,360,735,923,613,807,577,513,387,131,161,860,198,694,37,107,689,746,571,451,945,573,544,599,819,261,778,318,654,765,818,697,263,246,762,839,823,334,177,621,496,829,143,682,790,218,845,788,652,260,624,942,686,979,601,75,452,9,582,429,561,766,529,420,370,963,535,586,92,759,267,536,551,158,371,443,341,290,19,374,754,113,636,805,609,718,134,7,631]
QUEUE,1762385943.642,89039,2#0:[840,231,490,180,120,408,740,801,303,63,83,932,756,970,22,925,717,968,793,772,541,270,615,466,48,179,556,606,110,893,413,651,542,319,592,394,815,635,354,974,297,916,287,62,681,276,185,305,998,448,240,827,415,937,241,692,482,814,322,359,268,89,114,890,343,148,941,898,649,939,163,24,930,563,145,340,777,524,64,741,475,391,687,679,116,830,27,804,219,882,414,523,894,579,484,895,952,721,216,511],2#1:[395,385,917,379,419,576,732,885,330,438,872,709,883,434,655,312,554,181,620,194,696,875,314,931,958,422,803,612,284,285,954,491,105,324,450,17,118,990,210,868,471,480,588,162,239,269,594,95,569,250,243,313,221,780,164,257,42,192,377,486,562,962,550,437,278,153,200,505,220,79,225,353,167,859,981,108,87,630,546,55,311,552,175,248,129,390,81,364,196,444,993,797,934,924,266,502,929,464,350,996],2#2:[848,634,109,397,481,201,575,372,124,629,915,526,402,476,720,538,570,888,744,82,406,29,459,532,271,911,811,600,77,906,60,671,435,136,728,193,987,796,117,111,880,348,648,560,626,583,617,991,688,357,212,616,25,401,719,628,152,527,951,711,516,988,769,489,228,822,331,140,664,52,488,245,447,574,15,199,125,763,539,831,84,317,944,88,362,65,591,190,66,332,834,100,985,764,675,768,59,149,436,927],2#3:[515,157,755,701,750,926,251,294,564,672,519,786,838,461,731,643,423,603,101,346,851,837,627,274,587,244,302,477,775,35,18,863,799,558,956,632,430,373,460,34,106,708,70,233,236,296,1,540,147,641,967,58,637,528,737,846,729,154,887,206,510,6,730,821,289,608,456,141,739,598,392,30,940,533,3,656,416,21,355,47,50,835,473,509,572,982,727,339,785,352,383,610,463,534,685,514,172,653,555,684],2#4:[676,26,46,922,975,128,537,816,743,258,323,625,146,144,953,961,904,680,386,565,914,104,378,166,222,424,44,874,580,955,33,349,338,964,282,421,850,93,230,74,813,73,809,492,325,918,869,773,657,791,789,986,67,465,326,262,405,247,337,798,611,316,757,494,800,14,794,909,40,68,474,817,186,965,71,858,39,279,907,710,217,897,213,479,242,521,365,936,308,557,614,748,90,792,825,948,328,396,920,304],2#5:[966,658,497,828,971,802,752,867,566,446,619,700,345,593,596,16,747,836,43,891,168,864,901,508,455,994,382,293,522,506,156,602,856,53,889,205,28,306,530,174,115,470,119,604,249,913,462,54,902,126,783,356,745,567,280,184,820,85,669,431,861,543,468,753,995,832,309,767,307,517,487,472,426,229,663,683,342,441,369,724,667,774,467,666,12,876,20,695,844,327,13,358,852,871,972,445,512,749,949,999],2#6:[702,5,133,912,733,286,139,411,623,674,865,399,642,824,238,211,698,130,76,439,810,283,841,389,779,273,10,38,234,969,716,170,61,781,525,776,227,121,500,215,661,202,899,507,905,138,295,921,253,69,344,272,183,933,122,978,453,32,187,91,877,400,214,704,336,644,853,417,843,713,485,547,910,693,984,425,232,94,291,418,224,826,41,457,281,650,581,265,188,715,11,723,761,806,410,742,45,938,223,171],2#7:[660,499,160,857,259,367,433,151,960,568,404,795,275,886,254,646,545,375,677,973,847,549,78,997,862,98,855,86,449,301,678,976,943,428,363,771,787,142,366,503,57,638,123,690,478,498,176,758,368,0,699,159,178,691,992,329,412,351,300,361,150,705,56,553,518,256,977,197,36,584,182,751,299,155,195,103,376,8,97,407,725,469,531,2,127,135,347,403,252,849,842,132,165,714,950,310,204,333,712,633],2#8:[23,292,770,980,432,493,173,760,442,946,454,495,4,622,662,237,80,578,645,255,288,191,380,595,736,896,589,618,707,983,738,639,72,209,298,427,96,957,866,959,49,812,784,908,381,900,665,208,928,277,335,881,919,722,504,102,320,892,870,207,264,782,99,384,854,903,315,398,590,137,548,559,203,393,31,51,585,703,169,483,668,670,640,673,873,226,501,388,597,878,726,659,989,520,647,833,607,458,189,409],2#9:[605,879,440,706,808,235,112,935,884,321,734,947,360,735,923,613,807,577,513,387,131,161,860,198,694,37,107,689,746,571,451,945,573,544,599,819,261,778,318,654,765,818,697,263,246,762,839,823,334,177,621,496,829,143,682,790,218,845,788,652,260,624,942,686,979,601,75,452,9,582,429,561,766,529,420,370,963,535,586,92,759,267,536,551,158,371,443,341,290,19,374,754,113,636,805,609,718,134,7,631]
PROCESS,1762385943.643,89039,100,616,373,176,448,209,195,115,871,764,80,565,366,117,844,174,395,659,723,611,816,79,571,683,610,967,344,521,356,504,252,809,790,337,238,40,624,688,837,274,200,132,782,637,405,407,258,347,360,33,654,294,983,396,740,207,994,859,393,427,50,693,459,669,848,456,539,780,196,361,657,830,92,985,772,310,777,759,734,613,394,462,634,973,891,881,370,434,500,256,363,415,495,447,426,287,420,380,631,467,805
FETCH,1762385943.664,89047,379,0.066
FETCH,1762385943.688,89045,634,0.082
FETCH,1762385943.703,89048,515,0.193
FETCH,1762385943.713,89046,756,0.072
FETCH,1762385943.724,89047,419,0.060
FETCH,1762385943.760,89045,109,0.071
FETCH,1762385943.768,89048,157,0.064
FETCH,1762385943.779,89046,970,0.065
FETCH,1762385943.790,89047,576,0.066
FETCH,1762385943.827,89048,755,0.058
FETCH,1762385943.829,89045,397,0.070
FETCH,1762385943.845,89046,22,0.066
FETCH,1762385943.859,89047,732,0.068
FETCH,1762385943.890,89048,701,0.063
FETCH,1762385943.904,89045,481,0.074
FETCH,1762385943.913,89046,925,0.068
QUEUE,1762385943.930,89039,2#0:[840,231,490,180,120,408,740,801,303,63,83,932,756,970,22,925,717,968,793,772,541,270,615,466,48,179,556,606,110,893,413,651,542,319,592,394,815,635,354,974,297,916,287,62,681,276,185,305,998,448,240,827,415,937,241,692,482,814,322,359,268,89,114,890,343,148,941,898,649,939,163,24,930,563,145,340,777,524,64,741,475,391,687,679,116,830,27,804,219,882,414,523,894,579,484,895,952,721,216,511],2#1:[395,385,917,379,419,576,732,885,330,438,872,709,883,434,655,312,554,181,620,194,696,875,314,931,958,422,803,612,284,285,954,491,105,324,450,17,118,990,210,868,471,480,588,162,239,269,594,95,569,250,243,313,221,780,164,257,42,192,377,486,562,962,550,437,278,153,200,505,220,79,225,353,167,859,981,108,87,630,546,55,311,552,175,248,129,390,81,364,196,444,993,797,934,924,266,502,929,464,350,996],2#2:[848,634,109,397,481,201,575,372,124,629,915,526,402,476,720,538,570,888,744,82,406,29,459,532,271,911,811,600,77,906,60,671,435,136,728,193,987,796,117,111,880,348,648,560,626,583,617,991,688,357,212,616,25,401,719,628,152,527,951,711,516,988,769,489,228,822,331,140,664,52,488,245,447,574,15,199,125,763,539,831,84,317,944,88,362,65,591,190,66,332,834,100,985,764,675,768,59,149,436,927],2#3:[515,157,755,701,750,926,251,294,564,672,519,786,838,461,731,643,423,603,101,346,851,837,627,274,587,244,302,477,775,35,18,863,799,558,956,632,430,373,460,34,106,708,70,233,236,296,1,540,147,641,967,58,637,528,737,846,729,154,887,206,510,6,730,821,289,608,456,141,739,598,392,30,940,533,3,656,416,21,355,47,50,835,473,509,572,982,727,339,785,352,383,610,463,534,685,514,172,653,555,684],2#4:[676,26,46,922,975,128,537,816,743,258,323,625,146,144,953,961,904,680,386,565,914,104,378,166,222,424,44,874,580,955,33,349,338,964,282,421,850,93,230,74,813,73,809,492,325,918,869,773,657,791,789,986,67,465,326,262,405,247,337,798,611,316,757,494,800,14,794,909,40,68,474,817,186,965,71,858,39,279,907,710,217,897,213,479,242,521,365,936,308,557,614,748,90,792,825,948,328,396,920,304],2#5:[966,658,497,828,971,802,752,867,566,446,619,700,345,593,596,16,747,836,43,891,168,864,901,508,455,994,382,293,522,506,156,602,856,53,889,205,28,306,530,174,115,470,119,604,249,913,462,54,902,126,783,356,745,567,280,184,820,85,669,431,861,543,468,753,995,832,309,767,307,517,487,472,426,229,663,683,342,441,369,724,667,774,467,666,12,876,20,695,844,327,13,358,852,871,972,445,512,749,949,999],2#6:[702,5,133,912,733,286,139,411,623,674,865,399,642,824,238,211,698,130,76,439,810,283,841,389,779,273,10,38,234,969,716,170,61,781,525,776,227,121,500,215,661,202,899,507,905,138,295,921,253,69,344,272,183,933,122,978,453,32,187,91,877,400,214,704,336,644,853,417,843,713,485,547,910,693,984,425,232,94,291,418,224,826,41,457,281,650,581,265,188,715,11,723,761,806,410,742,45,938,223,171],2#7:[660,499,160,857,259,367,433,151,960,568,404,795,275,886,254,646,545,375,677,973,847,549,78,997,862,98,855,86,449,301,678,976,943,428,363,771,787,142,366,503,57,638,123,690,478,498,176,758,368,0,699,159,178,691,992,329,412,351,300,361,150,705,56,553,518,256,977,197,36,584,182,751,299,155,195,103,376,8,97,407,725,469,531,2,127,135,347,403,252,849,842,132,165,714,950,310,204,333,712,633],2#8:[23,292,770,980,432,493,173,760,442,946,454,495,4,622,662,237,80,578,645,255,288,191,380,595,736,896,589,618,707,983,738,639,72,209,298,427,96,957,866,959,49,812,784,908,381,900,665,208,928,277,335,881,919,722,504,102,320,892,870,207,264,782,99,384,854,903,315,398,590,137,548,559,203,393,31,51,585,703,169,483,668,670,640,673,873,226,501,388,597,878,726,659,989,520,647,833,607,458,189,409],2#9:[605,879,440,706,808,235,112,935,884,321,734,947,360,735,923,613,807,577,513,387,131,161,860,198,694,37,107,689,746,571,451,945,573,544,599,819,261,778,318,654,765,818,697,263,246,762,839,823,334,177,621,496,829,143,682,790,218,845,788,652,260,624,942,686,979,601,75,452,9,582,429,561,766,529,420,370,963,535,586,92,759,267,536,551,158,371,443,341,290,19,374,754,113,636,805,609,718,134,7,631]
PROCESS,1762385943.930,89039,100,915,499,48,312,644,365,765,639,879,757,784,737,121,817,259,762,607,608,964,665,627,860,371,569,827,323,492,290,913,903,45,653,484,776,112,497,285,667,945,744,867,72,951,408,995,62,423,90,251,113,264,513,318,390,600,752,247,8,661,750,922,943,250,51,585,671,749,851,255,53,904,185,203,453,853,975,873,717,145,392,31,170,13,566,690,61,702,889,277,818,533,509,622,106,16,524,160,921,532,167
FETCH,1762385943.951,89048,750,0.061
FETCH,1762385943.958,89047,885,0.099
FETCH,1762385943.972,89045,201,0.069
FETCH,1762385943.977,89046,717,0.063
FETCH,1762385944.019,89048,926,0.068
FETCH,1762385944.031,89047,330,0.072
FETCH,1762385944.037,89046,968,0.061
FETCH,1762385944.037,89045,575,0.065
FETCH,1762385944.081,89048,251,0.062
FETCH,1762385944.103,89046,793,0.066
FETCH,1762385944.103,89047,438,0.072
FETCH,1762385944.107,89045,372,0.070
FETCH,1762385944.144,89048,294,0.063
FETCH,1762385944.171,89047,872,0.068
FETCH,1762385944.171,89046,772,0.068
FETCH,1762385944.172,89045,124,0.065
FETCH,1762385944.208,89048,564,0.063
PROCESS,1762385944.209,89039,100,575,647,668,276,681,652,813,85,804,317,191,766,525,189,12,946,201,815,381,962,590,636,831,888,828,626,91,989,28,429,534,942,998,928,930,498,886,763,687,642,560,109,618,875,912,54,338,540,212,56,230,49,400,698,972,887,629,348,563,157,603,343,670,265,694,988,199,350,223,543,516,458,531,900,628,482,756,808,779,630,768,703,27,463,244,175,340,73,46,81,443,501,708,857,180,511,15,182,416,67
FETCH,1762385944.236,89046,541,0.064
FETCH,1762385944.236,89045,629,0.063
FETCH,1762385944.237,89047,709,0.065
FETCH,1762385944.267,89048,672,0.059
FETCH,1762385944.307,89045,915,0.070
FETCH,1762385944.307,89047,883,0.070
FETCH,1762385944.307,89046,270,0.071
FETCH,1762385944.329,89048,519,0.062
FETCH,1762385944.369,89046,615,0.062
FETCH,1762385944.373,89045,526,0.066
FETCH,1762385944.373,89047,434,0.066
FETCH,1762385944.425,89048,786,0.095
FETCH,1762385944.433,89046,466,0.063
FETCH,1762385944.442,89047,655,0.069
FETCH,1762385944.477,89045,402,0.103
FETCH,1762385944.486,89048,838,0.061
FETCH,1762385944.491,89046,48,0.057
FETCH,1762385944.505,89047,312,0.062
FETCH,1762385944.546,89045,476,0.069
FETCH,1762385944.554,89048,461,0.067
FETCH,1762385944.567,89047,554,0.062
FETCH,1762385944.581,89046,179,0.091
FETCH,1762385944.620,89048,731,0.065
FETCH,1762385944.620,89045,720,0.073
FETCH,1762385944.637,89047,181,0.071
FETCH,1762385944.648,89046,556,0.066
FETCH,1762385944.687,89048,643,0.067
FETCH,1762385944.692,89045,538,0.072
FETCH,1762385944.706,89047,620,0.069
FETCH,1762385944.716,89046,606,0.064
FETCH,1762385944.764,89048,423,0.076
FETCH,1762385944.776,89045,570,0.084
FETCH,1762385944.781,89046,110,0.064
FETCH,1762385944.781,89047,194,0.075
FETCH,1762385944.846,89048,603,0.082
FETCH,1762385944.846,89046,893,0.066
FETCH,1762385944.852,89045,888,0.075
FETCH,1762385944.852,89047,696,0.071
FETCH,1762385944.908,89048,101,0.061
FETCH,1762385944.916,89046,413,0.069
FETCH,1762385944.926,89045,744,0.074
FETCH,1762385944.926,89047,875,0.074
FETCH,1762385944.975,89048,346,0.067
FETCH,1762385944.983,89046,651,0.066
FETCH,1762385945.005,89047,314,0.076
FETCH,1762385945.006,89045,82,0.077
FETCH,1762385945.040,89048,851,0.064
FETCH,1762385945.048,89046,542,0.066
FETCH,1762385945.070,89047,931,0.065
FETCH,1762385945.070,89045,406,0.064
FETCH,1762385945.106,89048,837,0.066
FETCH,1762385945.113,89046,319,0.065
FETCH,1762385945.136,89047,958,0.066
FETCH,1762385945.145,89045,29,0.075
FETCH,1762385945.169,89048,627,0.062
FETCH,1762385945.198,89046,592,0.085
FETCH,1762385945.205,89047,422,0.069
FETCH,1762385945.211,89045,459,0.066
FETCH,1762385945.233,89048,274,0.064
FETCH,1762385945.276,89046,394,0.077
FETCH,1762385945.276,89047,803,0.070
FETCH,1762385945.297,89048,587,0.064
FETCH,1762385945.297,89045,532,0.085
FETCH,1762385945.352,89047,612,0.076
FETCH,1762385945.352,89046,815,0.076
FETCH,1762385945.361,89048,244,0.064
FETCH,1762385945.378,89045,271,0.081
FETCH,1762385945.426,89048,302,0.065
FETCH,1762385945.426,89046,635,0.074
FETCH,1762385945.426,89047,284,0.074
FETCH,1762385945.455,89045,911,0.076
FETCH,1762385945.496,89048,477,0.070
FETCH,1762385945.507,89047,285,0.081
FETCH,1762385945.526,89046,354,0.100
FETCH,1762385945.530,89045,811,0.076
FETCH,1762385945.568,89048,775,0.072
FETCH,1762385945.574,89047,954,0.067
FETCH,1762385945.595,89046,974,0.069
FETCH,1762385945.603,89045,600,0.072
FETCH,1762385945.632,89048,35,0.064
FETCH,1762385945.643,89047,491,0.069
FETCH,1762385945.665,89046,297,0.069
FETCH,1762385945.672,89045,77,0.070
FETCH,1762385945.693,89048,18,0.061
FETCH,1762385945.712,89047,105,0.069
FETCH,1762385945.735,89045,906,0.062
FETCH,1762385945.735,89046,916,0.070
FETCH,1762385945.755,89048,863,0.062
FETCH,1762385945.779,89047,324,0.067
FETCH,1762385945.802,89045,60,0.067
FETCH,1762385945.802,89046,287,0.067
FETCH,1762385945.817,89048,799,0.062
FETCH,1762385945.845,89047,450,0.066
FETCH,1762385945.867,89046,62,0.064
FETCH,1762385945.878,89048,558,0.061
FETCH,1762385945.878,89045,671,0.076
FETCH,1762385945.908,89047,17,0.062
FETCH,1762385945.943,89048,956,0.065
FETCH,1762385945.944,89046,681,0.077
FETCH,1762385945.945,89045,435,0.067
FETCH,1762385945.970,89047,118,0.061
FETCH,1762385946.013,89048,632,0.070
FETCH,1762385946.017,89046,276,0.073
FETCH,1762385946.017,89045,136,0.072
FETCH,1762385946.035,89047,990,0.065
FETCH,1762385946.083,89048,430,0.069
FETCH,1762385946.083,89046,185,0.066
FETCH,1762385946.090,89045,728,0.073
FETCH,1762385946.100,89047,210,0.065
FETCH,1762385946.161,89048,373,0.078
FETCH,1762385946.166,89046,305,0.083
FETCH,1762385946.167,89045,193,0.077
FETCH,1762385946.170,89047,868,0.070
FETCH,1762385946.232,89046,998,0.066
FETCH,1762385946.236,89045,987,0.069
FETCH,1762385946.260,89047,471,0.090
FETCH,1762385946.273,89048,460,0.112
FETCH,1762385946.312,89046,448,0.079
FETCH,1762385946.312,89045,796,0.076
FETCH,1762385946.323,89047,480,0.063
FETCH,1762385946.331,89048,34,0.058
FETCH,1762385946.391,89046,240,0.078
FETCH,1762385946.397,89045,117,0.085
FETCH,1762385946.397,89047,588,0.074
FETCH,1762385946.401,89048,106,0.069
FETCH,1762385946.465,89046,827,0.074
FETCH,1762385946.471,89048,708,0.070
FETCH,1762385946.480,89045,111,0.082
FETCH,1762385946.480,89047,162,0.082
FETCH,1762385946.539,89046,415,0.073
FETCH,1762385946.542,89048,70,0.071
FETCH,1762385946.553,89047,239,0.073
FETCH,1762385946.561,89045,880,0.081
FETCH,1762385946.620,89046,937,0.080
FETCH,1762385946.624,89048,233,0.082
FETCH,1762385946.629,89045,348,0.068
FETCH,1762385946.629,89047,269,0.076
FETCH,1762385946.699,89048,236,0.074
FETCH,1762385946.706,89047,594,0.077
FETCH,1762385946.709,89045,648,0.080
FETCH,1762385946.709,89046,241,0.089
FETCH,1762385946.769,89048,296,0.069
FETCH,1762385946.774,89046,692,0.064
FETCH,1762385946.776,89045,560,0.067
FETCH,1762385946.822,89047,95,0.115
FETCH,1762385946.841,89045,626,0.065
FETCH,1762385946.841,89048,1,0.072
FETCH,1762385946.841,89046,482,0.067
FETCH,1762385946.898,89047,569,0.076
FETCH,1762385946.905,89048,540,0.064
FETCH,1762385946.911,89046,814,0.069
FETCH,1762385946.911,89045,583,0.070
FETCH,1762385946.963,89047,250,0.065
FETCH,1762385946.973,89048,147,0.068
FETCH,1762385946.980,89046,322,0.069
FETCH,1762385946.980,89045,617,0.069
FETCH,1762385947.023,89047,243,0.060
FETCH,1762385947.032,89048,641,0.059
FETCH,1762385947.047,89045,991,0.066
FETCH,1762385947.048,89046,359,0.067
FETCH,1762385947.088,89047,313,0.065
FETCH,1762385947.098,89048,967,0.065
FETCH,1762385947.117,89046,268,0.069
FETCH,1762385947.117,89045,688,0.069
FETCH,1762385947.161,89047,221,0.071
FETCH,1762385947.170,89048,58,0.072
FETCH,1762385947.182,89046,89,0.065
FETCH,1762385947.184,89045,357,0.067
FETCH,1762385947.229,89047,780,0.068
FETCH,1762385947.243,89048,637,0.072
FETCH,1762385947.252,89046,114,0.069
FETCH,1762385947.253,89045,212,0.069
FETCH,1762385947.309,89047,164,0.079
FETCH,1762385947.317,89048,528,0.073
FETCH,1762385947.317,89046,890,0.065
FETCH,1762385947.322,89045,616,0.069
FETCH,1762385947.390,89046,343,0.073
FETCH,1762385947.390,89047,257,0.081
FETCH,1762385947.390,89048,737,0.073
FETCH,1762385947.396,89045,25,0.073
FETCH,1762385947.461,89047,42,0.071
FETCH,1762385947.461,89048,846,0.071
FETCH,1762385947.465,89046,148,0.075
FETCH,1762385947.468,89045,401,0.072
FETCH,1762385947.532,89048,729,0.070
FETCH,1762385947.532,89047,192,0.070
FETCH,1762385947.532,89046,941,0.067
FETCH,1762385947.541,89045,719,0.072
FETCH,1762385947.607,89048,154,0.074
FETCH,1762385947.607,89046,898,0.074
FETCH,1762385947.610,89045,628,0.068
FETCH,1762385947.610,89047,377,0.078
FETCH,1762385947.672,89048,887,0.065
FETCH,1762385947.674,89046,649,0.067
FETCH,1762385947.686,89045,152,0.076
FETCH,1762385947.686,89047,486,0.076
FETCH,1762385947.740,89048,206,0.067
FETCH,1762385947.752,89047,562,0.066
FETCH,1762385947.752,89046,939,0.078
FETCH,1762385947.772,89045,527,0.086
FETCH,1762385947.826,89048,510,0.086
FETCH,1762385947.837,89046,163,0.085
FETCH,1762385947.837,89047,962,0.085
FETCH,1762385947.843,89045,951,0.070
FETCH,1762385947.894,89048,6,0.067
FETCH,1762385947.905,89046,24,0.068
FETCH,1762385947.905,89047,550,0.068
FETCH,1762385947.917,89045,711,0.074
FETCH,1762385947.971,89047,437,0.065
FETCH,1762385947.971,89048,730,0.077
FETCH,1762385947.973,89046,930,0.068
FETCH,1762385947.984,89045,516,0.067
FETCH,1762385948.039,89048,821,0.068
FETCH,1762385948.043,89046,563,0.070
FETCH,1762385948.043,89047,278,0.072
FETCH,1762385948.053,89045,988,0.069
FETCH,1762385948.111,89048,289,0.071
FETCH,1762385948.115,89047,153,0.072
FETCH,1762385948.116,89046,145,0.073
FETCH,1762385948.132,89045,769,0.079
FETCH,1762385948.175,89048,608,0.064
FETCH,1762385948.182,89046,340,0.065
FETCH,1762385948.182,89047,200,0.066
FETCH,1762385948.197,89045,489,0.064
FETCH,1762385948.244,89048,456,0.069
FETCH,1762385948.257,89047,505,0.075
FETCH,1762385948.264,89046,777,0.082
FETCH,1762385948.273,89045,228,0.076
FETCH,1762385948.321,89048,141,0.076
FETCH,1762385948.336,89047,220,0.079
FETCH,1762385948.336,89046,524,0.072
FETCH,1762385948.343,89045,822,0.069
FETCH,1762385948.386,89048,739,0.065
FETCH,1762385948.407,89047,79,0.070
FETCH,1762385948.407,89046,64,0.070
FETCH,1762385948.423,89045,331,0.080
FETCH,1762385948.458,89048,598,0.072
FETCH,1762385948.477,89046,741,0.070
FETCH,1762385948.503,89045,140,0.080
FETCH,1762385948.511,89047,225,0.104
FETCH,1762385948.523,89048,392,0.065
FETCH,1762385948.541,89046,475,0.063
FETCH,1762385948.574,89045,664,0.070
FETCH,1762385948.583,89047,353,0.072
FETCH,1762385948.588,89048,30,0.065
FETCH,1762385948.609,89046,391,0.068
FETCH,1762385948.646,89045,52,0.072
FETCH,1762385948.648,89048,940,0.060
FETCH,1762385948.654,89047,167,0.071
FETCH,1762385948.671,89046,687,0.062
FETCH,1762385948.714,89048,533,0.066
FETCH,1762385948.719,89045,488,0.072
FETCH,1762385948.725,89047,859,0.071
FETCH,1762385948.741,89046,679,0.070
FETCH,1762385948.777,89048,3,0.064
FETCH,1762385948.790,89047,981,0.065
FETCH,1762385948.790,89045,245,0.072
FETCH,1762385948.809,89046,116,0.068
FETCH,1762385948.841,89048,656,0.063
FETCH,1762385948.861,89045,447,0.071
FETCH,1762385948.861,89047,108,0.071
FETCH,1762385948.875,89046,830,0.065
FETCH,1762385948.902,89048,416,0.061
FETCH,1762385948.925,89047,87,0.064
FETCH,1762385948.932,89045,574,0.071
FETCH,1762385948.935,89046,27,0.060
FETCH,1762385948.968,89048,21,0.066
FETCH,1762385948.992,89047,630,0.067
FETCH,1762385949.000,89046,804,0.065
FETCH,1762385949.000,89045,15,0.068
FETCH,1762385949.028,89048,355,0.060
FETCH,1762385949.075,89047,546,0.083
FETCH,1762385949.076,89046,219,0.075
FETCH,1762385949.076,89045,199,0.075
FETCH,1762385949.089,89048,47,0.061
FETCH,1762385949.142,89047,55,0.067
FETCH,1762385949.142,89045,125,0.067
FETCH,1762385949.147,89046,882,0.071
FETCH,1762385949.154,89048,50,0.064
FETCH,1762385949.215,89045,763,0.072
FETCH,1762385949.215,89047,311,0.073
FETCH,1762385949.218,89048,835,0.064
FETCH,1762385949.218,89046,414,0.071
FETCH,1762385949.285,89047,552,0.070
FETCH,1762385949.285,89048,473,0.068
FETCH,1762385949.292,89046,523,0.074
FETCH,1762385949.292,89045,539,0.077
FETCH,1762385949.351,89047,175,0.065
FETCH,1762385949.358,89048,509,0.073
FETCH,1762385949.358,89046,894,0.066
FETCH,1762385949.363,89045,831,0.070
FETCH,1762385949.420,89048,572,0.062
FETCH,1762385949.437,89045,84,0.074
FETCH,1762385949.437,89046,579,0.079
FETCH,1762385949.450,89047,248,0.100
FETCH,1762385949.490,89048,982,0.070
FETCH,1762385949.498,89046,484,0.061
FETCH,1762385949.509,89045,317,0.071
FETCH,1762385949.514,89047,129,0.063
FETCH,1762385949.563,89048,727,0.072
FETCH,1762385949.569,89046,895,0.071
FETCH,1762385949.574,89047,390,0.059
FETCH,1762385949.580,89045,944,0.071
FETCH,1762385949.633,89048,339,0.070
FETCH,1762385949.638,89046,952,0.069
FETCH,1762385949.638,89047,81,0.065
FETCH,1762385949.650,89045,88,0.070
FETCH,1762385949.707,89046,721,0.068
FETCH,1762385949.707,89047,364,0.068
FETCH,1762385949.707,89048,785,0.074
FETCH,1762385949.721,89045,362,0.071
FETCH,1762385949.770,89048,352,0.063
FETCH,1762385949.777,89047,196,0.071
FETCH,1762385949.777,89046,216,0.071
FETCH,1762385949.831,89045,65,0.109
FETCH,1762385949.836,89048,383,0.066
FETCH,1762385949.843,89047,444,0.065
FETCH,1762385949.843,89046,511,0.065
PROCESS,1762385949.850,89039,100,840,231,490,180,120,408,740,801,303,63,83,932,756,970,22,925,717,968,793,772,541,270,615,466,48,179,556,606,110,893,413,651,542,319,592,394,815,635,354,974,297,916,287,62,681,276,185,305,998,448,240,827,415,937,241,692,482,814,322,359,268,89,114,890,343,148,941,898,649,939,163,24,930,563,145,340,777,524,64,741,475,391,687,679,116,830,27,804,219,882,414,523,894,579,484,895,952,721,216,511
FETCH,1762385949.899,89048,610,0.063
FETCH,1762385949.902,89045,591,0.071
FETCH,1762385949.919,89047,993,0.076
FETCH,1762385949.969,89048,463,0.069
FETCH,1762385949.974,89045,190,0.072
FETCH,1762385949.980,89047,797,0.060
FETCH,1762385950.048,89047,934,0.068
FETCH,1762385950.048,89045,66,0.074
FETCH,1762385950.048,89048,534,0.079
FETCH,1762385950.115,89047,924,0.067
FETCH,1762385950.115,89048,685,0.067
FETCH,1762385950.118,89045,332,0.070
FETCH,1762385950.149,89046,676,0.304
FETCH,1762385950.179,89048,514,0.064
FETCH,1762385950.181,89047,266,0.065
FETCH,1762385950.188,89045,834,0.070
FETCH,1762385950.216,89046,26,0.066
FETCH,1762385950.246,89048,172,0.067
FETCH,1762385950.250,89047,502,0.069
FETCH,1762385950.262,89045,100,0.074
FETCH,1762385950.279,89046,46,0.063
FETCH,1762385950.309,89048,653,0.062
FETCH,1762385950.315,89047,929,0.065
FETCH,1762385950.333,89045,985,0.070
FETCH,1762385950.344,89046,922,0.065
FETCH,1762385950.384,89047,464,0.069
FETCH,1762385950.392,89048,555,0.083
FETCH,1762385950.399,89045,764,0.066
FETCH,1762385950.405,89046,975,0.061
FETCH,1762385950.449,89047,350,0.065
FETCH,1762385950.466,89045,675,0.067
FETCH,1762385950.466,89046,128,0.061
FETCH,1762385950.483,89048,684,0.091
FETCH,1762385950.531,89045,768,0.065
FETCH,1762385950.531,89046,537,0.065
FETCH,1762385950.542,89047,996,0.093
FETCH,1762385950.596,89046,816,0.064
FETCH,1762385950.616,89045,59,0.085
FETCH,1762385950.696,89045,149,0.080
FETCH,1762385950.705,89046,743,0.109
FETCH,1762385950.707,89048,966,0.221
FETCH,1762385950.768,89045,436,0.072
FETCH,1762385950.778,89046,258,0.073
FETCH,1762385950.778,89048,658,0.071
FETCH,1762385950.778,89047,702,0.233
FETCH,1762385950.849,89048,497,0.071
FETCH,1762385950.853,89047,5,0.071
FETCH,1762385950.891,89046,323,0.103
FETCH,1762385950.892,89045,927,0.124
PROCESS,1762385950.953,89039,100,395,385,917,379,419,576,732,885,330,438,872,709,883,434,655,312,554,181,620,194,696,875,314,931,958,422,803,612,284,285,954,491,105,324,450,17,118,990,210,868,471,480,588,162,239,269,594,95,569,250,243,313,221,780,164,257,42,192,377,486,562,962,550,437,278,153,200,505,220,79,225,353,167,859,981,108,87,630,546,55,311,552,175,248,129,390,81,364,196,444,993,797,934,924,266,502,929,464,350,996
FETCH,1762385950.955,89048,828,0.100
FETCH,1762385950.980,89047,133,0.125
FETCH,1762385951.000,89046,625,0.109
FETCH,1762385951.048,89048,971,0.092
FETCH,1762385951.070,89047,912,0.090
FETCH,1762385951.085,89046,146,0.085
FETCH,1762385951.118,89048,802,0.070
FETCH,1762385951.161,89047,733,0.091
FETCH,1762385951.161,89046,144,0.076
FETCH,1762385951.188,89048,752,0.070
FETCH,1762385951.230,89046,953,0.068
FETCH,1762385951.252,89047,286,0.091
FETCH,1762385951.257,89048,867,0.068
FETCH,1762385951.295,89045,660,0.328
FETCH,1762385951.299,89046,961,0.069
FETCH,1762385951.325,89047,139,0.073
FETCH,1762385951.330,89048,566,0.073
FETCH,1762385951.378,89046,904,0.079
FETCH,1762385951.381,89045,499,0.085
PROCESS,1762385951.395,89039,100,848,634,109,397,481,201,575,372,124,629,915,526,402,476,720,538,570,888,744,82,406,29,459,532,271,911,811,600,77,906,60,671,435,136,728,193,987,796,117,111,880,348,648,560,626,583,617,991,688,357,212,616,25,401,719,628,152,527,951,711,516,988,769,489,228,822,331,140,664,52,488,245,447,574,15,199,125,763,539,831,84,317,944,88,362,65,591,190,66,332,834,100,985,764,675,768,59,149,436,927
FETCH,1762385951.409,89047,411,0.084
FETCH,1762385951.409,89048,446,0.079
FETCH,1762385951.446,89046,680,0.067
FETCH,1762385951.451,89045,160,0.070
FETCH,1762385951.478,89048,619,0.069
FETCH,1762385951.503,89047,623,0.094
FETCH,1762385951.513,89045,857,0.062
FETCH,1762385951.513,89046,386,0.067
FETCH,1762385951.546,89048,700,0.068
FETCH,1762385951.578,89047,674,0.074
FETCH,1762385951.578,89046,565,0.064
FETCH,1762385951.581,89045,259,0.068
FETCH,1762385951.616,89048,345,0.070
FETCH,1762385951.649,89046,914,0.071
FETCH,1762385951.649,89045,367,0.068
FETCH,1762385951.652,89047,865,0.074
FETCH,1762385951.686,89048,593,0.070
PROCESS,1762385951.709,89039,100,515,157,755,701,750,926,251,294,564,672,519,786,838,461,731,643,423,603,101,346,851,837,627,274,587,244,302,477,775,35,18,863,799,558,956,632,430,373,460,34,106,708,70,233,236,296,1,540,147,641,967,58,637,528,737,846,729,154,887,206,510,6,730,821,289,608,456,141,739,598,392,30,940,533,3,656,416,21,355,47,50,835,473,509,572,982,727,339,785,352,383,610,463,534,685,514,172,653,555,684
FETCH,1762385951.714,89046,104,0.065
FETCH,1762385951.721,89045,433,0.072
FETCH,1762385951.721,89047,399,0.069
FETCH,1762385951.749,89048,596,0.062
FETCH,1762385951.785,89046,378,0.070
FETCH,1762385951.794,89045,151,0.073
FETCH,1762385951.795,89047,642,0.073
FETCH,1762385951.815,89048,16,0.066
FETCH,1762385951.852,89046,166,0.067
FETCH,1762385951.865,89045,960,0.071
FETCH,1762385951.870,89047,824,0.075
FETCH,1762385951.890,89048,747,0.074
FETCH,1762385951.921,89046,222,0.069
FETCH,1762385951.948,89045,568,0.082
FETCH,1762385951.948,89047,238,0.078
FETCH,1762385951.961,89048,836,0.071
FETCH,1762385951.988,89046,424,0.067
FETCH,1762385952.023,89047,211,0.074
FETCH,1762385952.036,89045,404,0.088
FETCH,1762385952.036,89048,43,0.074
FETCH,1762385952.058,89046,44,0.070
FETCH,1762385952.088,89047,698,0.066
FETCH,1762385952.100,89048,891,0.064
FETCH,1762385952.105,89045,795,0.069
FETCH,1762385952.123,89046,874,0.064
FETCH,1762385952.153,89047,130,0.065
FETCH,1762385952.167,89048,168,0.067
FETCH,1762385952.171,89045,275,0.067
FETCH,1762385952.197,89046,580,0.074
FETCH,1762385952.292,89045,886,0.120
FETCH,1762385952.292,89048,864,0.125
FETCH,1762385952.305,89046,955,0.108
FETCH,1762385952.306,89047,76,0.152
FETCH,1762385952.358,89045,254,0.066
FETCH,1762385952.358,89048,901,0.066
FETCH,1762385952.375,89047,439,0.070
FETCH,1762385952.375,89046,33,0.070
FETCH,1762385952.425,89045,646,0.067
FETCH,1762385952.434,89048,508,0.076
FETCH,1762385952.450,89046,349,0.074
FETCH,1762385952.450,89047,810,0.074
FETCH,1762385952.488,89045,545,0.062
FETCH,1762385952.504,89048,455,0.070
FETCH,1762385952.520,89046,338,0.070
FETCH,1762385952.529,89047,283,0.079
FETCH,1762385952.558,89045,375,0.071
FETCH,1762385952.569,89048,994,0.065
FETCH,1762385952.596,89046,964,0.076
FETCH,1762385952.605,89047,841,0.075
FETCH,1762385952.631,89048,382,0.062
FETCH,1762385952.644,89045,677,0.086
FETCH,1762385952.661,89046,282,0.065
FETCH,1762385952.673,89047,389,0.068
FETCH,1762385952.698,89048,293,0.066
FETCH,1762385952.727,89045,973,0.082
FETCH,1762385952.741,89046,421,0.080
FETCH,1762385952.746,89047,779,0.073
FETCH,1762385952.763,89048,522,0.065
FETCH,1762385952.808,89046,850,0.067
FETCH,1762385952.808,89045,847,0.081
FETCH,1762385952.819,89047,273,0.073
FETCH,1762385952.825,89048,506,0.062
FETCH,1762385952.871,89046,93,0.062
FETCH,1762385952.877,89045,549,0.068
FETCH,1762385952.890,89047,10,0.071
FETCH,1762385952.937,89046,230,0.067
FETCH,1762385952.954,89045,78,0.077
FETCH,1762385952.967,89047,38,0.077
FETCH,1762385953.004,89048,156,0.178
FETCH,1762385953.004,89046,74,0.066
FETCH,1762385953.035,89047,234,0.068
FETCH,1762385953.035,89045,997,0.081
FETCH,1762385953.067,89046,813,0.063
FETCH,1762385953.067,89048,602,0.063
FETCH,1762385953.105,89047,969,0.070
FETCH,1762385953.105,89045,862,0.070
FETCH,1762385953.134,89048,856,0.067
FETCH,1762385953.134,89046,73,0.067
FETCH,1762385953.176,89047,716,0.071
FETCH,1762385953.176,89045,98,0.071
FETCH,1762385953.204,89046,809,0.070
FETCH,1762385953.204,89048,53,0.070
FETCH,1762385953.249,89047,170,0.073
FETCH,1762385953.268,89046,492,0.064
FETCH,1762385953.268,89048,889,0.064
FETCH,1762385953.268,89045,855,0.092
FETCH,1762385953.327,89047,61,0.077
FETCH,1762385953.334,89048,205,0.066
FETCH,1762385953.339,89045,86,0.070
FETCH,1762385953.354,89046,325,0.085
FETCH,1762385953.403,89047,781,0.076
FETCH,1762385953.411,89048,28,0.077
FETCH,1762385953.411,89045,449,0.072
FETCH,1762385953.417,89046,918,0.063
FETCH,1762385953.472,89048,306,0.060
FETCH,1762385953.482,89045,301,0.071
FETCH,1762385953.484,89047,525,0.080
FETCH,1762385953.484,89046,869,0.067
FETCH,1762385953.539,89048,530,0.068
FETCH,1762385953.553,89046,773,0.069
FETCH,1762385953.575,89045,678,0.093
FETCH,1762385953.599,89048,174,0.060
FETCH,1762385953.611,89047,776,0.127
FETCH,1762385953.619,89046,657,0.066
FETCH,1762385953.648,89045,976,0.072
FETCH,1762385953.658,89048,115,0.058
FETCH,1762385953.685,89046,791,0.066
FETCH,1762385953.685,89047,227,0.074
FETCH,1762385953.721,89045,943,0.073
FETCH,1762385953.721,89048,470,0.063
FETCH,1762385953.749,89046,789,0.064
FETCH,1762385953.756,89047,121,0.071
FETCH,1762385953.814,89045,428,0.093
FETCH,1762385953.814,89048,119,0.093
FETCH,1762385953.820,89046,986,0.071
FETCH,1762385953.826,89047,500,0.069
FETCH,1762385953.891,89045,363,0.077
FETCH,1762385953.891,89046,67,0.071
FETCH,1762385953.899,89047,215,0.073
FETCH,1762385953.912,89048,604,0.098
FETCH,1762385953.957,89046,465,0.066
FETCH,1762385953.961,89045,771,0.070
FETCH,1762385953.969,89047,661,0.070
FETCH,1762385953.980,89048,249,0.068
FETCH,1762385954.045,89045,787,0.084
FETCH,1762385954.045,89046,326,0.088
FETCH,1762385954.049,89047,202,0.080
FETCH,1762385954.064,89048,913,0.084
FETCH,1762385954.123,89046,262,0.077
FETCH,1762385954.123,89048,462,0.059
FETCH,1762385954.128,89045,142,0.083
FETCH,1762385954.128,89047,899,0.079
FETCH,1762385954.184,89048,54,0.061
FETCH,1762385954.187,89046,405,0.064
FETCH,1762385954.197,89047,507,0.069
FETCH,1762385954.197,89045,366,0.069
FETCH,1762385954.245,89048,902,0.061
FETCH,1762385954.256,89046,247,0.069
FETCH,1762385954.270,89047,905,0.072
FETCH,1762385954.283,89045,503,0.085
FETCH,1762385954.310,89048,126,0.065
FETCH,1762385954.321,89046,337,0.065
FETCH,1762385954.339,89047,138,0.069
FETCH,1762385954.382,89045,57,0.099
FETCH,1762385954.386,89046,798,0.065
FETCH,1762385954.404,89047,295,0.065
FETCH,1762385954.414,89048,783,0.103
FETCH,1762385954.447,89045,638,0.065
FETCH,1762385954.447,89046,611,0.061
FETCH,1762385954.474,89048,356,0.060
FETCH,1762385954.476,89047,921,0.072
FETCH,1762385954.512,89046,316,0.064
FETCH,1762385954.515,89045,123,0.067
FETCH,1762385954.538,89048,745,0.064
FETCH,1762385954.543,89047,253,0.067
FETCH,1762385954.600,89048,567,0.062
FETCH,1762385954.615,89046,757,0.103
FETCH,1762385954.621,89045,690,0.106
FETCH,1762385954.624,89047,69,0.081
FETCH,1762385954.667,89048,280,0.066
FETCH,1762385954.679,89046,494,0.064
FETCH,1762385954.695,89045,478,0.074
FETCH,1762385954.719,89047,344,0.095
FETCH,1762385954.727,89048,184,0.060
FETCH,1762385954.771,89045,498,0.076
FETCH,1762385954.784,89047,272,0.065
FETCH,1762385954.785,89046,800,0.106
FETCH,1762385954.794,89048,820,0.067
FETCH,1762385954.829,89045,176,0.058
FETCH,1762385954.848,89046,14,0.063
FETCH,1762385954.862,89047,183,0.077
FETCH,1762385954.872,89048,85,0.078
FETCH,1762385954.896,89045,758,0.067
FETCH,1762385954.926,89046,794,0.077
FETCH,1762385954.934,89047,933,0.072
FETCH,1762385954.936,89048,669,0.063
FETCH,1762385954.966,89045,368,0.069
FETCH,1762385954.994,89046,909,0.068
FETCH,1762385955.004,89047,122,0.070
FETCH,1762385955.004,89048,431,0.068
FETCH,1762385955.034,89045,0,0.068
FETCH,1762385955.064,89046,40,0.069
FETCH,1762385955.073,89048,861,0.069
FETCH,1762385955.078,89047,978,0.074
FETCH,1762385955.100,89045,699,0.065
FETCH,1762385955.131,89048,543,0.058
FETCH,1762385955.131,89046,68,0.067
FETCH,1762385955.147,89047,453,0.069
FETCH,1762385955.168,89045,159,0.068
FETCH,1762385955.192,89048,468,0.061
FETCH,1762385955.199,89046,474,0.067
FETCH,1762385955.243,89045,178,0.075
FETCH,1762385955.255,89047,32,0.108
FETCH,1762385955.263,89046,817,0.064
FETCH,1762385955.274,89048,753,0.082
FETCH,1762385955.318,89045,691,0.075
FETCH,1762385955.324,89046,186,0.061
FETCH,1762385955.324,89047,187,0.068
FETCH,1762385955.341,89048,995,0.067
FETCH,1762385955.387,89046,965,0.064
FETCH,1762385955.390,89045,992,0.072
FETCH,1762385955.392,89047,91,0.068
FETCH,1762385955.403,89048,832,0.062
FETCH,1762385955.454,89046,71,0.067
FETCH,1762385955.455,89047,877,0.063
FETCH,1762385955.456,89045,329,0.065
FETCH,1762385955.470,89048,309,0.066
FETCH,1762385955.522,89046,858,0.068
FETCH,1762385955.523,89045,412,0.066
FETCH,1762385955.525,89047,400,0.070
FETCH,1762385955.546,89048,767,0.076
FETCH,1762385955.590,89046,39,0.067
FETCH,1762385955.591,89045,351,0.068
FETCH,1762385955.604,89047,214,0.079
FETCH,1762385955.613,89048,307,0.068
FETCH,1762385955.668,89046,279,0.078
FETCH,1762385955.668,89045,300,0.077
FETCH,1762385955.674,89047,704,0.070
FETCH,1762385955.675,89048,517,0.062
FETCH,1762385955.739,89046,907,0.071
FETCH,1762385955.745,89048,487,0.070
FETCH,1762385955.745,89047,336,0.070
FETCH,1762385955.745,89045,361,0.077
FETCH,1762385955.808,89048,472,0.063
FETCH,1762385955.815,89047,644,0.070
FETCH,1762385955.815,89045,150,0.070
FETCH,1762385955.827,89046,710,0.089
FETCH,1762385955.875,89048,426,0.067
FETCH,1762385955.898,89046,217,0.070
FETCH,1762385955.898,89045,705,0.083
FETCH,1762385955.904,89047,853,0.089
FETCH,1762385955.964,89046,897,0.066
FETCH,1762385955.964,89045,56,0.066
FETCH,1762385955.964,89048,229,0.089
FETCH,1762385955.977,89047,417,0.073
FETCH,1762385956.032,89048,663,0.067
FETCH,1762385956.032,89046,213,0.067
FETCH,1762385956.032,89045,553,0.067
FETCH,1762385956.048,89047,843,0.071
FETCH,1762385956.093,89046,479,0.061
FETCH,1762385956.093,89048,683,0.062
FETCH,1762385956.102,89045,518,0.070
FETCH,1762385956.120,89047,713,0.072
FETCH,1762385956.159,89046,242,0.066
FETCH,1762385956.162,89048,342,0.069
FETCH,1762385956.167,89045,256,0.065
FETCH,1762385956.189,89047,485,0.069
FETCH,1762385956.219,89046,521,0.059
FETCH,1762385956.222,89048,441,0.059
FETCH,1762385956.230,89045,977,0.063
FETCH,1762385956.272,89047,547,0.083
FETCH,1762385956.285,89046,365,0.066
FETCH,1762385956.294,89048,369,0.072
FETCH,1762385956.299,89045,197,0.069
FETCH,1762385956.353,89046,936,0.068
FETCH,1762385956.355,89047,910,0.083
FETCH,1762385956.364,89048,724,0.070
FETCH,1762385956.370,89045,36,0.071
FETCH,1762385956.421,89046,308,0.067
FETCH,1762385956.431,89048,667,0.067
FETCH,1762385956.431,89047,693,0.076
FETCH,1762385956.437,89045,584,0.067
FETCH,1762385956.490,89046,557,0.068
FETCH,1762385956.503,89048,774,0.071
FETCH,1762385956.508,89045,182,0.071
FETCH,1762385956.508,89047,984,0.077
FETCH,1762385956.576,89048,467,0.073
FETCH,1762385956.576,89047,425,0.067
FETCH,1762385956.576,89046,614,0.086
FETCH,1762385956.590,89045,751,0.081
FETCH,1762385956.642,89048,666,0.066
FETCH,1762385956.652,89046,748,0.076
FETCH,1762385956.652,89047,232,0.076
FETCH,1762385956.656,89045,299,0.066
FETCH,1762385956.713,89048,12,0.070
FETCH,1762385956.715,89046,90,0.062
FETCH,1762385956.721,89047,94,0.068
FETCH,1762385956.722,89045,155,0.067
FETCH,1762385956.775,89048,876,0.062
FETCH,1762385956.792,89045,195,0.070
FETCH,1762385956.804,89047,291,0.083
FETCH,1762385956.814,89046,792,0.099
FETCH,1762385956.837,89048,20,0.062
FETCH,1762385956.857,89045,103,0.065
FETCH,1762385956.875,89047,418,0.071
FETCH,1762385956.877,89046,825,0.063
FETCH,1762385956.908,89048,695,0.070
FETCH,1762385956.928,89045,376,0.070
FETCH,1762385956.942,89046,948,0.065
FETCH,1762385956.970,89047,224,0.094
FETCH,1762385956.976,89048,844,0.068
FETCH,1762385957.001,89045,8,0.073
FETCH,1762385957.020,89046,328,0.077
FETCH,1762385957.035,89047,826,0.065
FETCH,1762385957.042,89048,327,0.066
FETCH,1762385957.073,89045,97,0.072
FETCH,1762385957.089,89046,396,0.069
FETCH,1762385957.105,89048,13,0.063
FETCH,1762385957.114,89047,41,0.078
FETCH,1762385957.139,89045,407,0.065
FETCH,1762385957.159,89046,920,0.070
FETCH,1762385957.171,89048,358,0.066
FETCH,1762385957.180,89047,457,0.066
FETCH,1762385957.208,89045,725,0.069
FETCH,1762385957.224,89046,304,0.065
PROCESS,1762385957.230,89039,100,676,26,46,922,975,128,537,816,743,258,323,625,146,144,953,961,904,680,386,565,914,104,378,166,222,424,44,874,580,955,33,349,338,964,282,421,850,93,230,74,813,73,809,492,325,918,869,773,657,791,789,986,67,465,326,262,405,247,337,798,611,316,757,494,800,14,794,909,40,68,474,817,186,965,71,858,39,279,907,710,217,897,213,479,242,521,365,936,308,557,614,748,90,792,825,948,328,396,920,304
FETCH,1762385957.236,89048,852,0.065
FETCH,1762385957.250,89047,281,0.070
FETCH,1762385957.303,89048,871,0.067
FETCH,1762385957.314,89045,469,0.106
FETCH,1762385957.319,89047,650,0.069
FETCH,1762385957.366,89048,972,0.063
FETCH,1762385957.382,89045,531,0.068
FETCH,1762385957.392,89047,581,0.072
FETCH,1762385957.434,89048,445,0.067
FETCH,1762385957.452,89045,2,0.069
FETCH,1762385957.454,89046,23,0.228
FETCH,1762385957.458,89047,265,0.066
FETCH,1762385957.502,89048,512,0.068
FETCH,1762385957.523,89045,127,0.072
FETCH,1762385957.524,89046,292,0.070
FETCH,1762385957.532,89047,188,0.074
FETCH,1762385957.566,89048,749,0.064
FETCH,1762385957.599,89045,135,0.076
FETCH,1762385957.602,89046,770,0.078
FETCH,1762385957.602,89047,715,0.070
FETCH,1762385957.633,89048,949,0.067
FETCH,1762385957.672,89046,980,0.070
FETCH,1762385957.672,89045,347,0.073
FETCH,1762385957.678,89047,11,0.075
FETCH,1762385957.705,89048,999,0.072
FETCH,1762385957.741,89046,432,0.069
FETCH,1762385957.747,89045,403,0.074
FETCH,1762385957.747,89047,723,0.069
FETCH,1762385957.811,89046,493,0.070
FETCH,1762385957.825,89047,761,0.079
FETCH,1762385957.825,89045,252,0.079
FETCH,1762385957.877,89046,173,0.065
FETCH,1762385957.898,89045,849,0.072
FETCH,1762385957.911,89048,605,0.192
FETCH,1762385957.925,89047,806,0.099
FETCH,1762385957.944,89046,760,0.067
FETCH,1762385957.970,89045,842,0.072
FETCH,1762385957.976,89048,879,0.065
FETCH,1762385957.996,89047,410,0.071
FETCH,1762385958.014,89046,442,0.070
FETCH,1762385958.035,89045,132,0.065
FETCH,1762385958.037,89048,440,0.061
PROCESS,1762385958.056,89039,100,966,658,497,828,971,802,752,867,566,446,619,700,345,593,596,16,747,836,43,891,168,864,901,508,455,994,382,293,522,506,156,602,856,53,889,205,28,306,530,174,115,470,119,604,249,913,462,54,902,126,783,356,745,567,280,184,820,85,669,431,861,543,468,753,995,832,309,767,307,517,487,472,426,229,663,683,342,441,369,724,667,774,467,666,12,876,20,695,844,327,13,358,852,871,972,445,512,749,949,999
FETCH,1762385958.065,89047,742,0.069
FETCH,1762385958.078,89046,946,0.064
FETCH,1762385958.103,89048,706,0.066
FETCH,1762385958.108,89045,165,0.072
FETCH,1762385958.135,89047,45,0.070
FETCH,1762385958.145,89046,454,0.067
FETCH,1762385958.174,89048,808,0.070
FETCH,1762385958.175,89045,714,0.067
FETCH,1762385958.201,89047,938,0.066
FETCH,1762385958.216,89046,495,0.070
FETCH,1762385958.245,89048,235,0.071
FETCH,1762385958.251,89045,950,0.076
FETCH,1762385958.270,89047,223,0.068
FETCH,1762385958.293,89046,4,0.077
FETCH,1762385958.316,89045,310,0.065
FETCH,1762385958.333,89048,112,0.087
FETCH,1762385958.346,89047,171,0.075
PROCESS,1762385958.354,89039,100,702,5,133,912,733,286,139,411,623,674,865,399,642,824,238,211,698,130,76,439,810,283,841,389,779,273,10,38,234,969,716,170,61,781,525,776,227,121,500,215,661,202,899,507,905,138,295,921,253,69,344,272,183,933,122,978,453,32,187,91,877,400,214,704,336,644,853,417,843,713,485,547,910,693,984,425,232,94,291,418,224,826,41,457,281,650,581,265,188,715,11,723,761,806,410,742,45,938,223,171
FETCH,1762385958.358,89046,622,0.065
FETCH,1762385958.382,89045,204,0.065
FETCH,1762385958.399,89048,935,0.066
FETCH,1762385958.434,89046,662,0.076
FETCH,1762385958.467,89045,333,0.085
FETCH,1762385958.467,89048,884,0.068
FETCH,1762385958.497,89046,237,0.063
FETCH,1762385958.535,89048,321,0.067
FETCH,1762385958.541,89045,712,0.074
FETCH,1762385958.561,89046,80,0.064
FETCH,1762385958.604,89048,734,0.068
FETCH,1762385958.614,89045,633,0.072
FETCH,1762385958.629,89046,578,0.068
PROCESS,1762385958.645,89039,100,660,499,160,857,259,367,433,151,960,568,404,795,275,886,254,646,545,375,677,973,847,549,78,997,862,98,855,86,449,301,678,976,943,428,363,771,787,142,366,503,57,638,123,690,478,498,176,758,368,0,699,159,178,691,992,329,412,351,300,361,150,705,56,553,518,256,977,197,36,584,182,751,299,155,195,103,376,8,97,407,725,469,531,2,127,135,347,403,252,849,842,132,165,714,950,310,204,333,712,633
FETCH,1762385958.676,89048,947,0.072
FETCH,1762385958.699,89046,645,0.070
FETCH,1762385958.741,89048,360,0.065
FETCH,1762385958.771,89046,255,0.072
FETCH,1762385958.802,89048,735,0.061
FETCH,1762385958.838,89046,288,0.066
FETCH,1762385958.906,89046,191,0.068
FETCH,1762385958.972,89048,923,0.170
FETCH,1762385958.977,89046,380,0.070
FETCH,1762385959.040,89048,613,0.068
FETCH,1762385959.045,89046,595,0.068
FETCH,1762385959.117,89046,736,0.072
FETCH,1762385959.120,89048,807,0.079
FETCH,1762385959.184,89046,896,0.067
FETCH,1762385959.184,89048,577,0.063
FETCH,1762385959.251,89048,513,0.067
FETCH,1762385959.258,89046,589,0.075
FETCH,1762385959.318,89048,387,0.067
FETCH,1762385959.329,89046,618,0.070
FETCH,1762385959.386,89048,131,0.068
FETCH,1762385959.418,89046,707,0.088
FETCH,1762385959.449,89048,161,0.063
FETCH,1762385959.535,89046,983,0.118
FETCH,1762385959.537,89048,860,0.088
FETCH,1762385959.604,89046,738,0.068
FETCH,1762385959.605,89048,198,0.068
FETCH,1762385959.669,89048,694,0.063
FETCH,1762385959.743,89048,37,0.074
FETCH,1762385959.786,89046,639,0.182
FETCH,1762385959.810,89048,107,0.067
FETCH,1762385959.864,89046,72,0.078
FETCH,1762385959.873,89048,689,0.063
FETCH,1762385959.927,89046,209,0.063
FETCH,1762385959.937,89048,746,0.063
FETCH,1762385960.003,89048,571,0.066
FETCH,1762385960.007,89046,298,0.079
FETCH,1762385960.078,89046,427,0.071
FETCH,1762385960.078,89048,451,0.075
FETCH,1762385960.154,89048,945,0.076
FETCH,1762385960.158,89046,96,0.079
FETCH,1762385960.217,89048,573,0.062
FETCH,1762385960.227,89046,957,0.069
FETCH,1762385960.284,89048,544,0.067
FETCH,1762385960.295,89046,866,0.068
FETCH,1762385960.354,89048,599,0.070
FETCH,1762385960.362,89046,959,0.067
FETCH,1762385960.422,89048,819,0.067
FETCH,1762385960.439,89046,49,0.077
FETCH,1762385960.488,89048,261,0.065
FETCH,1762385960.507,89046,812,0.067
FETCH,1762385960.557,89048,778,0.069
FETCH,1762385960.572,89046,784,0.065
FETCH,1762385960.630,89048,318,0.072
FETCH,1762385960.643,89046,908,0.071
FETCH,1762385960.718,89048,654,0.088
FETCH,1762385960.745,89046,381,0.102
FETCH,1762385960.791,89048,765,0.073
FETCH,1762385960.818,89046,900,0.072
FETCH,1762385960.854,89048,818,0.063
FETCH,1762385960.897,89046,665,0.079
FETCH,1762385960.921,89048,697,0.067
FETCH,1762385960.966,89046,208,0.069
FETCH,1762385960.993,89048,263,0.071
FETCH,1762385961.043,89046,928,0.077
FETCH,1762385961.074,89048,246,0.081
FETCH,1762385961.112,89046,277,0.069
FETCH,1762385961.137,89048,762,0.062
FETCH,1762385961.182,89046,335,0.069
FETCH,1762385961.202,89048,839,0.066
FETCH,1762385961.259,89046,881,0.077
FETCH,1762385961.261,89048,823,0.059
FETCH,1762385961.335,89048,334,0.074
FETCH,1762385961.339,89046,919,0.079
FETCH,1762385961.397,89048,177,0.061
FETCH,1762385961.408,89046,722,0.069
FETCH,1762385961.478,89046,504,0.069
FETCH,1762385961.500,89048,621,0.103
FETCH,1762385961.555,89046,102,0.077
FETCH,1762385961.565,89048,496,0.065
FETCH,1762385961.623,89046,320,0.067
FETCH,1762385961.631,89048,829,0.066
FETCH,1762385961.696,89046,892,0.072
FETCH,1762385961.698,89048,143,0.067
FETCH,1762385961.767,89048,682,0.069
FETCH,1762385961.767,89046,870,0.071
FETCH,1762385961.833,89046,207,0.065
FETCH,1762385961.858,89048,790,0.091
FETCH,1762385961.908,89046,264,0.074
FETCH,1762385961.926,89048,218,0.068
FETCH,1762385961.977,89046,782,0.069
FETCH,1762385961.989,89048,845,0.062
FETCH,1762385962.051,89046,99,0.074
FETCH,1762385962.067,89048,788,0.078
FETCH,1762385962.115,89046,384,0.063
FETCH,1762385962.128,89048,652,0.061
FETCH,1762385962.188,89048,260,0.060
FETCH,1762385962.249,89048,624,0.061
FETCH,1762385962.258,89046,854,0.143
FETCH,1762385962.319,89048,942,0.069
FETCH,1762385962.329,89046,903,0.071
FETCH,1762385962.394,89048,686,0.075
FETCH,1762385962.408,89046,315,0.079
FETCH,1762385962.468,89048,979,0.074
FETCH,1762385962.476,89046,398,0.067
FETCH,1762385962.534,89048,601,0.066
FETCH,1762385962.558,89046,590,0.082
FETCH,1762385962.595,89048,75,0.061
FETCH,1762385962.646,89046,137,0.089
FETCH,1762385962.670,89048,452,0.074
FETCH,1762385962.712,89046,548,0.065
FETCH,1762385962.732,89048,9,0.062
FETCH,1762385962.795,89046,559,0.083
FETCH,1762385962.795,89048,582,0.063
FETCH,1762385962.860,89046,203,0.065
FETCH,1762385962.865,89048,429,0.069
FETCH,1762385962.926,89046,393,0.066
FETCH,1762385962.940,89048,561,0.075
FETCH,1762385962.998,89046,31,0.071
FETCH,1762385963.005,89048,766,0.064
FETCH,1762385963.072,89046,51,0.074
FETCH,1762385963.072,89048,529,0.067
FETCH,1762385963.136,89048,420,0.063
FETCH,1762385963.139,89046,585,0.067
FETCH,1762385963.200,89048,370,0.064
FETCH,1762385963.212,89046,703,0.072
FETCH,1762385963.267,89048,963,0.066
FETCH,1762385963.281,89046,169,0.069
FETCH,1762385963.329,89048,535,0.062
FETCH,1762385963.367,89046,483,0.085
FETCH,1762385963.437,89046,668,0.070
FETCH,1762385963.448,89048,586,0.118
FETCH,1762385963.500,89046,670,0.063
FETCH,1762385963.511,89048,92,0.062
FETCH,1762385963.566,89046,640,0.065
FETCH,1762385963.602,89048,759,0.091
FETCH,1762385963.650,89046,673,0.084
FETCH,1762385963.669,89048,267,0.067
FETCH,1762385963.714,89046,873,0.064
FETCH,1762385963.745,89048,536,0.075
FETCH,1762385963.781,89046,226,0.067
FETCH,1762385963.817,89048,551,0.072
FETCH,1762385963.847,89046,501,0.067
FETCH,1762385963.882,89048,158,0.064
FETCH,1762385963.912,89046,388,0.065
FETCH,1762385963.945,89048,371,0.064
FETCH,1762385963.976,89046,597,0.064
FETCH,1762385964.033,89048,443,0.087
FETCH,1762385964.048,89046,878,0.072
FETCH,1762385964.094,89048,341,0.061
FETCH,1762385964.115,89046,726,0.066
FETCH,1762385964.163,89048,290,0.069
FETCH,1762385964.196,89046,659,0.081
FETCH,1762385964.229,89048,19,0.065
FETCH,1762385964.270,89046,989,0.074
FETCH,1762385964.301,89048,374,0.071
FETCH,1762385964.335,89046,520,0.064
FETCH,1762385964.379,89048,754,0.078
FETCH,1762385964.407,89046,647,0.072
FETCH,1762385964.442,89048,113,0.062
FETCH,1762385964.501,89046,833,0.094
FETCH,1762385964.507,89048,636,0.065
FETCH,1762385964.572,89048,805,0.065
FETCH,1762385964.572,89046,607,0.071
FETCH,1762385964.634,89048,609,0.061
FETCH,1762385964.662,89046,458,0.090
FETCH,1762385964.703,89048,718,0.069
FETCH,1762385964.729,89046,189,0.066
FETCH,1762385964.780,89048,134,0.077
FETCH,1762385964.792,89046,409,0.063
PROCESS,1762385964.798,89039,100,23,292,770,980,432,493,173,760,442,946,454,495,4,622,662,237,80,578,645,255,288,191,380,595,736,896,589,618,707,983,738,639,72,209,298,427,96,957,866,959,49,812,784,908,381,900,665,208,928,277,335,881,919,722,504,102,320,892,870,207,264,782,99,384,854,903,315,398,590,137,548,559,203,393,31,51,585,703,169,483,668,670,640,673,873,226,501,388,597,878,726,659,989,520,647,833,607,458,189,409
FETCH,1762385964.849,89048,7,0.069
FETCH,1762385964.917,89048,631,0.068
PROCESS,1762385965.639,89039,100,605,879,440,706,808,235,112,935,884,321,734,947,360,735,923,613,807,577,513,387,131,161,860,198,694,37,107,689,746,571,451,945,573,544,599,819,261,778,318,654,765,818,697,263,246,762,839,823,334,177,621,496,829,143,682,790,218,845,788,652,260,624,942,686,979,601,75,452,9,582,429,561,766,529,420,370,963,535,586,92,759,267,536,551,158,371,443,341,290,19,374,754,113,636,805,609,718,134,7,631
