# Pipeline Activity Log - ResNet152 with Caching
# Format: ACTIVITY_TYPE,TIMESTAMP,PROCESS_ID,DATA
# FETCH: Worker fetches image (timestamp,worker_id,image_idx,fetch_time,source)
#   source: RAM, SSD, or S3
# PROCESS: Main process processes batch (timestamp,main_id,batch_size,image_indices)
#
FETCH,1762980542.523,62273,459,0.371,S3
FETCH,1762980542.529,62276,751,0.376,S3
FETCH,1762980542.543,62274,792,0.391,S3
FETCH,1762980542.552,62275,705,0.400,S3
FETCH,1762980542.579,62273,349,0.056,S3
FETCH,1762980542.592,62276,376,0.063,S3
FETCH,1762980542.598,62274,472,0.055,S3
FETCH,1762980542.643,62275,162,0.090,S3
FETCH,1762980542.649,62273,114,0.070,S3
FETCH,1762980542.653,62274,610,0.055,S3
FETCH,1762980542.725,62274,246,0.071,S3
FETCH,1762980542.747,62276,755,0.156,S3
FETCH,1762980542.754,62273,510,0.105,S3
FETCH,1762980542.785,62275,862,0.142,S3
FETCH,1762980542.804,62274,113,0.079,S3
FETCH,1762980542.829,62276,195,0.081,S3
FETCH,1762980542.835,62275,400,0.050,S3
FETCH,1762980542.849,62273,973,0.095,S3
FETCH,1762980542.891,62276,730,0.062,S3
FETCH,1762980542.906,62275,437,0.071,S3
FETCH,1762980542.938,62273,845,0.089,S3
FETCH,1762980542.959,62276,446,0.068,S3
FETCH,1762980542.988,62273,502,0.051,S3
FETCH,1762980542.993,62275,738,0.087,S3
FETCH,1762980543.061,62275,695,0.068,S3
FETCH,1762980543.062,62276,747,0.102,S3
FETCH,1762980543.096,62273,436,0.108,S3
FETCH,1762980543.118,62274,368,0.314,S3
FETCH,1762980543.129,62275,271,0.067,S3
FETCH,1762980543.155,62276,573,0.094,S3
FETCH,1762980543.174,62273,668,0.077,S3
FETCH,1762980543.178,62275,171,0.049,S3
FETCH,1762980543.221,62274,937,0.103,S3
FETCH,1762980543.224,62275,430,0.047,S3
FETCH,1762980543.243,62276,874,0.087,S3
FETCH,1762980543.244,62273,428,0.070,S3
FETCH,1762980543.277,62274,802,0.055,S3
FETCH,1762980543.287,62275,273,0.063,S3
FETCH,1762980543.311,62273,82,0.067,S3
FETCH,1762980543.317,62276,787,0.074,S3
FETCH,1762980543.362,62275,350,0.074,S3
FETCH,1762980543.368,62274,608,0.091,S3
FETCH,1762980543.381,62276,531,0.064,S3
FETCH,1762980543.405,62273,294,0.093,S3
FETCH,1762980543.416,62275,587,0.053,S3
FETCH,1762980543.456,62276,102,0.076,S3
FETCH,1762980543.482,62274,257,0.114,S3
FETCH,1762980543.501,62275,399,0.085,S3
FETCH,1762980543.522,62273,946,0.117,S3
FETCH,1762980543.550,62276,302,0.094,S3
FETCH,1762980543.552,62275,342,0.052,S3
FETCH,1762980543.558,62274,704,0.076,S3
FETCH,1762980543.578,62273,312,0.056,S3
FETCH,1762980543.608,62276,422,0.058,S3
FETCH,1762980543.635,62274,594,0.077,S3
FETCH,1762980543.642,62273,670,0.064,S3
FETCH,1762980543.646,62275,761,0.093,S3
FETCH,1762980543.702,62275,93,0.056,S3
FETCH,1762980543.704,62273,67,0.062,S3
FETCH,1762980543.708,62276,191,0.100,S3
FETCH,1762980543.712,62274,227,0.077,S3
FETCH,1762980543.759,62275,343,0.057,S3
FETCH,1762980543.775,62276,905,0.067,S3
FETCH,1762980543.794,62273,206,0.089,S3
FETCH,1762980543.843,62274,734,0.131,S3
FETCH,1762980543.856,62275,265,0.097,S3
FETCH,1762980543.859,62273,711,0.065,S3
FETCH,1762980543.872,62276,940,0.098,S3
FETCH,1762980543.909,62274,644,0.067,S3
FETCH,1762980543.944,62276,866,0.071,S3
FETCH,1762980543.944,62273,20,0.085,S3
FETCH,1762980543.962,62275,54,0.106,S3
FETCH,1762980543.991,62274,506,0.081,S3
FETCH,1762980544.009,62276,176,0.065,S3
FETCH,1762980544.014,62275,885,0.051,S3
FETCH,1762980544.034,62273,219,0.090,S3
FETCH,1762980544.077,62276,998,0.068,S3
FETCH,1762980544.083,62274,578,0.092,S3
FETCH,1762980544.111,62275,961,0.097,S3
FETCH,1762980544.134,62274,662,0.050,S3
FETCH,1762980544.181,62275,498,0.070,S3
FETCH,1762980544.188,62273,420,0.154,S3
FETCH,1762980544.199,62274,746,0.066,S3
FETCH,1762980544.230,62276,854,0.153,S3
FETCH,1762980544.247,62275,476,0.066,S3
FETCH,1762980544.262,62274,372,0.063,S3
FETCH,1762980544.284,62273,292,0.096,S3
FETCH,1762980544.330,62276,507,0.100,S3
FETCH,1762980544.349,62274,151,0.087,S3
FETCH,1762980544.370,62273,35,0.086,S3
FETCH,1762980544.395,62275,447,0.148,S3
FETCH,1762980544.421,62274,602,0.072,S3
FETCH,1762980544.421,62276,508,0.091,S3
FETCH,1762980544.452,62273,69,0.082,S3
FETCH,1762980544.457,62275,237,0.061,S3
FETCH,1762980544.487,62274,856,0.066,S3
FETCH,1762980544.487,62276,263,0.066,S3
FETCH,1762980544.540,62275,164,0.084,S3
FETCH,1762980544.560,62274,5,0.072,S3
FETCH,1762980544.568,62276,925,0.080,S3
FETCH,1762980544.610,62275,744,0.070,S3
FETCH,1762980544.644,62274,841,0.084,S3
FETCH,1762980544.655,62273,203,0.203,S3
FETCH,1762980544.669,62276,250,0.101,S3
FETCH,1762980544.703,62274,829,0.059,S3
FETCH,1762980544.707,62275,830,0.096,S3
FETCH,1762980544.715,62273,19,0.060,S3
FETCH,1762980544.734,62276,1,0.065,S3
FETCH,1762980544.760,62274,365,0.057,S3
FETCH,1762980544.781,62275,604,0.074,S3
FETCH,1762980544.781,62273,770,0.066,S3
FETCH,1762980544.829,62274,881,0.069,S3
FETCH,1762980544.842,62276,676,0.108,S3
FETCH,1762980544.842,62273,904,0.061,S3
FETCH,1762980544.855,62275,823,0.074,S3
FETCH,1762980544.902,62274,256,0.073,S3
FETCH,1762980544.902,62275,213,0.047,S3
FETCH,1762980544.905,62276,189,0.063,S3
FETCH,1762980544.939,62273,813,0.097,S3
FETCH,1762980544.990,62276,991,0.084,S3
FETCH,1762980545.006,62275,693,0.103,S3
FETCH,1762980545.017,62273,865,0.078,S3
FETCH,1762980545.052,62274,820,0.150,S3
FETCH,1762980545.095,62273,177,0.078,S3
FETCH,1762980545.104,62275,741,0.098,S3
FETCH,1762980545.104,62276,107,0.114,S3
FETCH,1762980545.111,62274,983,0.059,S3
FETCH,1762980545.183,62275,720,0.079,S3
FETCH,1762980545.183,62273,340,0.087,S3
FETCH,1762980545.183,62276,614,0.079,S3
FETCH,1762980545.249,62275,47,0.067,S3
FETCH,1762980545.256,62273,74,0.073,S3
FETCH,1762980545.286,62274,753,0.176,S3
FETCH,1762980545.287,62276,38,0.104,S3
FETCH,1762980545.337,62275,628,0.087,S3
FETCH,1762980545.345,62273,781,0.089,S3
FETCH,1762980545.345,62274,709,0.059,S3
FETCH,1762980545.361,62276,597,0.075,S3
FETCH,1762980545.414,62275,913,0.077,S3
FETCH,1762980545.439,62276,134,0.077,S3
FETCH,1762980545.439,62273,641,0.093,S3
FETCH,1762980545.439,62274,784,0.093,S3
FETCH,1762980545.489,62275,427,0.074,S3
FETCH,1762980545.495,62274,878,0.056,S3
FETCH,1762980545.520,62276,669,0.081,S3
FETCH,1762980545.522,62273,679,0.084,S3
FETCH,1762980545.548,62275,305,0.059,S3
FETCH,1762980545.573,62274,440,0.078,S3
FETCH,1762980545.583,62273,363,0.060,S3
FETCH,1762980545.584,62276,56,0.065,S3
FETCH,1762980545.602,62275,259,0.053,S3
FETCH,1762980545.657,62275,805,0.055,S3
FETCH,1762980545.664,62274,857,0.091,S3
FETCH,1762980545.673,62273,621,0.090,S3
FETCH,1762980545.685,62276,671,0.101,S3
FETCH,1762980545.778,62273,636,0.105,S3
FETCH,1762980545.778,62276,994,0.093,S3
FETCH,1762980545.802,62274,266,0.138,S3
FETCH,1762980545.807,62275,512,0.149,S3
FETCH,1762980545.841,62273,158,0.063,S3
FETCH,1762980545.856,62276,486,0.078,S3
FETCH,1762980545.859,62274,694,0.057,S3
FETCH,1762980545.914,62275,136,0.107,S3
FETCH,1762980545.919,62274,651,0.060,S3
FETCH,1762980545.933,62276,42,0.077,S3
FETCH,1762980545.967,62273,303,0.126,S3
FETCH,1762980545.982,62275,633,0.069,S3
FETCH,1762980545.984,62274,999,0.064,S3
FETCH,1762980546.022,62276,855,0.089,S3
FETCH,1762980546.041,62275,650,0.058,S3
FETCH,1762980546.066,62274,785,0.083,S3
FETCH,1762980546.068,62273,615,0.101,S3
FETCH,1762980546.100,62275,141,0.059,S3
FETCH,1762980546.107,62276,916,0.085,S3
FETCH,1762980546.130,62274,288,0.063,S3
FETCH,1762980546.152,62273,728,0.083,S3
FETCH,1762980546.163,62275,890,0.063,S3
FETCH,1762980546.202,62274,569,0.072,S3
FETCH,1762980546.202,62276,541,0.095,S3
FETCH,1762980546.232,62273,464,0.080,S3
FETCH,1762980546.262,62275,812,0.098,S3
FETCH,1762980546.263,62274,970,0.061,S3
FETCH,1762980546.276,62276,688,0.074,S3
FETCH,1762980546.301,62273,139,0.069,S3
FETCH,1762980546.328,62275,15,0.066,S3
FETCH,1762980546.353,62274,884,0.090,S3
FETCH,1762980546.355,62273,831,0.054,S3
FETCH,1762980546.361,62276,617,0.084,S3
FETCH,1762980546.384,62275,743,0.056,S3
FETCH,1762980546.420,62276,714,0.059,S3
FETCH,1762980546.423,62274,754,0.070,S3
FETCH,1762980546.454,62275,592,0.071,S3
FETCH,1762980546.466,62273,635,0.110,S3
FETCH,1762980546.481,62274,875,0.058,S3
FETCH,1762980546.492,62276,37,0.073,S3
FETCH,1762980546.516,62275,402,0.061,S3
FETCH,1762980546.540,62274,387,0.060,S3
FETCH,1762980546.565,62273,77,0.099,S3
FETCH,1762980546.575,62276,780,0.083,S3
FETCH,1762980546.613,62274,956,0.072,S3
FETCH,1762980546.623,62275,494,0.107,S3
FETCH,1762980546.628,62276,166,0.053,S3
FETCH,1762980546.659,62273,148,0.094,S3
FETCH,1762980546.677,62275,426,0.054,S3
FETCH,1762980546.679,62274,949,0.066,S3
FETCH,1762980546.688,62276,737,0.060,S3
FETCH,1762980546.726,62275,28,0.049,S3
FETCH,1762980546.742,62273,795,0.083,S3
FETCH,1762980546.743,62274,895,0.064,S3
FETCH,1762980546.753,62276,593,0.064,S3
FETCH,1762980546.804,62275,976,0.078,S3
FETCH,1762980546.815,62274,45,0.071,S3
FETCH,1762980546.819,62276,398,0.066,S3
FETCH,1762980546.819,62273,772,0.077,S3
FETCH,1762980546.859,62275,272,0.055,S3
FETCH,1762980546.883,62274,439,0.069,S3
FETCH,1762980546.892,62273,322,0.073,S3
FETCH,1762980546.903,62276,532,0.084,S3
FETCH,1762980546.957,62273,13,0.065,S3
FETCH,1762980546.960,62274,658,0.077,S3
FETCH,1762980546.966,62276,788,0.063,S3
FETCH,1762980546.981,62275,786,0.122,S3
FETCH,1762980547.039,62273,243,0.081,S3
FETCH,1762980547.044,62275,48,0.063,S3
FETCH,1762980547.052,62274,725,0.092,S3
FETCH,1762980547.067,62276,70,0.100,S3
FETCH,1762980547.093,62275,634,0.049,S3
FETCH,1762980547.105,62273,383,0.067,S3
FETCH,1762980547.143,62276,684,0.076,S3
FETCH,1762980547.144,62275,864,0.050,S3
FETCH,1762980547.167,62273,438,0.062,S3
FETCH,1762980547.168,62274,354,0.116,S3
FETCH,1762980547.206,62275,138,0.062,S3
FETCH,1762980547.214,62276,505,0.070,S3
FETCH,1762980547.253,62274,197,0.085,S3
FETCH,1762980547.278,62273,0,0.111,S3
FETCH,1762980547.305,62275,236,0.099,S3
FETCH,1762980547.310,62274,732,0.057,S3
FETCH,1762980547.313,62276,187,0.099,S3
FETCH,1762980547.346,62273,588,0.067,S3
FETCH,1762980547.389,62276,379,0.076,S3
FETCH,1762980547.433,62275,432,0.128,S3
FETCH,1762980547.433,62274,687,0.123,S3
FETCH,1762980547.434,62273,977,0.088,S3
FETCH,1762980547.462,62276,375,0.072,S3
FETCH,1762980547.498,62274,324,0.064,S3
FETCH,1762980547.506,62273,934,0.072,S3
FETCH,1762980547.527,62276,681,0.065,S3
FETCH,1762980547.542,62275,24,0.109,S3
FETCH,1762980547.589,62274,338,0.091,S3
FETCH,1762980547.589,62273,221,0.083,S3
FETCH,1762980547.608,62275,799,0.065,S3
FETCH,1762980547.633,62276,73,0.105,S3
FETCH,1762980547.651,62274,995,0.062,S3
FETCH,1762980547.665,62273,626,0.076,S3
FETCH,1762980547.703,62276,903,0.071,S3
FETCH,1762980547.709,62274,16,0.059,S3
FETCH,1762980547.713,62275,529,0.105,S3
FETCH,1762980547.746,62273,519,0.080,S3
FETCH,1762980547.769,62276,361,0.066,S3
FETCH,1762980547.787,62275,957,0.074,S3
FETCH,1762980547.795,62274,853,0.086,S3
FETCH,1762980547.838,62276,632,0.068,S3
FETCH,1762980547.848,62274,194,0.053,S3
FETCH,1762980547.853,62275,523,0.066,S3
FETCH,1762980547.902,62276,450,0.064,S3
FETCH,1762980547.929,62274,571,0.080,S3
FETCH,1762980547.929,62275,702,0.075,S3
FETCH,1762980547.929,62273,68,0.183,S3
FETCH,1762980548.001,62275,80,0.072,S3
FETCH,1762980548.003,62276,255,0.100,S3
FETCH,1762980548.003,62274,516,0.074,S3
FETCH,1762980548.016,62273,481,0.087,S3
FETCH,1762980548.059,62275,783,0.058,S3
FETCH,1762980548.077,62276,859,0.074,S3
FETCH,1762980548.099,62273,713,0.083,S3
FETCH,1762980548.101,62274,412,0.098,S3
FETCH,1762980548.107,62275,552,0.048,S3
FETCH,1762980548.143,62276,492,0.066,S3
FETCH,1762980548.189,62275,953,0.082,S3
FETCH,1762980548.232,62276,186,0.089,S3
FETCH,1762980548.260,62273,293,0.160,S3
FETCH,1762980548.271,62274,950,0.169,S3
FETCH,1762980548.304,62276,90,0.072,S3
FETCH,1762980548.317,62275,410,0.128,S3
FETCH,1762980548.369,62273,542,0.109,S3
FETCH,1762980548.380,62274,449,0.109,S3
FETCH,1762980548.389,62276,586,0.085,S3
FETCH,1762980548.393,62275,408,0.076,S3
FETCH,1762980548.437,62274,898,0.057,S3
FETCH,1762980548.438,62273,806,0.069,S3
FETCH,1762980548.464,62276,465,0.075,S3
FETCH,1762980548.470,62275,948,0.077,S3
FETCH,1762980548.502,62274,613,0.064,S3
FETCH,1762980548.532,62276,951,0.068,S3
FETCH,1762980548.532,62273,789,0.094,S3
FETCH,1762980548.542,62275,215,0.071,S3
FETCH,1762980548.577,62274,393,0.075,S3
FETCH,1762980548.595,62275,32,0.053,S3
FETCH,1762980548.605,62276,556,0.073,S3
FETCH,1762980548.623,62273,851,0.091,S3
FETCH,1762980548.673,62275,137,0.079,S3
FETCH,1762980548.674,62274,462,0.097,S3
FETCH,1762980548.675,62276,316,0.069,S3
FETCH,1762980548.683,62273,807,0.060,S3
FETCH,1762980548.734,62276,199,0.059,S3
FETCH,1762980548.766,62273,765,0.083,S3
FETCH,1762980548.786,62274,471,0.111,S3
FETCH,1762980548.786,62275,267,0.112,S3
FETCH,1762980548.831,62276,115,0.097,S3
FETCH,1762980548.847,62273,433,0.081,S3
FETCH,1762980548.850,62274,563,0.064,S3
FETCH,1762980548.857,62275,572,0.071,S3
FETCH,1762980548.921,62275,967,0.063,S3
FETCH,1762980548.921,62273,276,0.073,S3
FETCH,1762980548.924,62276,249,0.093,S3
FETCH,1762980548.953,62274,180,0.103,S3
FETCH,1762980548.983,62273,883,0.062,S3
FETCH,1762980548.988,62275,560,0.068,S3
FETCH,1762980549.009,62274,978,0.056,S3
FETCH,1762980549.009,62276,501,0.084,S3
FETCH,1762980549.047,62273,274,0.064,S3
FETCH,1762980549.060,62274,270,0.051,S3
FETCH,1762980549.108,62273,347,0.061,S3
FETCH,1762980549.119,62274,642,0.059,S3
FETCH,1762980549.126,62276,655,0.117,S3
FETCH,1762980549.130,62275,701,0.142,S3
FETCH,1762980549.178,62275,767,0.048,S3
FETCH,1762980549.184,62274,323,0.064,S3
FETCH,1762980549.195,62276,493,0.069,S3
FETCH,1762980549.203,62273,290,0.094,S3
FETCH,1762980549.250,62274,300,0.066,S3
FETCH,1762980549.251,62275,775,0.072,S3
FETCH,1762980549.268,62276,401,0.073,S3
FETCH,1762980549.278,62273,143,0.075,S3
FETCH,1762980549.307,62275,251,0.056,S3
FETCH,1762980549.331,62276,480,0.063,S3
FETCH,1762980549.333,62274,606,0.082,S3
FETCH,1762980549.388,62276,993,0.057,S3
FETCH,1762980549.396,62274,534,0.063,S3
FETCH,1762980549.406,62273,612,0.128,S3
FETCH,1762980549.424,62275,919,0.118,S3
FETCH,1762980549.464,62274,419,0.069,S3
FETCH,1762980549.465,62276,559,0.076,S3
FETCH,1762980549.482,62273,170,0.076,S3
FETCH,1762980549.494,62275,475,0.069,S3
FETCH,1762980549.535,62274,664,0.071,S3
FETCH,1762980549.538,62273,445,0.056,S3
FETCH,1762980549.544,62276,245,0.079,S3
FETCH,1762980549.592,62275,985,0.098,S3
FETCH,1762980549.603,62273,858,0.065,S3
FETCH,1762980549.622,62274,567,0.086,S3
FETCH,1762980549.627,62276,721,0.083,S3
FETCH,1762980549.654,62275,863,0.062,S3
FETCH,1762980549.665,62273,574,0.061,S3
FETCH,1762980549.690,62274,261,0.068,S3
FETCH,1762980549.693,62276,53,0.067,S3
FETCH,1762980549.725,62275,58,0.071,S3
FETCH,1762980549.733,62273,793,0.068,S3
FETCH,1762980549.750,62276,943,0.057,S3
FETCH,1762980549.786,62274,891,0.096,S3
FETCH,1762980549.788,62275,381,0.063,S3
FETCH,1762980549.810,62273,397,0.077,S3
FETCH,1762980549.816,62276,537,0.066,S3
FETCH,1762980549.873,62274,778,0.087,S3
FETCH,1762980549.906,62275,307,0.118,S3
FETCH,1762980549.933,62276,152,0.117,S3
FETCH,1762980549.938,62274,839,0.065,S3
FETCH,1762980549.938,62273,146,0.128,S3
FETCH,1762980549.996,62275,333,0.090,S3
FETCH,1762980550.004,62276,156,0.071,S3
FETCH,1762980550.004,62274,460,0.066,S3
FETCH,1762980550.018,62273,619,0.080,S3
FETCH,1762980550.053,62274,418,0.049,S3
FETCH,1762980550.065,62275,140,0.069,S3
FETCH,1762980550.075,62276,231,0.071,S3
FETCH,1762980550.099,62273,776,0.081,S3
FETCH,1762980550.138,62276,838,0.063,S3
FETCH,1762980550.163,62273,699,0.064,S3
FETCH,1762980550.165,62275,692,0.100,S3
FETCH,1762980550.176,62274,661,0.123,S3
FETCH,1762980550.229,62275,521,0.064,S3
FETCH,1762980550.229,62273,264,0.066,S3
FETCH,1762980550.244,62276,283,0.106,S3
FETCH,1762980550.246,62274,366,0.070,S3
FETCH,1762980550.295,62273,217,0.065,S3
FETCH,1762980550.301,62276,906,0.056,S3
FETCH,1762980550.378,62276,337,0.078,S3
FETCH,1762980550.379,62273,154,0.084,S3
FETCH,1762980550.379,62274,703,0.132,S3
FETCH,1762980550.446,62273,222,0.067,S3
FETCH,1762980550.452,62276,763,0.074,S3
FETCH,1762980550.453,62274,122,0.075,S3
FETCH,1762980550.509,62273,944,0.063,S3
FETCH,1762980550.559,62274,364,0.106,S3
FETCH,1762980550.624,62273,930,0.115,S3
FETCH,1762980550.624,62275,326,0.393,S3
FETCH,1762980550.635,62274,411,0.076,S3
FETCH,1762980550.713,62275,997,0.089,S3
FETCH,1762980550.714,62273,690,0.090,S3
FETCH,1762980550.781,62275,181,0.068,S3
FETCH,1762980550.787,62276,960,0.185,S3
FETCH,1762980550.789,62273,443,0.075,S3
FETCH,1762980550.846,62276,239,0.059,S3
FETCH,1762980550.857,62273,112,0.068,S3
FETCH,1762980550.876,62275,275,0.095,S3
FETCH,1762980550.910,62276,144,0.064,S3
FETCH,1762980550.947,62274,822,0.311,S3
FETCH,1762980550.984,62276,581,0.074,S3
FETCH,1762980550.988,62275,434,0.112,S3
PROCESS,1762980551.010,62268,100,459,349,114,510,973,845,502,436,668,428,82,294,946,312,670,67,206,711,20,219,420,292,35,69,203,19,770,904,813,865,177,340,74,781,641,679,363,621,636,158,303,615,728,464,139,831,635,77,148,795,772,322,13,243,383,438,0,588,977,934,221,626,519,68,481,713,293,542,806,789,851,807,765,433,276,883,274,347,290,143,612,170,445,858,574,793,397,146,619,776,699,264,217,154,222,944,930,690,443,112
FETCH,1762980551.013,62274,566,0.066,S3
FETCH,1762980551.040,62276,14,0.056,S3
FETCH,1762980551.069,62274,980,0.056,S3
FETCH,1762980551.083,62275,407,0.094,S3
FETCH,1762980551.131,62274,373,0.061,S3
FETCH,1762980551.153,62275,370,0.070,S3
FETCH,1762980551.164,62273,17,0.305,S3
FETCH,1762980551.195,62274,553,0.064,S3
FETCH,1762980551.223,62273,281,0.059,S3
FETCH,1762980551.269,62275,391,0.116,S3
FETCH,1762980551.269,62276,371,0.229,S3
FETCH,1762980551.269,62274,515,0.075,S3
FETCH,1762980551.283,62273,65,0.060,S3
FETCH,1762980551.329,62273,252,0.045,S3
FETCH,1762980551.367,62274,554,0.098,S3
FETCH,1762980551.382,62275,582,0.113,S3
FETCH,1762980551.421,62273,992,0.092,S3
FETCH,1762980551.431,62276,769,0.162,S3
FETCH,1762980551.451,62275,791,0.070,S3
FETCH,1762980551.479,62273,735,0.058,S3
FETCH,1762980551.502,62274,672,0.134,S3
FETCH,1762980551.528,62275,133,0.077,S3
FETCH,1762980551.528,62273,3,0.049,S3
FETCH,1762980551.568,62274,941,0.066,S3
FETCH,1762980551.580,62276,912,0.149,S3
FETCH,1762980551.606,62273,85,0.078,S3
FETCH,1762980551.632,62275,846,0.104,S3
FETCH,1762980551.643,62276,647,0.062,S3
FETCH,1762980551.676,62274,877,0.108,S3
FETCH,1762980551.693,62273,935,0.087,S3
FETCH,1762980551.703,62276,496,0.060,S3
FETCH,1762980551.704,62275,209,0.072,S3
FETCH,1762980551.754,62273,562,0.061,S3
FETCH,1762980551.768,62276,394,0.065,S3
FETCH,1762980551.776,62275,34,0.071,S3
FETCH,1762980551.791,62274,928,0.116,S3
FETCH,1762980551.821,62273,6,0.066,S3
FETCH,1762980551.933,62276,639,0.166,S3
FETCH,1762980551.941,62275,409,0.166,S3
FETCH,1762980551.942,62274,346,0.151,S3
FETCH,1762980551.942,62273,620,0.122,S3
FETCH,1762980551.995,62273,55,0.053,S3
FETCH,1762980552.012,62275,771,0.069,S3
FETCH,1762980552.021,62276,362,0.083,S3
FETCH,1762980552.026,62274,600,0.083,S3
FETCH,1762980552.046,62273,965,0.051,S3
FETCH,1762980552.086,62275,491,0.074,S3
FETCH,1762980552.089,62276,808,0.068,S3
FETCH,1762980552.105,62273,457,0.059,S3
FETCH,1762980552.106,62274,84,0.080,S3
FETCH,1762980552.154,62273,174,0.048,S3
FETCH,1762980552.154,62275,836,0.068,S3
FETCH,1762980552.158,62276,456,0.068,S3
FETCH,1762980552.214,62274,528,0.108,S3
FETCH,1762980552.214,62275,568,0.060,S3
FETCH,1762980552.229,62273,533,0.075,S3
FETCH,1762980552.282,62275,7,0.068,S3
FETCH,1762980552.292,62273,538,0.063,S3
FETCH,1762980552.328,62274,284,0.114,S3
FETCH,1762980552.354,62276,421,0.197,S3
PROCESS,1762980552.356,62268,100,792,472,610,246,113,368,937,802,608,257,704,594,227,734,644,506,578,662,746,372,151,602,856,5,841,829,365,881,256,820,983,753,709,784,878,440,857,266,694,651,999,785,288,569,970,884,754,875,387,956,949,895,45,439,658,725,354,197,732,687,324,338,995,16,853,194,571,516,412,950,449,898,613,393,462,471,563,180,978,270,642,323,300,606,534,419,664,567,261,891,778,839,460,418,661,366,703,122,364,411
FETCH,1762980552.384,62274,185,0.056,S3
FETCH,1762980552.394,62275,64,0.112,S3
FETCH,1762980552.411,62273,923,0.119,S3
FETCH,1762980552.415,62276,796,0.061,S3
FETCH,1762980552.460,62275,49,0.066,S3
FETCH,1762980552.469,62274,914,0.085,S3
FETCH,1762980552.481,62273,909,0.070,S3
FETCH,1762980552.481,62276,258,0.066,S3
FETCH,1762980552.538,62275,557,0.078,S3
FETCH,1762980552.545,62273,667,0.064,S3
FETCH,1762980552.571,62276,299,0.090,S3
FETCH,1762980552.609,62273,706,0.063,S3
FETCH,1762980552.612,62275,918,0.074,S3
FETCH,1762980552.627,62274,666,0.158,S3
PROCESS,1762980552.638,62268,100,705,162,862,400,437,738,695,271,171,430,273,350,587,399,342,761,93,343,265,54,885,961,498,476,447,237,164,744,830,604,823,213,693,741,720,47,628,913,427,305,259,805,512,136,633,650,141,890,812,15,743,592,402,494,426,28,976,272,786,48,634,864,138,236,432,24,799,529,957,523,702,80,783,552,953,410,408,948,215,32,137,267,572,967,560,701,767,775,251,919,475,985,863,58,381,307,333,140,692,521
FETCH,1762980552.688,62275,907,0.076,S3
FETCH,1762980552.694,62273,727,0.086,S3
FETCH,1762980552.699,62276,954,0.128,S3
FETCH,1762980552.706,62274,327,0.079,S3
FETCH,1762980552.767,62273,640,0.072,S3
FETCH,1762980552.767,62275,652,0.079,S3
FETCH,1762980552.800,62274,828,0.094,S3
FETCH,1762980552.800,62276,234,0.101,S3
FETCH,1762980552.822,62273,414,0.055,S3
FETCH,1762980552.860,62275,974,0.093,S3
FETCH,1762980552.861,62276,41,0.061,S3
FETCH,1762980552.864,62274,561,0.064,S3
FETCH,1762980552.885,62273,157,0.063,S3
PROCESS,1762980552.893,62268,100,751,376,755,195,730,446,747,573,874,787,531,102,302,422,191,905,940,866,176,998,854,507,508,263,925,250,1,676,189,991,107,614,38,597,134,669,56,671,994,486,42,855,916,541,688,617,714,37,780,166,737,593,398,532,788,70,684,505,187,379,375,681,73,903,361,632,450,255,859,492,186,90,586,465,951,556,316,199,115,249,501,655,493,401,480,993,559,245,721,53,943,537,152,156,231,838,283,906,337,763
FETCH,1762980552.934,62274,482,0.070,S3
FETCH,1762980552.952,62273,500,0.066,S3
FETCH,1762980552.955,62276,963,0.093,S3
FETCH,1762980552.955,62275,161,0.095,S3
FETCH,1762980552.996,62273,442,0.044,S3
FETCH,1762980553.020,62274,585,0.086,S3
FETCH,1762980553.054,62273,595,0.058,S3
FETCH,1762980553.075,62276,882,0.120,S3
FETCH,1762980553.079,62275,336,0.125,S3
FETCH,1762980553.094,62273,382,0.040,S3
FETCH,1762980553.104,62274,618,0.084,S3
FETCH,1762980553.146,62273,153,0.052,S3
FETCH,1762980553.158,62276,840,0.084,S3
FETCH,1762980553.206,62274,926,0.102,S3
FETCH,1762980553.214,62273,674,0.067,S3
FETCH,1762980553.223,62276,893,0.064,S3
FETCH,1762980553.248,62275,987,0.169,S3
FETCH,1762980553.284,62274,871,0.078,S3
FETCH,1762980553.292,62276,95,0.069,S3
FETCH,1762980553.303,62273,782,0.089,S3
FETCH,1762980553.345,62275,972,0.096,S3
FETCH,1762980553.360,62273,262,0.057,S3
FETCH,1762980553.376,62274,638,0.092,S3
FETCH,1762980553.399,62276,601,0.107,S3
FETCH,1762980553.416,62273,360,0.056,S3
FETCH,1762980553.435,62275,380,0.090,S3
FETCH,1762980553.465,62273,989,0.049,S3
FETCH,1762980553.476,62276,757,0.077,S3
FETCH,1762980553.508,62274,536,0.132,S3
FETCH,1762980553.511,62275,924,0.076,S3
FETCH,1762980553.532,62273,648,0.067,S3
FETCH,1762980553.576,62274,707,0.068,S3
FETCH,1762980553.580,62275,179,0.069,S3
FETCH,1762980553.602,62273,764,0.069,S3
FETCH,1762980553.609,62276,415,0.133,S3
FETCH,1762980553.652,62275,570,0.072,S3
FETCH,1762980553.669,62273,715,0.067,S3
FETCH,1762980553.669,62274,759,0.093,S3
FETCH,1762980553.701,62276,63,0.091,S3
FETCH,1762980553.727,62273,395,0.058,S3
FETCH,1762980553.731,62274,238,0.062,S3
FETCH,1762980553.736,62275,175,0.083,S3
FETCH,1762980553.765,62276,643,0.065,S3
FETCH,1762980553.807,62274,958,0.075,S3
FETCH,1762980553.828,62275,814,0.092,S3
FETCH,1762980553.830,62273,752,0.103,S3
FETCH,1762980553.854,62276,810,0.088,S3
FETCH,1762980553.890,62273,624,0.059,S3
FETCH,1762980553.897,62274,945,0.090,S3
FETCH,1762980553.947,62275,205,0.119,S3
FETCH,1762980553.964,62274,211,0.067,S3
FETCH,1762980553.970,62276,852,0.116,S3
FETCH,1762980553.981,62273,99,0.092,S3
FETCH,1762980554.005,62275,900,0.058,S3
FETCH,1762980554.045,62276,4,0.075,S3
FETCH,1762980554.051,62273,374,0.069,S3
FETCH,1762980554.064,62274,318,0.100,S3
FETCH,1762980554.073,62275,685,0.069,S3
FETCH,1762980554.109,62273,627,0.058,S3
FETCH,1762980554.119,62276,33,0.074,S3
FETCH,1762980554.130,62274,649,0.066,S3
FETCH,1762980554.149,62275,301,0.076,S3
FETCH,1762980554.189,62273,742,0.080,S3
FETCH,1762980554.189,62276,201,0.070,S3
FETCH,1762980554.198,62274,18,0.067,S3
FETCH,1762980554.262,62275,886,0.112,S3
FETCH,1762980554.265,62274,431,0.067,S3
FETCH,1762980554.289,62273,659,0.099,S3
FETCH,1762980554.332,62276,202,0.142,S3
FETCH,1762980554.340,62273,224,0.051,S3
FETCH,1762980554.346,62274,182,0.080,S3
FETCH,1762980554.372,62275,986,0.110,S3
FETCH,1762980554.398,62273,860,0.059,S3
FETCH,1762980554.399,62276,40,0.067,S3
FETCH,1762980554.458,62275,132,0.085,S3
FETCH,1762980554.458,62273,310,0.059,S3
FETCH,1762980554.468,62274,355,0.122,S3
FETCH,1762980554.485,62276,183,0.087,S3
FETCH,1762980554.524,62275,92,0.066,S3
FETCH,1762980554.545,62276,424,0.060,S3
FETCH,1762980554.546,62273,605,0.088,S3
FETCH,1762980554.571,62274,558,0.104,S3
FETCH,1762980554.605,62275,817,0.081,S3
FETCH,1762980554.624,62273,988,0.078,S3
FETCH,1762980554.662,62276,29,0.117,S3
FETCH,1762980554.678,62274,404,0.106,S3
FETCH,1762980554.687,62275,298,0.082,S3
FETCH,1762980554.694,62273,911,0.070,S3
FETCH,1762980554.744,62276,94,0.082,S3
FETCH,1762980554.751,62273,385,0.057,S3
FETCH,1762980554.770,62275,504,0.083,S3
FETCH,1762980554.783,62274,509,0.106,S3
FETCH,1762980554.803,62273,880,0.051,S3
FETCH,1762980554.833,62276,748,0.089,S3
FETCH,1762980554.860,62273,499,0.057,S3
FETCH,1762980554.864,62275,96,0.094,S3
FETCH,1762980554.910,62273,539,0.050,S3
FETCH,1762980554.933,62276,716,0.099,S3
FETCH,1762980554.935,62275,75,0.071,S3
FETCH,1762980554.954,62274,126,0.170,S3
FETCH,1762980554.987,62273,468,0.076,S3
FETCH,1762980555.003,62276,413,0.070,S3
FETCH,1762980555.017,62275,843,0.082,S3
FETCH,1762980555.027,62274,218,0.073,S3
FETCH,1762980555.053,62273,313,0.066,S3
FETCH,1762980555.089,62276,660,0.085,S3
FETCH,1762980555.089,62275,89,0.072,S3
FETCH,1762980555.105,62274,756,0.078,S3
FETCH,1762980555.118,62273,9,0.065,S3
FETCH,1762980555.157,62276,304,0.068,S3
FETCH,1762980555.171,62275,758,0.081,S3
FETCH,1762980555.177,62274,942,0.072,S3
FETCH,1762980555.237,62275,577,0.066,S3
FETCH,1762980555.243,62276,452,0.085,S3
FETCH,1762980555.251,62273,325,0.132,S3
FETCH,1762980555.297,62273,335,0.046,S3
FETCH,1762980555.334,62275,724,0.097,S3
FETCH,1762980555.338,62274,580,0.161,S3
FETCH,1762980555.361,62273,474,0.064,S3
FETCH,1762980555.386,62276,663,0.144,S3
FETCH,1762980555.392,62275,876,0.058,S3
FETCH,1762980555.397,62274,584,0.059,S3
FETCH,1762980555.421,62273,128,0.060,S3
FETCH,1762980555.455,62275,331,0.063,S3
FETCH,1762980555.480,62273,287,0.059,S3
FETCH,1762980555.506,62274,232,0.109,S3
FETCH,1762980555.522,62276,518,0.135,S3
FETCH,1762980555.527,62273,575,0.047,S3
FETCH,1762980555.571,62273,86,0.044,S3
FETCH,1762980555.571,62274,51,0.065,S3
FETCH,1762980555.620,62275,233,0.165,S3
FETCH,1762980555.621,62276,119,0.099,S3
FETCH,1762980555.626,62273,478,0.055,S3
FETCH,1762980555.635,62274,71,0.064,S3
FETCH,1762980555.673,62275,388,0.053,S3
FETCH,1762980555.684,62273,861,0.058,S3
FETCH,1762980555.710,62274,207,0.075,S3
FETCH,1762980555.723,62276,547,0.102,S3
FETCH,1762980555.748,62273,551,0.064,S3
FETCH,1762980555.754,62275,297,0.080,S3
FETCH,1762980555.784,62274,675,0.074,S3
FETCH,1762980555.792,62276,377,0.070,S3
FETCH,1762980555.814,62273,198,0.066,S3
FETCH,1762980555.816,62275,129,0.062,S3
FETCH,1762980555.862,62273,623,0.047,S3
FETCH,1762980555.862,62276,698,0.069,S3
FETCH,1762980555.862,62274,317,0.078,S3
FETCH,1762980555.911,62275,842,0.095,S3
FETCH,1762980555.961,62273,710,0.099,S3
FETCH,1762980555.969,62274,645,0.106,S3
FETCH,1762980555.976,62275,981,0.065,S3
FETCH,1762980555.995,62276,653,0.133,S3
FETCH,1762980556.046,62274,929,0.077,S3
FETCH,1762980556.053,62275,879,0.077,S3
FETCH,1762980556.053,62273,348,0.092,S3
FETCH,1762980556.077,62276,467,0.082,S3
FETCH,1762980556.117,62273,10,0.063,S3
FETCH,1762980556.119,62274,488,0.074,S3
FETCH,1762980556.132,62275,555,0.079,S3
FETCH,1762980556.188,62273,172,0.072,S3
FETCH,1762980556.189,62276,46,0.112,S3
FETCH,1762980556.216,62275,718,0.083,S3
FETCH,1762980556.216,62274,497,0.096,S3
FETCH,1762980556.231,62273,91,0.042,S3
FETCH,1762980556.259,62276,826,0.070,S3
FETCH,1762980556.275,62275,966,0.059,S3
FETCH,1762980556.288,62273,952,0.057,S3
FETCH,1762980556.303,62274,306,0.086,S3
FETCH,1762980556.338,62273,869,0.050,S3
FETCH,1762980556.351,62276,155,0.092,S3
FETCH,1762980556.377,62275,454,0.102,S3
FETCH,1762980556.398,62274,332,0.095,S3
FETCH,1762980556.409,62273,955,0.070,S3
FETCH,1762980556.438,62276,656,0.087,S3
FETCH,1762980556.475,62275,646,0.098,S3
FETCH,1762980556.520,62276,982,0.082,S3
FETCH,1762980556.539,62274,8,0.141,S3
FETCH,1762980556.565,62275,777,0.090,S3
FETCH,1762980556.582,62273,470,0.174,S3
FETCH,1762980556.594,62276,901,0.074,S3
FETCH,1762980556.606,62274,947,0.067,S3
FETCH,1762980556.633,62275,389,0.068,S3
FETCH,1762980556.649,62273,31,0.067,S3
FETCH,1762980556.666,62276,908,0.073,S3
FETCH,1762980556.695,62275,145,0.062,S3
FETCH,1762980556.695,62273,83,0.045,S3
FETCH,1762980556.696,62274,723,0.090,S3
FETCH,1762980556.743,62273,244,0.049,S3
FETCH,1762980556.757,62275,484,0.063,S3
FETCH,1762980556.760,62274,603,0.064,S3
FETCH,1762980556.776,62276,708,0.110,S3
FETCH,1762980556.794,62273,915,0.050,S3
FETCH,1762980556.834,62274,88,0.073,S3
FETCH,1762980556.839,62276,544,0.063,S3
FETCH,1762980556.859,62273,835,0.065,S3
FETCH,1762980556.886,62275,897,0.129,S3
FETCH,1762980556.917,62276,798,0.078,S3
FETCH,1762980556.939,62273,229,0.080,S3
FETCH,1762980556.944,62274,286,0.111,S3
FETCH,1762980556.956,62275,870,0.069,S3
FETCH,1762980556.975,62276,61,0.058,S3
FETCH,1762980556.982,62273,200,0.043,S3
FETCH,1762980557.007,62274,30,0.063,S3
FETCH,1762980557.029,62273,910,0.047,S3
FETCH,1762980557.041,62276,104,0.066,S3
FETCH,1762980557.054,62275,740,0.098,S3
FETCH,1762980557.083,62273,762,0.054,S3
FETCH,1762980557.109,62275,979,0.055,S3
FETCH,1762980557.113,62274,285,0.105,S3
FETCH,1762980557.139,62273,314,0.056,S3
FETCH,1762980557.147,62276,103,0.106,S3
FETCH,1762980557.174,62274,824,0.061,S3
FETCH,1762980557.175,62275,939,0.066,S3
FETCH,1762980557.211,62276,341,0.063,S3
FETCH,1762980557.233,62273,809,0.094,S3
FETCH,1762980557.241,62275,750,0.066,S3
FETCH,1762980557.261,62274,39,0.088,S3
FETCH,1762980557.281,62276,526,0.070,S3
FETCH,1762980557.293,62273,108,0.059,S3
FETCH,1762980557.299,62275,351,0.058,S3
FETCH,1762980557.326,62274,815,0.064,S3
FETCH,1762980557.346,62276,455,0.065,S3
FETCH,1762980557.346,62273,357,0.053,S3
FETCH,1762980557.390,62275,589,0.091,S3
FETCH,1762980557.411,62274,637,0.085,S3
FETCH,1762980557.412,62276,717,0.066,S3
FETCH,1762980557.423,62273,98,0.077,S3
FETCH,1762980557.479,62275,277,0.089,S3
FETCH,1762980557.493,62276,403,0.081,S3
FETCH,1762980557.530,62274,26,0.119,S3
FETCH,1762980557.551,62273,936,0.127,S3
FETCH,1762980557.556,62275,196,0.077,S3
FETCH,1762980557.583,62276,116,0.090,S3
FETCH,1762980557.656,62276,887,0.073,S3
FETCH,1762980557.656,62274,583,0.126,S3
FETCH,1762980557.656,62273,731,0.105,S3
FETCH,1762980557.664,62275,163,0.107,S3
FETCH,1762980557.715,62273,964,0.059,S3
FETCH,1762980557.721,62274,892,0.065,S3
FETCH,1762980557.723,62275,228,0.060,S3
FETCH,1762980557.741,62276,657,0.085,S3
FETCH,1762980557.796,62273,700,0.081,S3
FETCH,1762980557.802,62274,339,0.081,S3
FETCH,1762980557.814,62275,193,0.091,S3
FETCH,1762980557.827,62276,691,0.086,S3
FETCH,1762980557.853,62273,524,0.057,S3
PROCESS,1762980557.865,62268,100,17,281,65,252,992,735,3,85,935,562,6,620,55,965,457,174,533,538,923,909,667,706,727,640,414,157,500,442,595,382,153,674,782,262,360,989,648,764,715,395,752,624,99,374,627,742,659,224,860,310,605,988,911,385,880,499,539,468,313,9,325,335,474,128,287,575,86,478,861,551,198,623,710,348,10,172,91,952,869,955,470,31,83,244,915,835,229,200,910,762,314,809,108,357,98,936,731,964,700,524
FETCH,1762980557.893,62275,81,0.078,S3
FETCH,1762980557.898,62276,444,0.071,S3
FETCH,1762980557.925,62274,818,0.123,S3
FETCH,1762980557.957,62276,441,0.059,S3
FETCH,1762980557.983,62274,779,0.058,S3
FETCH,1762980558.029,62273,278,0.167,S3
FETCH,1762980558.036,62274,722,0.053,S3
FETCH,1762980558.038,62276,268,0.081,S3
FETCH,1762980558.079,62273,210,0.050,S3
FETCH,1762980558.103,62275,473,0.210,S3
FETCH,1762980558.112,62274,712,0.076,S3
FETCH,1762980558.124,62273,384,0.045,S3
FETCH,1762980558.145,62276,208,0.108,S3
FETCH,1762980558.194,62275,514,0.091,S3
FETCH,1762980558.194,62274,101,0.082,S3
FETCH,1762980558.213,62273,62,0.089,S3
FETCH,1762980558.231,62276,591,0.085,S3
FETCH,1762980558.271,62275,760,0.077,S3
FETCH,1762980558.273,62274,850,0.079,S3
FETCH,1762980558.304,62276,359,0.073,S3
FETCH,1762980558.304,62273,225,0.091,S3
FETCH,1762980558.354,62275,105,0.083,S3
FETCH,1762980558.374,62274,938,0.100,S3
FETCH,1762980558.379,62273,248,0.075,S3
FETCH,1762980558.415,62276,477,0.110,S3
FETCH,1762980558.422,62273,173,0.042,S3
FETCH,1762980558.427,62275,25,0.073,S3
FETCH,1762980558.471,62273,240,0.049,S3
FETCH,1762980558.487,62276,466,0.072,S3
FETCH,1762980558.493,62275,352,0.066,S3
FETCH,1762980558.520,62274,416,0.146,S3
FETCH,1762980558.550,62276,631,0.063,S3
FETCH,1762980558.558,62273,622,0.087,S3
FETCH,1762980558.564,62275,118,0.071,S3
FETCH,1762980558.599,62274,794,0.078,S3
FETCH,1762980558.614,62276,487,0.063,S3
FETCH,1762980558.644,62273,425,0.086,S3
FETCH,1762980558.652,62275,282,0.087,S3
FETCH,1762980558.663,62274,677,0.065,S3
FETCH,1762980558.677,62276,801,0.063,S3
FETCH,1762980558.720,62273,520,0.076,S3
FETCH,1762980558.740,62276,959,0.062,S3
FETCH,1762980558.750,62274,968,0.087,S3
FETCH,1762980558.785,62275,100,0.133,S3
FETCH,1762980558.823,62274,247,0.073,S3
FETCH,1762980558.824,62273,825,0.103,S3
FETCH,1762980558.851,62275,212,0.066,S3
FETCH,1762980558.883,62274,576,0.060,S3
FETCH,1762980558.883,62276,616,0.143,S3
FETCH,1762980558.914,62273,52,0.090,S3
FETCH,1762980558.941,62275,503,0.089,S3
FETCH,1762980558.967,62276,527,0.084,S3
FETCH,1762980558.971,62274,178,0.088,S3
FETCH,1762980558.981,62273,451,0.067,S3
FETCH,1762980559.040,62275,353,0.099,S3
FETCH,1762980559.041,62274,367,0.070,S3
FETCH,1762980559.051,62273,149,0.070,S3
FETCH,1762980559.068,62276,453,0.100,S3
FETCH,1762980559.100,62273,147,0.049,S3
FETCH,1762980559.136,62275,962,0.096,S3
FETCH,1762980559.154,62274,291,0.113,S3
FETCH,1762980559.154,62276,834,0.086,S3
FETCH,1762980559.159,62273,550,0.059,S3
FETCH,1762980559.240,62273,309,0.081,S3
FETCH,1762980559.277,62276,461,0.123,S3
FETCH,1762980559.285,62274,611,0.131,S3
FETCH,1762980559.311,62273,804,0.070,S3
FETCH,1762980559.339,62276,110,0.063,S3
FETCH,1762980559.364,62274,844,0.079,S3
FETCH,1762980559.396,62273,150,0.085,S3
FETCH,1762980559.405,62276,319,0.065,S3
FETCH,1762980559.434,62274,188,0.069,S3
FETCH,1762980559.439,62273,797,0.043,S3
FETCH,1762980559.481,62276,390,0.077,S3
FETCH,1762980559.487,62274,790,0.053,S3
FETCH,1762980559.487,62273,726,0.048,S3
FETCH,1762980559.546,62276,511,0.064,S3
FETCH,1762980559.571,62274,405,0.084,S3
FETCH,1762980559.571,62273,254,0.084,S3
FETCH,1762980559.628,62273,513,0.057,S3
FETCH,1762980559.629,62274,867,0.058,S3
PROCESS,1762980559.631,62268,100,822,566,980,373,553,515,554,672,941,877,928,346,600,84,528,284,185,914,666,327,828,561,482,585,618,926,871,638,536,707,759,238,958,945,211,318,649,18,431,182,355,558,404,509,126,218,756,942,580,584,232,51,71,207,675,317,645,929,488,497,306,332,8,947,723,603,88,286,30,285,824,39,815,637,26,583,892,339,818,779,722,712,101,850,938,416,794,677,968,247,576,178,367,291,611,844,188,790,405,867
FETCH,1762980559.688,62273,131,0.060,S3
FETCH,1762980559.756,62273,832,0.068,S3
FETCH,1762980559.781,62274,625,0.151,S3
FETCH,1762980559.829,62273,837,0.072,S3
FETCH,1762980559.835,62274,79,0.053,S3
FETCH,1762980559.884,62273,392,0.056,S3
PROCESS,1762980559.915,62268,100,326,997,181,275,434,407,370,391,582,791,133,846,209,34,409,771,491,836,568,7,64,49,557,918,907,652,974,161,336,987,972,380,924,179,570,175,814,205,900,685,301,886,986,132,92,817,298,504,96,75,843,89,758,577,724,876,331,233,388,297,129,842,981,879,555,718,966,454,646,777,389,145,484,897,870,740,979,939,750,351,589,277,196,163,228,193,81,473,514,760,105,25,352,118,282,100,212,503,353,962
FETCH,1762980559.936,62274,599,0.102,S3
FETCH,1762980559.952,62273,565,0.068,S3
FETCH,1762980560.004,62274,142,0.068,S3
FETCH,1762980560.020,62273,847,0.068,S3
FETCH,1762980560.091,62274,971,0.086,S3
FETCH,1762980560.091,62273,849,0.070,S3
FETCH,1762980560.159,62274,463,0.068,S3
FETCH,1762980560.165,62273,483,0.075,S3
PROCESS,1762980560.180,62268,100,960,239,144,581,14,371,769,912,647,496,394,639,362,808,456,421,796,258,299,954,234,41,963,882,840,893,95,601,757,415,63,643,810,852,4,33,201,202,40,183,424,29,94,748,716,413,660,304,452,663,518,119,547,377,698,653,467,46,826,155,656,982,901,908,708,544,798,61,104,103,341,526,455,717,403,116,887,657,691,444,441,268,208,591,359,477,466,631,487,801,959,616,527,453,834,461,110,319,390,511
FETCH,1762980560.211,62273,768,0.046,S3
FETCH,1762980560.260,62274,184,0.101,S3
FETCH,1762980560.265,62273,969,0.053,S3
FETCH,1762980560.343,62274,417,0.083,S3
FETCH,1762980560.343,62273,896,0.078,S3
FETCH,1762980560.405,62273,76,0.062,S3
FETCH,1762980560.449,62273,12,0.044,S3
FETCH,1762980560.475,62274,530,0.132,S3
FETCH,1762980561.403,62274,192,0.927,S3
FETCH,1762980561.403,62273,927,0.954,S3
FETCH,1762980561.462,62274,226,0.059,S3
FETCH,1762980561.481,62273,127,0.078,S3
FETCH,1762980561.538,62274,517,0.076,S3
FETCH,1762980561.581,62273,241,0.100,S3
FETCH,1762980561.632,62273,386,0.050,S3
FETCH,1762980561.648,62274,590,0.110,S3
FETCH,1762980561.753,62273,990,0.122,S3
FETCH,1762980561.785,62274,673,0.136,S3
FETCH,1762980561.865,62273,535,0.112,S3
FETCH,1762980561.877,62274,160,0.092,S3
FETCH,1762980561.924,62273,736,0.059,S3
FETCH,1762980561.952,62274,159,0.076,S3
FETCH,1762980561.968,62273,220,0.044,S3
FETCH,1762980562.006,62274,356,0.053,S3
FETCH,1762980562.014,62273,60,0.047,S3
FETCH,1762980562.067,62273,345,0.053,S3
FETCH,1762980562.069,62274,289,0.063,S3
FETCH,1762980562.122,62273,733,0.055,S3
FETCH,1762980562.140,62274,975,0.071,S3
FETCH,1762980562.175,62273,253,0.053,S3
FETCH,1762980562.192,62274,216,0.052,S3
FETCH,1762980562.269,62274,458,0.077,S3
FETCH,1762980562.304,62273,469,0.128,S3
FETCH,1762980562.318,62274,106,0.049,S3
FETCH,1762980562.422,62274,766,0.104,S3
FETCH,1762980562.466,62273,59,0.162,S3
FETCH,1762980562.479,62274,320,0.057,S3
FETCH,1762980562.541,62273,121,0.076,S3
FETCH,1762980562.568,62274,665,0.089,S3
FETCH,1762980562.606,62273,686,0.064,S3
FETCH,1762980562.653,62274,230,0.086,S3
FETCH,1762980562.700,62273,548,0.094,S3
FETCH,1762980562.778,62273,902,0.078,S3
FETCH,1762980562.829,62274,630,0.176,S3
FETCH,1762980562.863,62273,609,0.085,S3
FETCH,1762980562.902,62274,917,0.072,S3
FETCH,1762980562.984,62274,22,0.082,S3
FETCH,1762980563.010,62273,827,0.147,S3
FETCH,1762980563.044,62274,279,0.060,S3
FETCH,1762980563.063,62273,223,0.053,S3
FETCH,1762980563.101,62274,525,0.058,S3
FETCH,1762980563.108,62273,27,0.045,S3
FETCH,1762980563.152,62273,811,0.043,S3
FETCH,1762980563.176,62274,396,0.075,S3
FETCH,1762980563.207,62273,984,0.055,S3
FETCH,1762980563.252,62273,295,0.045,S3
FETCH,1762980563.269,62274,123,0.093,S3
FETCH,1762980563.311,62273,479,0.058,S3
FETCH,1762980563.354,62274,308,0.085,S3
FETCH,1762980563.371,62273,868,0.060,S3
FETCH,1762980563.418,62273,596,0.048,S3
FETCH,1762980563.419,62274,549,0.064,S3
FETCH,1762980563.473,62273,2,0.055,S3
FETCH,1762980563.511,62274,97,0.093,S3
FETCH,1762980563.527,62273,168,0.053,S3
FETCH,1762980563.587,62273,43,0.059,S3
FETCH,1762980563.594,62274,773,0.082,S3
FETCH,1762980563.669,62274,803,0.075,S3
FETCH,1762980563.696,62273,169,0.109,S3
FETCH,1762980563.736,62274,629,0.067,S3
FETCH,1762980563.766,62273,495,0.071,S3
FETCH,1762980563.788,62274,543,0.052,S3
FETCH,1762980563.844,62273,72,0.078,S3
FETCH,1762980563.872,62274,598,0.084,S3
FETCH,1762980563.894,62273,872,0.050,S3
FETCH,1762980563.936,62274,579,0.064,S3
FETCH,1762980563.990,62273,489,0.095,S3
FETCH,1762980564.036,62274,358,0.100,S3
FETCH,1762980564.059,62273,739,0.069,S3
FETCH,1762980564.118,62274,490,0.082,S3
FETCH,1762980564.119,62273,774,0.060,S3
FETCH,1762980564.181,62274,125,0.063,S3
FETCH,1762980564.218,62273,50,0.099,S3
FETCH,1762980564.265,62274,190,0.084,S3
FETCH,1762980564.308,62273,44,0.090,S3
FETCH,1762980564.325,62274,540,0.060,S3
FETCH,1762980564.357,62273,745,0.049,S3
FETCH,1762980564.394,62274,36,0.069,S3
FETCH,1762980564.445,62273,11,0.088,S3
FETCH,1762980564.466,62274,922,0.072,S3
FETCH,1762980564.487,62273,682,0.042,S3
FETCH,1762980564.523,62274,749,0.056,S3
FETCH,1762980564.564,62273,214,0.077,S3
FETCH,1762980564.577,62274,111,0.054,S3
FETCH,1762980564.633,62273,117,0.068,S3
FETCH,1762980564.707,62274,135,0.130,S3
FETCH,1762980564.740,62273,697,0.107,S3
FETCH,1762980564.763,62274,260,0.056,S3
FETCH,1762980564.800,62273,899,0.060,S3
FETCH,1762980564.871,62274,406,0.107,S3
FETCH,1762980564.900,62273,816,0.100,S3
FETCH,1762980564.947,62274,369,0.076,S3
FETCH,1762980565.008,62273,334,0.106,S3
FETCH,1762980565.020,62274,921,0.072,S3
FETCH,1762980565.083,62273,680,0.075,S3
FETCH,1762980565.088,62274,87,0.068,S3
FETCH,1762980565.136,62273,607,0.052,S3
FETCH,1762980565.149,62274,204,0.061,S3
FETCH,1762980565.197,62273,485,0.061,S3
FETCH,1762980565.203,62274,23,0.054,S3
FETCH,1762980565.240,62273,819,0.042,S3
FETCH,1762980565.291,62273,423,0.052,S3
FETCH,1762980565.308,62274,378,0.105,S3
FETCH,1762980565.351,62273,932,0.060,S3
FETCH,1762980565.359,62274,429,0.051,S3
FETCH,1762980565.425,62274,57,0.066,S3
FETCH,1762980565.445,62273,328,0.094,S3
FETCH,1762980565.489,62274,678,0.063,S3
FETCH,1762980565.504,62273,435,0.059,S3
FETCH,1762980565.552,62273,996,0.047,S3
FETCH,1762980565.558,62274,696,0.069,S3
FETCH,1762980565.604,62273,242,0.052,S3
FETCH,1762980565.667,62274,66,0.109,S3
FETCH,1762980565.683,62273,21,0.079,S3
FETCH,1762980565.739,62273,683,0.056,S3
FETCH,1762980565.798,62273,654,0.059,S3
FETCH,1762980565.798,62274,546,0.131,S3
FETCH,1762980565.866,62274,330,0.068,S3
FETCH,1762980565.866,62273,894,0.068,S3
PROCESS,1762980565.873,62268,100,278,210,384,62,225,248,173,240,622,425,520,825,52,451,149,147,550,309,804,150,797,726,254,513,131,832,837,392,565,847,849,483,768,969,896,76,12,927,127,241,386,990,535,736,220,60,345,733,253,469,59,121,686,548,902,609,827,223,27,811,984,295,479,868,596,2,168,43,169,495,72,872,489,739,774,50,44,745,11,682,214,117,697,899,816,334,680,607,485,819,423,932,328,435,996,242,21,683,654,894
FETCH,1762980566.026,62274,719,0.159,S3
FETCH,1762980566.078,62274,315,0.053,S3
FETCH,1762980566.146,62274,269,0.067,S3
FETCH,1762980566.227,62274,889,0.081,S3
FETCH,1762980566.307,62274,165,0.080,S3
FETCH,1762980566.381,62274,821,0.074,S3
FETCH,1762980566.434,62274,564,0.053,S3
FETCH,1762980566.549,62274,522,0.114,S3
FETCH,1762980566.647,62274,729,0.098,S3
FETCH,1762980566.761,62274,130,0.114,S3
FETCH,1762980566.830,62274,296,0.068,S3
FETCH,1762980566.952,62274,120,0.122,S3
FETCH,1762980567.023,62274,873,0.071,S3
FETCH,1762980567.113,62274,321,0.089,S3
FETCH,1762980567.178,62274,109,0.066,S3
FETCH,1762980567.325,62274,920,0.146,S3
FETCH,1762980567.435,62274,848,0.110,S3
FETCH,1762980567.520,62274,167,0.084,S3
FETCH,1762980567.617,62274,800,0.097,S3
FETCH,1762980567.685,62274,689,0.068,S3
FETCH,1762980567.750,62274,933,0.065,S3
FETCH,1762980567.848,62274,124,0.098,S3
FETCH,1762980567.922,62274,344,0.074,S3
FETCH,1762980567.984,62274,448,0.061,S3
FETCH,1762980568.064,62274,235,0.081,S3
FETCH,1762980568.156,62274,78,0.091,S3
FETCH,1762980568.228,62274,833,0.072,S3
FETCH,1762980568.353,62274,311,0.125,S3
FETCH,1762980568.466,62274,280,0.113,S3
FETCH,1762980568.531,62274,931,0.065,S3
FETCH,1762980568.615,62274,329,0.084,S3
FETCH,1762980568.702,62274,888,0.086,S3
FETCH,1762980568.779,62274,545,0.077,S3
PROCESS,1762980568.786,62268,100,625,79,599,142,971,463,184,417,530,192,226,517,590,673,160,159,356,289,975,216,458,106,766,320,665,230,630,917,22,279,525,396,123,308,549,97,773,803,629,543,598,579,358,490,125,190,540,36,922,749,111,135,260,406,369,921,87,204,23,378,429,57,678,696,66,546,330,719,315,269,889,165,821,564,522,729,130,296,120,873,321,109,920,848,167,800,689,933,124,344,448,235,78,833,311,280,931,329,888,545
FETCH,1762980569.067,62273,469,0.000,RAM
FETCH,1762980569.067,62275,140,0.001,RAM
FETCH,1762980569.210,62273,25,0.143,S3
FETCH,1762980569.226,62275,53,0.159,S3
FETCH,1762980569.232,62274,744,0.165,S3
FETCH,1762980569.239,62276,481,0.172,S3
FETCH,1762980569.239,62276,681,0.000,RAM
FETCH,1762980569.255,62273,269,0.044,S3
FETCH,1762980569.279,62275,670,0.052,S3
FETCH,1762980569.279,62274,403,0.047,S3
FETCH,1762980569.295,62276,966,0.056,S3
FETCH,1762980569.300,62273,400,0.046,S3
FETCH,1762980569.324,62275,915,0.045,S3
FETCH,1762980569.324,62274,896,0.046,S3
FETCH,1762980569.346,62273,307,0.045,S3
FETCH,1762980569.358,62276,626,0.063,S3
FETCH,1762980569.358,62276,250,0.000,RAM
FETCH,1762980569.390,62275,192,0.066,S3
FETCH,1762980569.404,62274,817,0.080,S3
FETCH,1762980569.404,62273,886,0.059,S3
FETCH,1762980569.405,62274,417,0.000,RAM
FETCH,1762980569.415,62276,267,0.056,S3
FETCH,1762980569.438,62275,676,0.048,S3
FETCH,1762980569.452,62273,106,0.048,S3
FETCH,1762980569.458,62274,116,0.054,S3
FETCH,1762980569.479,62276,317,0.064,S3
FETCH,1762980569.481,62275,334,0.043,S3
FETCH,1762980569.495,62273,838,0.043,S3
FETCH,1762980569.507,62274,952,0.049,S3
FETCH,1762980569.534,62276,735,0.054,S3
FETCH,1762980569.577,62275,479,0.096,S3
FETCH,1762980569.577,62273,871,0.082,S3
FETCH,1762980569.586,62276,644,0.052,S3
FETCH,1762980569.586,62274,483,0.079,S3
FETCH,1762980569.586,62274,707,0.000,RAM
FETCH,1762980569.587,62274,463,0.000,RAM
FETCH,1762980569.638,62273,429,0.060,S3
FETCH,1762980569.638,62273,59,0.000,RAM
FETCH,1762980569.638,62273,20,0.000,RAM
FETCH,1762980569.638,62273,335,0.000,RAM
FETCH,1762980569.638,62273,241,0.000,RAM
FETCH,1762980569.645,62275,246,0.067,S3
FETCH,1762980569.656,62276,321,0.070,S3
FETCH,1762980569.666,62274,451,0.080,S3
FETCH,1762980569.667,62274,938,0.000,RAM
FETCH,1762980569.710,62274,616,0.044,S3
FETCH,1762980569.711,62276,525,0.054,S3
FETCH,1762980569.711,62274,227,0.000,RAM
FETCH,1762980569.711,62274,448,0.000,RAM
FETCH,1762980569.711,62274,497,0.000,RAM
FETCH,1762980569.745,62275,346,0.100,S3
FETCH,1762980569.763,62274,544,0.052,S3
FETCH,1762980569.763,62274,285,0.000,RAM
FETCH,1762980569.766,62273,864,0.127,S3
FETCH,1762980569.766,62276,528,0.055,S3
FETCH,1762980569.789,62275,375,0.045,S3
FETCH,1762980569.790,62275,913,0.000,RAM
FETCH,1762980569.812,62273,521,0.046,S3
FETCH,1762980569.812,62274,154,0.049,S3
FETCH,1762980569.812,62273,565,0.000,RAM
FETCH,1762980569.812,62274,289,0.000,RAM
FETCH,1762980569.812,62273,128,0.000,RAM
FETCH,1762980569.835,62275,8,0.046,S3
FETCH,1762980569.867,62276,971,0.101,S3
FETCH,1762980569.875,62273,234,0.063,S3
FETCH,1762980569.875,62273,17,0.000,RAM
FETCH,1762980569.882,62275,383,0.046,S3
FETCH,1762980569.882,62275,967,0.000,RAM
FETCH,1762980569.882,62275,105,0.000,RAM
FETCH,1762980569.918,62273,92,0.043,S3
FETCH,1762980569.918,62273,690,0.000,RAM
FETCH,1762980569.924,62276,386,0.057,S3
FETCH,1762980569.924,62274,572,0.112,S3
FETCH,1762980569.924,62274,39,0.000,RAM
FETCH,1762980569.953,62275,401,0.071,S3
FETCH,1762980569.962,62273,212,0.044,S3
FETCH,1762980569.975,62276,638,0.051,S3
FETCH,1762980569.990,62274,164,0.065,S3
FETCH,1762980569.990,62274,387,0.000,RAM
FETCH,1762980570.001,62275,468,0.048,S3
FETCH,1762980570.001,62275,589,0.000,RAM
FETCH,1762980570.007,62273,476,0.044,S3
FETCH,1762980570.031,62276,618,0.056,S3
FETCH,1762980570.040,62274,450,0.050,S3
FETCH,1762980570.047,62275,354,0.046,S3
FETCH,1762980570.050,62273,15,0.043,S3
FETCH,1762980570.050,62273,795,0.000,RAM
FETCH,1762980570.078,62276,108,0.047,S3
FETCH,1762980570.085,62274,718,0.045,S3
FETCH,1762980570.097,62273,767,0.046,S3
FETCH,1762980570.097,62275,861,0.050,S3
FETCH,1762980570.097,62273,713,0.000,RAM
FETCH,1762980570.097,62275,555,0.000,RAM
FETCH,1762980570.097,62275,512,0.000,RAM
FETCH,1762980570.134,62274,215,0.049,S3
FETCH,1762980570.134,62276,629,0.056,S3
FETCH,1762980570.134,62276,951,0.000,RAM
FETCH,1762980570.145,62273,854,0.048,S3
FETCH,1762980570.166,62275,330,0.069,S3
FETCH,1762980570.166,62275,862,0.000,RAM
FETCH,1762980570.185,62273,541,0.040,S3
FETCH,1762980570.189,62274,63,0.055,S3
FETCH,1762980570.194,62276,900,0.060,S3
FETCH,1762980570.209,62275,639,0.043,S3
FETCH,1762980570.240,62274,770,0.051,S3
FETCH,1762980570.258,62275,254,0.049,S3
FETCH,1762980570.259,62276,266,0.065,S3
FETCH,1762980570.259,62273,843,0.074,S3
FETCH,1762980570.302,62275,281,0.044,S3
FETCH,1762980570.319,62276,148,0.060,S3
FETCH,1762980570.352,62275,200,0.050,S3
FETCH,1762980570.352,62275,791,0.000,RAM
FETCH,1762980570.370,62274,155,0.130,S3
FETCH,1762980570.382,62276,132,0.062,S3
FETCH,1762980570.382,62273,753,0.123,S3
FETCH,1762980570.424,62273,633,0.042,S3
FETCH,1762980570.426,62275,933,0.074,S3
FETCH,1762980570.439,62274,384,0.069,S3
FETCH,1762980570.439,62276,829,0.058,S3
FETCH,1762980570.440,62276,480,0.000,RAM
FETCH,1762980570.440,62276,597,0.000,RAM
FETCH,1762980570.440,62276,788,0.000,RAM
FETCH,1762980570.478,62273,100,0.054,S3
FETCH,1762980570.478,62275,493,0.052,S3
FETCH,1762980570.489,62274,692,0.049,S3
FETCH,1762980570.496,62276,516,0.056,S3
FETCH,1762980570.521,62273,972,0.042,S3
FETCH,1762980570.523,62275,320,0.045,S3
FETCH,1762980570.523,62275,634,0.000,RAM
FETCH,1762980570.524,62275,987,0.000,RAM
FETCH,1762980570.539,62274,701,0.050,S3
FETCH,1762980570.547,62276,696,0.050,S3
FETCH,1762980570.586,62273,766,0.065,S3
FETCH,1762980570.586,62273,314,0.000,RAM
FETCH,1762980570.590,62274,660,0.051,S3
FETCH,1762980570.605,62276,393,0.059,S3
FETCH,1762980570.636,62273,351,0.050,S3
FETCH,1762980570.638,62275,669,0.114,S3
FETCH,1762980570.651,62274,274,0.061,S3
FETCH,1762980570.665,62276,652,0.059,S3
FETCH,1762980570.665,62276,38,0.000,RAM
FETCH,1762980570.666,62276,940,0.000,RAM
FETCH,1762980570.666,62276,441,0.000,RAM
FETCH,1762980570.678,62273,430,0.042,S3
FETCH,1762980570.678,62273,765,0.000,RAM
FETCH,1762980570.678,62273,313,0.000,RAM
FETCH,1762980570.679,62273,217,0.000,RAM
FETCH,1762980570.685,62275,268,0.047,S3
FETCH,1762980570.685,62275,948,0.000,RAM
FETCH,1762980570.699,62274,325,0.047,S3
FETCH,1762980570.699,62274,926,0.000,RAM
FETCH,1762980570.699,62274,754,0.000,RAM
FETCH,1762980570.726,62273,231,0.047,S3
FETCH,1762980570.727,62273,539,0.000,RAM
FETCH,1762980570.737,62275,177,0.052,S3
FETCH,1762980570.770,62274,343,0.070,S3
FETCH,1762980570.770,62276,809,0.104,S3
FETCH,1762980570.770,62274,611,0.000,RAM
FETCH,1762980570.774,62273,102,0.047,S3
FETCH,1762980570.774,62273,91,0.000,RAM
FETCH,1762980570.784,62275,617,0.047,S3
FETCH,1762980570.784,62275,761,0.000,RAM
FETCH,1762980570.818,62274,48,0.048,S3
FETCH,1762980570.818,62274,917,0.000,RAM
FETCH,1762980570.832,62273,165,0.058,S3
FETCH,1762980570.832,62276,846,0.062,S3
FETCH,1762980570.832,62275,954,0.048,S3
FETCH,1762980570.832,62275,24,0.000,RAM
FETCH,1762980570.877,62274,221,0.059,S3
FETCH,1762980570.877,62273,853,0.045,S3
FETCH,1762980570.879,62275,114,0.047,S3
FETCH,1762980570.886,62276,551,0.054,S3
FETCH,1762980570.928,62273,123,0.051,S3
FETCH,1762980570.928,62275,88,0.049,S3
FETCH,1762980570.929,62273,83,0.000,RAM
FETCH,1762980570.930,62274,957,0.053,S3
FETCH,1762980570.939,62276,759,0.052,S3
FETCH,1762980570.979,62275,988,0.051,S3
FETCH,1762980570.979,62273,943,0.050,S3
FETCH,1762980570.980,62274,225,0.050,S3
FETCH,1762980570.980,62274,734,0.000,RAM
FETCH,1762980570.997,62276,783,0.059,S3
FETCH,1762980570.998,62276,413,0.000,RAM
FETCH,1762980570.998,62276,998,0.000,RAM
FETCH,1762980571.034,62274,137,0.054,S3
FETCH,1762980571.034,62275,804,0.055,S3
FETCH,1762980571.041,62273,963,0.062,S3
FETCH,1762980571.057,62276,794,0.059,S3
FETCH,1762980571.058,62276,29,0.000,RAM
FETCH,1762980571.084,62275,461,0.050,S3
FETCH,1762980571.085,62273,632,0.044,S3
FETCH,1762980571.091,62274,706,0.057,S3
FETCH,1762980571.092,62274,356,0.000,RAM
FETCH,1762980571.140,62275,664,0.055,S3
FETCH,1762980571.140,62275,758,0.000,RAM
FETCH,1762980571.140,62274,322,0.049,S3
FETCH,1762980571.144,62273,109,0.059,S3
FETCH,1762980571.158,62276,336,0.100,S3
FETCH,1762980571.195,62274,849,0.054,S3
FETCH,1762980571.195,62273,22,0.051,S3
FETCH,1762980571.195,62275,183,0.055,S3
FETCH,1762980571.195,62273,112,0.000,RAM
FETCH,1762980571.196,62273,745,0.000,RAM
FETCH,1762980571.213,62276,931,0.055,S3
FETCH,1762980571.213,62276,643,0.000,RAM
FETCH,1762980571.241,62273,942,0.046,S3
FETCH,1762980571.242,62275,482,0.046,S3
FETCH,1762980571.242,62273,121,0.000,RAM
FETCH,1762980571.242,62275,582,0.000,RAM
FETCH,1762980571.246,62274,264,0.052,S3
FETCH,1762980571.264,62276,498,0.051,S3
FETCH,1762980571.293,62275,894,0.051,S3
FETCH,1762980571.295,62274,229,0.048,S3
FETCH,1762980571.303,62273,757,0.061,S3
FETCH,1762980571.317,62276,350,0.052,S3
FETCH,1762980571.348,62275,818,0.055,S3
FETCH,1762980571.348,62274,433,0.054,S3
FETCH,1762980571.349,62274,672,0.000,RAM
FETCH,1762980571.366,62273,141,0.063,S3
FETCH,1762980571.373,62276,785,0.056,S3
FETCH,1762980571.373,62276,556,0.000,RAM
FETCH,1762980571.399,62274,781,0.050,S3
FETCH,1762980571.412,62273,722,0.046,S3
FETCH,1762980571.419,62275,598,0.070,S3
FETCH,1762980571.444,62276,230,0.070,S3
FETCH,1762980571.444,62276,593,0.000,RAM
FETCH,1762980571.460,62273,912,0.048,S3
FETCH,1762980571.465,62275,883,0.047,S3
FETCH,1762980571.496,62274,80,0.097,S3
FETCH,1762980571.496,62274,530,0.000,RAM
FETCH,1762980571.496,62274,84,0.000,RAM
FETCH,1762980571.498,62276,286,0.054,S3
FETCH,1762980571.507,62273,79,0.047,S3
FETCH,1762980571.508,62273,562,0.000,RAM
FETCH,1762980571.508,62273,295,0.000,RAM
FETCH,1762980571.508,62273,98,0.000,RAM
FETCH,1762980571.529,62275,901,0.063,S3
FETCH,1762980571.548,62274,187,0.051,S3
FETCH,1762980571.553,62273,878,0.045,S3
FETCH,1762980571.554,62273,474,0.000,RAM
FETCH,1762980571.591,62275,763,0.063,S3
FETCH,1762980571.592,62275,205,0.000,RAM
FETCH,1762980571.593,62274,743,0.045,S3
FETCH,1762980571.593,62274,569,0.000,RAM
FETCH,1762980571.594,62276,301,0.095,S3
FETCH,1762980571.651,62274,473,0.058,S3
FETCH,1762980571.655,62275,186,0.064,S3
FETCH,1762980571.656,62276,700,0.062,S3
FETCH,1762980571.656,62275,7,0.000,RAM
FETCH,1762980571.676,62273,645,0.122,S3
FETCH,1762980571.709,62275,174,0.053,S3
FETCH,1762980571.709,62276,519,0.054,S3
FETCH,1762980571.722,62273,991,0.045,S3
FETCH,1762980571.722,62274,557,0.071,S3
FETCH,1762980571.771,62275,312,0.061,S3
FETCH,1762980571.771,62273,578,0.049,S3
FETCH,1762980571.773,62274,153,0.051,S3
FETCH,1762980571.773,62274,431,0.000,RAM
FETCH,1762980571.773,62274,178,0.000,RAM
FETCH,1762980571.774,62276,309,0.065,S3
FETCH,1762980571.817,62275,993,0.047,S3
FETCH,1762980571.826,62274,724,0.052,S3
FETCH,1762980571.827,62276,543,0.053,S3
FETCH,1762980571.863,62273,275,0.092,S3
FETCH,1762980571.867,62275,329,0.049,S3
FETCH,1762980571.874,62274,646,0.048,S3
FETCH,1762980571.874,62274,339,0.000,RAM
FETCH,1762980571.910,62273,331,0.047,S3
FETCH,1762980571.910,62276,947,0.082,S3
FETCH,1762980571.910,62276,581,0.000,RAM
FETCH,1762980571.911,62276,903,0.000,RAM
FETCH,1762980571.919,62274,209,0.045,S3
FETCH,1762980571.919,62275,995,0.052,S3
FETCH,1762980571.919,62274,288,0.000,RAM
FETCH,1762980571.960,62273,199,0.050,S3
FETCH,1762980571.968,62275,107,0.048,S3
FETCH,1762980571.968,62275,380,0.000,RAM
FETCH,1762980571.968,62276,665,0.057,S3
FETCH,1762980571.999,62274,127,0.080,S3
FETCH,1762980572.000,62274,315,0.000,RAM
FETCH,1762980572.004,62273,410,0.044,S3
FETCH,1762980572.004,62273,435,0.000,RAM
FETCH,1762980572.013,62275,446,0.045,S3
FETCH,1762980572.014,62275,28,0.000,RAM
FETCH,1762980572.020,62276,506,0.052,S3
FETCH,1762980572.051,62273,280,0.047,S3
FETCH,1762980572.064,62275,255,0.050,S3
FETCH,1762980572.064,62274,478,0.064,S3
FETCH,1762980572.064,62275,760,0.000,RAM
FETCH,1762980572.064,62275,560,0.000,RAM
FETCH,1762980572.074,62276,937,0.053,S3
FETCH,1762980572.104,62273,249,0.053,S3
FETCH,1762980572.123,62274,144,0.059,S3
FETCH,1762980572.124,62275,398,0.060,S3
FETCH,1762980572.141,62276,603,0.068,S3
FETCH,1762980572.176,62274,510,0.052,S3
FETCH,1762980572.176,62273,685,0.072,S3
FETCH,1762980572.176,62273,242,0.000,RAM
FETCH,1762980572.199,62276,220,0.057,S3
FETCH,1762980572.204,62275,567,0.079,S3
FETCH,1762980572.204,62275,333,0.000,RAM
FETCH,1762980572.231,62274,303,0.055,S3
FETCH,1762980572.231,62274,980,0.000,RAM
FETCH,1762980572.244,62273,693,0.068,S3
FETCH,1762980572.245,62273,146,0.000,RAM
FETCH,1762980572.253,62275,245,0.049,S3
FETCH,1762980572.253,62276,3,0.055,S3
FETCH,1762980572.284,62274,736,0.053,S3
FETCH,1762980572.295,62273,87,0.050,S3
FETCH,1762980572.295,62273,348,0.000,RAM
FETCH,1762980572.320,62275,304,0.066,S3
FETCH,1762980572.320,62275,75,0.000,RAM
FETCH,1762980572.320,62275,976,0.000,RAM
FETCH,1762980572.332,62276,742,0.079,S3
FETCH,1762980572.343,62273,820,0.048,S3
FETCH,1762980572.353,62274,679,0.069,S3
FETCH,1762980572.388,62273,324,0.045,S3
FETCH,1762980572.395,62276,427,0.062,S3
FETCH,1762980572.418,62275,881,0.097,S3
FETCH,1762980572.431,62273,975,0.043,S3
FETCH,1762980572.432,62273,640,0.000,RAM
FETCH,1762980572.432,62273,223,0.000,RAM
FETCH,1762980572.432,62273,157,0.000,RAM
FETCH,1762980572.438,62274,852,0.085,S3
FETCH,1762980572.451,62276,956,0.056,S3
FETCH,1762980572.491,62274,807,0.053,S3
FETCH,1762980572.497,62275,208,0.079,S3
FETCH,1762980572.501,62276,206,0.050,S3
FETCH,1762980572.501,62276,422,0.000,RAM
FETCH,1762980572.501,62276,455,0.000,RAM
FETCH,1762980572.515,62273,554,0.083,S3
FETCH,1762980572.515,62273,825,0.000,RAM
FETCH,1762980572.544,62274,391,0.053,S3
FETCH,1762980572.544,62274,824,0.000,RAM
FETCH,1762980572.546,62275,517,0.049,S3
FETCH,1762980572.563,62276,520,0.062,S3
FETCH,1762980572.563,62273,780,0.048,S3
FETCH,1762980572.564,62273,445,0.000,RAM
FETCH,1762980572.599,62275,680,0.053,S3
FETCH,1762980572.600,62274,407,0.055,S3
FETCH,1762980572.612,62273,534,0.048,S3
FETCH,1762980572.653,62276,667,0.089,S3
FETCH,1762980572.655,62274,532,0.055,S3
FETCH,1762980572.655,62274,642,0.000,RAM
FETCH,1762980572.661,62273,399,0.050,S3
FETCH,1762980572.662,62273,428,0.000,RAM
FETCH,1762980572.671,62275,732,0.071,S3
FETCH,1762980572.707,62273,111,0.046,S3
FETCH,1762980572.708,62274,604,0.052,S3
FETCH,1762980572.708,62273,382,0.000,RAM
PROCESS,1762980572.718,62268,100,469,25,269,400,307,886,106,838,871,429,59,20,335,241,864,521,565,128,234,17,92,690,212,476,15,795,767,713,854,541,843,753,633,100,972,766,314,351,430,765,313,217,231,539,102,91,165,853,123,83,943,963,632,109,22,112,745,942,121,757,141,722,912,79,562,295,98,878,474,645,991,578,275,331,199,410,435,280,249,685,242,693,146,87,348,820,324,975,640,223,157,554,825,780,445,534,399,428,111,382
FETCH,1762980572.730,62275,607,0.059,S3
FETCH,1762980572.740,62276,485,0.088,S3
FETCH,1762980572.756,62273,319,0.046,S3
FETCH,1762980572.756,62274,812,0.048,S3
FETCH,1762980572.778,62275,970,0.048,S3
FETCH,1762980572.797,62276,170,0.056,S3
FETCH,1762980572.816,62274,627,0.060,S3
FETCH,1762980572.824,62275,490,0.046,S3
FETCH,1762980572.837,62273,986,0.081,S3
FETCH,1762980572.837,62273,622,0.000,RAM
FETCH,1762980572.848,62276,261,0.051,S3
FETCH,1762980572.863,62274,974,0.047,S3
FETCH,1762980572.891,62275,489,0.067,S3
FETCH,1762980572.903,62276,168,0.056,S3
FETCH,1762980572.908,62274,614,0.046,S3
FETCH,1762980572.956,62273,748,0.119,S3
FETCH,1762980572.976,62274,514,0.068,S3
FETCH,1762980572.988,62276,877,0.084,S3
FETCH,1762980572.995,62273,842,0.039,S3
FETCH,1762980572.996,62273,50,0.000,RAM
FETCH,1762980573.010,62275,925,0.120,S3
FETCH,1762980573.027,62274,715,0.051,S3
FETCH,1762980573.037,62276,32,0.049,S3
FETCH,1762980573.038,62273,805,0.043,S3
FETCH,1762980573.059,62275,436,0.048,S3
FETCH,1762980573.083,62273,601,0.045,S3
FETCH,1762980573.089,62274,161,0.061,S3
FETCH,1762980573.090,62276,418,0.053,S3
FETCH,1762980573.108,62275,239,0.049,S3
FETCH,1762980573.137,62274,868,0.048,S3
FETCH,1762980573.140,62276,648,0.050,S3
FETCH,1762980573.154,62275,873,0.046,S3
FETCH,1762980573.154,62275,228,0.000,RAM
FETCH,1762980573.176,62273,924,0.093,S3
FETCH,1762980573.201,62275,439,0.047,S3
FETCH,1762980573.205,62276,414,0.065,S3
FETCH,1762980573.241,62273,703,0.065,S3
FETCH,1762980573.241,62273,609,0.000,RAM
FETCH,1762980573.248,62275,240,0.047,S3
FETCH,1762980573.249,62274,425,0.112,S3
FETCH,1762980573.262,62276,630,0.057,S3
FETCH,1762980573.263,62276,656,0.000,RAM
FETCH,1762980573.289,62273,306,0.047,S3
FETCH,1762980573.289,62273,9,0.000,RAM
FETCH,1762980573.301,62275,905,0.054,S3
FETCH,1762980573.306,62274,67,0.057,S3
FETCH,1762980573.332,62276,777,0.069,S3
FETCH,1762980573.332,62276,119,0.000,RAM
FETCH,1762980573.332,62276,390,0.000,RAM
FETCH,1762980573.333,62276,189,0.000,RAM
FETCH,1762980573.343,62273,89,0.054,S3
FETCH,1762980573.343,62273,851,0.000,RAM
FETCH,1762980573.354,62275,511,0.053,S3
FETCH,1762980573.354,62274,40,0.048,S3
FETCH,1762980573.355,62275,552,0.000,RAM
FETCH,1762980573.357,62275,277,0.001,RAM
PROCESS,1762980573.358,62268,100,744,403,896,817,417,116,952,483,707,463,451,938,616,227,448,497,544,285,154,289,572,39,164,387,450,718,215,63,770,155,384,692,701,660,274,325,926,754,343,611,48,917,221,957,225,734,137,706,356,322,849,264,229,433,672,781,80,530,84,187,743,569,473,557,153,431,178,724,646,339,209,288,127,315,478,144,510,303,980,736,679,852,807,391,824,407,532,642,604,812,627,974,614,514,715,161,868,425,67,40
FETCH,1762980573.384,62276,953,0.051,S3
FETCH,1762980573.403,62275,258,0.046,S3
FETCH,1762980573.403,62273,376,0.060,S3
FETCH,1762980573.403,62275,775,0.000,RAM
FETCH,1762980573.406,62274,605,0.050,S3
FETCH,1762980573.449,62275,655,0.046,S3
FETCH,1762980573.449,62273,887,0.046,S3
FETCH,1762980573.473,62274,395,0.068,S3
FETCH,1762980573.478,62276,203,0.094,S3
FETCH,1762980573.494,62275,711,0.045,S3
FETCH,1762980573.497,62273,56,0.048,S3
FETCH,1762980573.522,62274,897,0.048,S3
FETCH,1762980573.539,62276,932,0.061,S3
FETCH,1762980573.549,62275,850,0.054,S3
FETCH,1762980573.549,62275,388,0.000,RAM
FETCH,1762980573.555,62273,359,0.058,S3
FETCH,1762980573.555,62273,977,0.000,RAM
FETCH,1762980573.572,62274,290,0.051,S3
FETCH,1762980573.573,62274,583,0.000,RAM
FETCH,1762980573.595,62276,43,0.056,S3
FETCH,1762980573.600,62273,167,0.045,S3
FETCH,1762980573.600,62273,635,0.000,RAM
FETCH,1762980573.612,62275,801,0.063,S3
PROCESS,1762980573.619,62268,100,140,53,670,915,192,676,334,479,246,346,375,913,8,383,967,105,401,468,589,354,861,555,512,330,862,639,254,281,200,791,933,493,320,634,987,669,268,948,177,617,761,954,24,114,88,988,804,461,664,758,183,482,582,894,818,598,883,901,763,205,186,7,174,312,993,329,995,107,380,446,28,255,760,560,398,567,333,245,304,75,976,881,208,517,680,732,607,970,490,489,925,436,239,873,228,439,240,905,511,552
FETCH,1762980573.624,62274,710,0.051,S3
FETCH,1762980573.648,62273,466,0.047,S3
FETCH,1762980573.662,62276,389,0.066,S3
FETCH,1762980573.662,62275,363,0.049,S3
FETCH,1762980573.670,62274,1,0.046,S3
FETCH,1762980573.710,62275,904,0.049,S3
FETCH,1762980573.710,62273,492,0.063,S3
FETCH,1762980573.711,62273,686,0.000,RAM
FETCH,1762980573.711,62273,438,0.000,RAM
FETCH,1762980573.714,62276,892,0.052,S3
FETCH,1762980573.715,62274,533,0.045,S3
FETCH,1762980573.762,62274,739,0.046,S3
FETCH,1762980573.762,62273,561,0.051,S3
FETCH,1762980573.762,62273,615,0.000,RAM
FETCH,1762980573.768,62276,610,0.054,S3
FETCH,1762980573.784,62275,292,0.074,S3
FETCH,1762980573.807,62273,650,0.045,S3
FETCH,1762980573.812,62274,210,0.051,S3
FETCH,1762980573.812,62274,45,0.000,RAM
FETCH,1762980573.822,62276,342,0.054,S3
FETCH,1762980573.822,62276,467,0.000,RAM
FETCH,1762980573.828,62275,778,0.044,S3
FETCH,1762980573.854,62273,586,0.047,S3
FETCH,1762980573.854,62273,636,0.000,RAM
FETCH,1762980573.875,62274,10,0.062,S3
FETCH,1762980573.875,62276,888,0.052,S3
FETCH,1762980573.877,62275,113,0.048,S3
PROCESS,1762980573.877,62268,100,481,681,966,626,250,267,317,735,644,321,525,528,971,386,638,618,108,629,951,900,266,148,132,829,480,597,788,516,696,393,652,38,940,441,809,846,551,759,783,413,998,794,29,336,931,643,498,350,785,556,230,593,286,301,700,519,309,543,947,581,903,665,506,937,603,220,3,742,427,956,206,422,455,520,667,485,170,261,168,877,32,418,648,414,630,656,777,119,390,189,953,203,932,43,389,892,610,342,467,888
FETCH,1762980573.900,62273,453,0.046,S3
FETCH,1762980573.925,62275,185,0.048,S3
FETCH,1762980573.925,62274,360,0.050,S3
FETCH,1762980573.925,62275,592,0.000,RAM
FETCH,1762980573.945,62273,406,0.045,S3
FETCH,1762980573.957,62276,568,0.082,S3
FETCH,1762980573.958,62276,377,0.000,RAM
FETCH,1762980573.980,62275,355,0.056,S3
FETCH,1762980573.995,62273,368,0.050,S3
FETCH,1762980574.012,62276,472,0.054,S3
FETCH,1762980574.012,62276,906,0.000,RAM
FETCH,1762980574.027,62275,345,0.046,S3
FETCH,1762980574.027,62274,504,0.102,S3
FETCH,1762980574.027,62274,284,0.000,RAM
FETCH,1762980574.027,62274,369,0.000,RAM
FETCH,1762980574.027,62274,602,0.000,RAM
FETCH,1762980574.043,62273,34,0.048,S3
FETCH,1762980574.064,62276,939,0.052,S3
FETCH,1762980574.074,62275,219,0.047,S3
FETCH,1762980574.076,62274,870,0.049,S3
FETCH,1762980574.077,62274,792,0.000,RAM
FETCH,1762980574.077,62274,120,0.000,RAM
FETCH,1762980574.117,62276,294,0.053,S3
FETCH,1762980574.117,62276,394,0.000,RAM
FETCH,1762980574.122,62275,404,0.048,S3
FETCH,1762980574.122,62275,484,0.000,RAM
FETCH,1762980574.135,62274,283,0.058,S3
FETCH,1762980574.173,62273,747,0.130,S3
FETCH,1762980574.193,62275,811,0.071,S3
FETCH,1762980574.219,62273,895,0.046,S3
FETCH,1762980574.219,62274,77,0.085,S3
FETCH,1762980574.220,62274,928,0.000,RAM
FETCH,1762980574.220,62274,211,0.000,RAM
FETCH,1762980574.236,62276,232,0.119,S3
FETCH,1762980574.237,62275,296,0.043,S3
FETCH,1762980574.260,62273,857,0.041,S3
FETCH,1762980574.269,62274,768,0.049,S3
FETCH,1762980574.280,62275,99,0.043,S3
FETCH,1762980574.286,62276,300,0.049,S3
FETCH,1762980574.323,62273,796,0.062,S3
FETCH,1762980574.327,62274,487,0.058,S3
FETCH,1762980574.328,62274,889,0.000,RAM
FETCH,1762980574.340,62276,305,0.054,S3
FETCH,1762980574.340,62275,641,0.060,S3
FETCH,1762980574.340,62275,503,0.000,RAM
FETCH,1762980574.364,62273,876,0.042,S3
FETCH,1762980574.365,62273,595,0.000,RAM
FETCH,1762980574.376,62274,134,0.048,S3
FETCH,1762980574.376,62274,694,0.000,RAM
FETCH,1762980574.387,62275,859,0.046,S3
FETCH,1762980574.387,62276,247,0.047,S3
FETCH,1762980574.409,62273,118,0.044,S3
FETCH,1762980574.425,62274,259,0.049,S3
FETCH,1762980574.425,62274,51,0.000,RAM
FETCH,1762980574.429,62275,725,0.042,S3
FETCH,1762980574.455,62273,444,0.047,S3
FETCH,1762980574.456,62276,574,0.069,S3
FETCH,1762980574.491,62274,774,0.066,S3
FETCH,1762980574.492,62275,784,0.063,S3
FETCH,1762980574.492,62275,907,0.000,RAM
FETCH,1762980574.502,62273,882,0.046,S3
FETCH,1762980574.523,62276,553,0.068,S3
FETCH,1762980574.545,62275,874,0.053,S3
FETCH,1762980574.545,62274,424,0.055,S3
FETCH,1762980574.547,62273,867,0.045,S3
FETCH,1762980574.547,62273,731,0.000,RAM
FETCH,1762980574.548,62273,74,0.000,RAM
FETCH,1762980574.548,62273,347,0.000,RAM
FETCH,1762980574.582,62276,78,0.058,S3
FETCH,1762980574.582,62276,787,0.000,RAM
FETCH,1762980574.593,62274,136,0.048,S3
FETCH,1762980574.594,62273,999,0.045,S3
FETCH,1762980574.594,62275,542,0.048,S3
FETCH,1762980574.594,62273,69,0.000,RAM
FETCH,1762980574.632,62276,564,0.050,S3
FETCH,1762980574.636,62273,64,0.042,S3
FETCH,1762980574.637,62275,657,0.043,S3
FETCH,1762980574.656,62274,908,0.063,S3
FETCH,1762980574.678,62273,308,0.042,S3
FETCH,1762980574.688,62276,125,0.056,S3
FETCH,1762980574.688,62276,95,0.000,RAM
FETCH,1762980574.703,62274,631,0.047,S3
FETCH,1762980574.704,62274,515,0.000,RAM
FETCH,1762980574.704,62274,566,0.000,RAM
FETCH,1762980574.704,62274,546,0.000,RAM
FETCH,1762980574.704,62274,608,0.000,RAM
FETCH,1762980574.705,62274,833,0.000,RAM
FETCH,1762980574.705,62274,522,0.000,RAM
FETCH,1762980574.727,62275,837,0.090,S3
FETCH,1762980574.743,62276,16,0.055,S3
FETCH,1762980574.753,62274,927,0.048,S3
FETCH,1762980574.753,62274,594,0.000,RAM
FETCH,1762980574.775,62275,571,0.048,S3
FETCH,1762980574.799,62276,180,0.055,S3
FETCH,1762980574.808,62274,740,0.054,S3
FETCH,1762980574.808,62274,405,0.000,RAM
FETCH,1762980574.852,62276,920,0.053,S3
FETCH,1762980574.854,62274,443,0.045,S3
FETCH,1762980574.854,62274,719,0.000,RAM
FETCH,1762980574.854,62274,449,0.000,RAM
FETCH,1762980574.870,62273,291,0.192,S3
FETCH,1762980574.870,62273,464,0.000,RAM
FETCH,1762980574.870,62273,172,0.000,RAM
FETCH,1762980574.870,62273,374,0.000,RAM
FETCH,1762980574.889,62275,684,0.114,S3
FETCH,1762980574.902,62274,979,0.048,S3
FETCH,1762980574.903,62274,488,0.000,RAM
FETCH,1762980574.903,62276,549,0.051,S3
FETCH,1762980574.927,62273,723,0.057,S3
FETCH,1762980574.928,62275,57,0.039,S3
FETCH,1762980574.963,62276,475,0.060,S3
FETCH,1762980574.967,62274,233,0.065,S3
FETCH,1762980574.970,62275,772,0.041,S3
FETCH,1762980574.982,62273,834,0.055,S3
FETCH,1762980575.013,62275,372,0.043,S3
FETCH,1762980575.014,62276,101,0.051,S3
FETCH,1762980575.058,62275,537,0.045,S3
FETCH,1762980575.067,62273,318,0.085,S3
FETCH,1762980575.071,62276,248,0.057,S3
FETCH,1762980575.099,62275,637,0.041,S3
FETCH,1762980575.109,62274,624,0.142,S3
FETCH,1762980575.128,62276,865,0.058,S3
FETCH,1762980575.144,62275,130,0.045,S3
FETCH,1762980575.144,62275,454,0.000,RAM
FETCH,1762980575.166,62274,272,0.057,S3
FETCH,1762980575.179,62276,891,0.051,S3
FETCH,1762980575.198,62275,218,0.054,S3
FETCH,1762980575.210,62274,362,0.044,S3
FETCH,1762980575.210,62273,122,0.143,S3
FETCH,1762980575.238,62276,198,0.059,S3
FETCH,1762980575.240,62275,457,0.043,S3
FETCH,1762980575.255,62274,68,0.045,S3
FETCH,1762980575.255,62274,662,0.000,RAM
FETCH,1762980575.269,62273,124,0.059,S3
FETCH,1762980575.269,62273,442,0.000,RAM
FETCH,1762980575.281,62275,364,0.041,S3
FETCH,1762980575.289,62276,600,0.051,S3
FETCH,1762980575.322,62273,190,0.052,S3
FETCH,1762980575.324,62275,965,0.043,S3
FETCH,1762980575.325,62275,271,0.000,RAM
FETCH,1762980575.362,62275,914,0.038,S3
FETCH,1762980575.362,62275,133,0.000,RAM
FETCH,1762980575.368,62274,397,0.112,S3
FETCH,1762980575.368,62274,270,0.000,RAM
FETCH,1762980575.390,62273,151,0.068,S3
FETCH,1762980575.392,62273,252,0.002,SSD
FETCH,1762980575.392,62273,76,0.000,RAM
FETCH,1762980575.413,62274,916,0.045,S3
FETCH,1762980575.425,62276,149,0.136,S3
FETCH,1762980575.460,62275,944,0.098,S3
FETCH,1762980575.467,62273,494,0.075,S3
FETCH,1762980575.467,62274,502,0.054,S3
FETCH,1762980575.467,62273,752,0.000,RAM
FETCH,1762980575.467,62274,412,0.000,RAM
FETCH,1762980575.468,62273,293,0.000,RAM
FETCH,1762980575.483,62276,143,0.058,S3
FETCH,1762980575.502,62275,968,0.041,S3
FETCH,1762980575.514,62274,486,0.046,S3
FETCH,1762980575.550,62275,945,0.048,S3
FETCH,1762980575.550,62273,378,0.083,S3
FETCH,1762980575.557,62276,447,0.074,S3
FETCH,1762980575.598,62275,253,0.048,S3
FETCH,1762980575.601,62274,990,0.088,S3
FETCH,1762980575.607,62273,769,0.057,S3
FETCH,1762980575.607,62276,47,0.050,S3
FETCH,1762980575.607,62273,349,0.000,RAM
FETCH,1762980575.651,62274,33,0.049,S3
FETCH,1762980575.651,62274,606,0.000,RAM
FETCH,1762980575.651,62276,712,0.044,S3
FETCH,1762980575.651,62274,678,0.000,RAM
FETCH,1762980575.651,62274,576,0.000,RAM
FETCH,1762980575.652,62276,698,0.000,RAM
FETCH,1762980575.655,62275,156,0.056,S3
FETCH,1762980575.655,62275,370,0.000,RAM
FETCH,1762980575.694,62276,814,0.042,S3
FETCH,1762980575.697,62274,499,0.046,S3
FETCH,1762980575.697,62274,367,0.000,RAM
FETCH,1762980575.707,62275,697,0.052,S3
FETCH,1762980575.707,62273,950,0.100,S3
FETCH,1762980575.707,62275,236,0.000,RAM
FETCH,1762980575.708,62273,150,0.000,RAM
FETCH,1762980575.708,62275,491,0.000,RAM
FETCH,1762980575.708,62273,733,0.000,RAM
FETCH,1762980575.708,62273,575,0.000,RAM
FETCH,1762980575.744,62276,6,0.050,S3
FETCH,1762980575.744,62276,717,0.000,RAM
FETCH,1762980575.747,62274,962,0.049,S3
FETCH,1762980575.768,62273,702,0.060,S3
FETCH,1762980575.789,62276,287,0.044,S3
FETCH,1762980575.791,62274,699,0.044,S3
FETCH,1762980575.792,62275,716,0.084,S3
FETCH,1762980575.833,62276,782,0.044,S3
FETCH,1762980575.835,62273,195,0.066,S3
FETCH,1762980575.838,62274,41,0.047,S3
FETCH,1762980575.838,62274,411,0.000,RAM
FETCH,1762980575.913,62274,426,0.075,S3
FETCH,1762980575.913,62275,501,0.121,S3
FETCH,1762980575.914,62273,821,0.078,S3
FETCH,1762980575.914,62274,311,0.000,RAM
FETCH,1762980575.914,62276,909,0.080,S3
FETCH,1762980575.914,62276,61,0.000,RAM
FETCH,1762980575.960,62275,90,0.047,S3
FETCH,1762980575.962,62276,856,0.047,S3
FETCH,1762980575.962,62276,982,0.000,RAM
FETCH,1762980575.963,62276,866,0.000,RAM
FETCH,1762980575.967,62273,647,0.053,S3
FETCH,1762980575.982,62274,423,0.068,S3
FETCH,1762980576.008,62276,169,0.045,S3
FETCH,1762980576.012,62275,688,0.051,S3
FETCH,1762980576.019,62273,93,0.052,S3
FETCH,1762980576.020,62273,500,0.001,RAM
FETCH,1762980576.020,62273,62,0.000,RAM
FETCH,1762980576.021,62273,726,0.001,RAM
FETCH,1762980576.026,62274,263,0.044,S3
FETCH,1762980576.050,62276,563,0.043,S3
FETCH,1762980576.076,62274,117,0.049,S3
FETCH,1762980576.076,62273,344,0.055,S3
FETCH,1762980576.076,62273,224,0.000,RAM
FETCH,1762980576.082,62275,126,0.070,S3
FETCH,1762980576.092,62276,958,0.042,S3
FETCH,1762980576.120,62274,911,0.044,S3
FETCH,1762980576.124,62275,526,0.042,S3
FETCH,1762980576.129,62273,786,0.053,S3
FETCH,1762980576.130,62273,0,0.000,RAM
FETCH,1762980576.164,62276,946,0.072,S3
FETCH,1762980576.165,62275,419,0.041,S3
FETCH,1762980576.185,62273,159,0.055,S3
FETCH,1762980576.185,62273,902,0.000,RAM
FETCH,1762980576.192,62274,934,0.072,S3
FETCH,1762980576.208,62275,115,0.043,S3
FETCH,1762980576.209,62276,961,0.045,S3
FETCH,1762980576.209,62275,705,0.000,RAM
FETCH,1762980576.266,62273,176,0.080,S3
FETCH,1762980576.266,62273,19,0.000,RAM
FETCH,1762980576.266,62273,12,0.000,RAM
FETCH,1762980576.278,62275,65,0.069,S3
FETCH,1762980576.298,62276,674,0.090,S3
FETCH,1762980576.299,62276,104,0.000,RAM
FETCH,1762980576.299,62276,94,0.000,RAM
FETCH,1762980576.308,62274,823,0.115,S3
FETCH,1762980576.308,62274,66,0.000,RAM
FETCH,1762980576.321,62275,548,0.042,S3
FETCH,1762980576.356,62274,683,0.047,S3
FETCH,1762980576.361,62276,841,0.062,S3
FETCH,1762980576.362,62275,244,0.041,S3
FETCH,1762980576.362,62275,628,0.000,RAM
FETCH,1762980576.362,62275,193,0.000,RAM
FETCH,1762980576.369,62273,152,0.103,S3
FETCH,1762980576.401,62274,251,0.045,S3
FETCH,1762980576.416,62276,771,0.054,S3
FETCH,1762980576.416,62276,810,0.000,RAM
FETCH,1762980576.426,62273,773,0.057,S3
FETCH,1762980576.426,62273,459,0.000,RAM
FETCH,1762980576.454,62274,808,0.053,S3
FETCH,1762980576.460,62276,790,0.044,S3
FETCH,1762980576.475,62275,992,0.113,S3
FETCH,1762980576.476,62275,162,0.000,RAM
FETCH,1762980576.477,62273,523,0.051,S3
FETCH,1762980576.500,62276,658,0.040,S3
FETCH,1762980576.501,62274,361,0.047,S3
FETCH,1762980576.501,62274,160,0.000,RAM
FETCH,1762980576.502,62274,666,0.000,RAM
FETCH,1762980576.520,62275,202,0.044,S3
FETCH,1762980576.543,62276,460,0.042,S3
FETCH,1762980576.551,62273,738,0.074,S3
FETCH,1762980576.552,62274,82,0.050,S3
FETCH,1762980576.552,62273,85,0.000,RAM
FETCH,1762980576.591,62276,682,0.048,S3
FETCH,1762980576.603,62274,989,0.051,S3
FETCH,1762980576.603,62274,396,0.000,RAM
FETCH,1762980576.605,62273,587,0.053,S3
FETCH,1762980576.605,62275,708,0.085,S3
PROCESS,1762980576.615,62268,100,319,986,622,748,842,50,805,601,924,703,609,306,9,89,851,376,887,56,359,977,167,635,466,492,686,438,561,615,650,586,636,453,406,368,34,747,895,857,796,876,595,118,444,882,867,731,74,347,999,69,64,308,291,464,172,374,723,834,318,122,124,442,190,151,252,76,494,752,293,378,769,349,950,150,733,575,702,195,821,647,93,500,62,726,344,224,786,0,159,902,176,19,12,152,773,459,523,738,85,587
FETCH,1762980576.632,62276,836,0.041,S3
FETCH,1762980576.648,62275,531,0.042,S3
FETCH,1762980576.650,62274,518,0.046,S3
FETCH,1762980576.650,62274,338,0.000,RAM
FETCH,1762980576.650,62274,238,0.000,RAM
FETCH,1762980576.667,62273,863,0.059,S3
FETCH,1762980576.668,62273,243,0.000,RAM
FETCH,1762980576.676,62276,207,0.044,S3
FETCH,1762980576.700,62275,302,0.052,S3
FETCH,1762980576.716,62276,44,0.040,S3
FETCH,1762980576.719,62274,596,0.069,S3
FETCH,1762980576.720,62273,893,0.052,S3
FETCH,1762980576.754,62275,222,0.054,S3
FETCH,1762980576.765,62274,741,0.046,S3
FETCH,1762980576.770,62276,918,0.054,S3
FETCH,1762980576.771,62273,235,0.051,S3
FETCH,1762980576.816,62274,175,0.051,S3
FETCH,1762980576.816,62275,535,0.062,S3
FETCH,1762980576.816,62274,978,0.000,RAM
FETCH,1762980576.816,62274,509,0.000,RAM
FETCH,1762980576.827,62273,985,0.056,S3
FETCH,1762980576.861,62274,816,0.044,S3
FETCH,1762980576.861,62276,830,0.091,S3
FETCH,1762980576.869,62275,558,0.053,S3
FETCH,1762980576.881,62273,26,0.054,S3
FETCH,1762980576.903,62276,577,0.042,S3
FETCH,1762980576.903,62274,4,0.043,S3
PROCESS,1762980576.930,62268,100,605,395,897,290,583,710,1,533,739,210,45,10,360,504,284,369,602,870,792,120,283,77,928,211,768,487,889,134,694,259,51,774,424,136,908,631,515,566,546,608,833,522,927,594,740,405,443,719,449,979,488,233,624,272,362,68,662,397,270,916,502,412,486,990,33,606,678,576,499,367,962,699,41,411,426,311,423,263,117,911,934,823,66,683,251,808,361,160,666,82,989,396,518,338,238,596,741,175,978,509
FETCH,1762980576.932,62273,145,0.050,S3
FETCH,1762980576.942,62274,730,0.039,S3
FETCH,1762980576.949,62276,408,0.046,S3
FETCH,1762980576.949,62276,840,0.000,RAM
FETCH,1762980576.991,62274,456,0.049,S3
FETCH,1762980576.991,62275,139,0.122,S3
FETCH,1762980576.992,62273,749,0.060,S3
FETCH,1762980576.992,62273,147,0.000,RAM
FETCH,1762980576.992,62273,27,0.000,RAM
FETCH,1762980576.992,62273,659,0.000,RAM
FETCH,1762980577.034,62275,86,0.043,S3
FETCH,1762980577.045,62273,371,0.053,S3
FETCH,1762980577.045,62274,60,0.053,S3
FETCH,1762980577.045,62273,495,0.000,RAM
FETCH,1762980577.045,62274,802,0.000,RAM
FETCH,1762980577.057,62276,373,0.107,S3
FETCH,1762980577.057,62276,691,0.000,RAM
FETCH,1762980577.096,62274,96,0.051,S3
FETCH,1762980577.107,62276,621,0.051,S3
FETCH,1762980577.126,62275,671,0.092,S3
FETCH,1762980577.147,62273,5,0.102,S3
FETCH,1762980577.149,62274,35,0.052,S3
FETCH,1762980577.159,62276,163,0.052,S3
FETCH,1762980577.205,62273,353,0.058,S3
FETCH,1762980577.207,62276,30,0.048,S3
FETCH,1762980577.207,62276,714,0.000,RAM
FETCH,1762980577.224,62275,727,0.098,S3
FETCH,1762980577.250,62276,135,0.043,S3
FETCH,1762980577.260,62274,930,0.111,S3
FETCH,1762980577.263,62275,341,0.039,S3
FETCH,1762980577.263,62275,890,0.000,RAM
FETCH,1762980577.283,62273,949,0.078,S3
FETCH,1762980577.283,62273,612,0.000,RAM
FETCH,1762980577.300,62276,513,0.050,S3
FETCH,1762980577.304,62274,465,0.044,S3
FETCH,1762980577.306,62275,340,0.043,S3
FETCH,1762980577.307,62275,570,0.000,RAM
FETCH,1762980577.341,62273,191,0.057,S3
FETCH,1762980577.341,62273,764,0.000,RAM
FETCH,1762980577.341,62276,832,0.042,S3
FETCH,1762980577.348,62275,827,0.042,S3
FETCH,1762980577.356,62274,432,0.052,S3
FETCH,1762980577.395,62275,527,0.047,S3
FETCH,1762980577.396,62275,750,0.000,RAM
FETCH,1762980577.422,62276,677,0.081,S3
FETCH,1762980577.438,62273,839,0.097,S3
FETCH,1762980577.438,62275,337,0.042,S3
FETCH,1762980577.438,62274,996,0.082,S3
FETCH,1762980577.439,62275,58,0.000,RAM
FETCH,1762980577.473,62276,898,0.051,S3
FETCH,1762980577.484,62274,559,0.046,S3
FETCH,1762980577.484,62274,779,0.000,RAM
FETCH,1762980577.497,62273,729,0.059,S3
FETCH,1762980577.497,62275,826,0.059,S3
FETCH,1762980577.512,62276,673,0.038,S3
FETCH,1762980577.512,62276,70,0.000,RAM
FETCH,1762980577.538,62275,21,0.040,S3
FETCH,1762980577.541,62274,392,0.057,S3
FETCH,1762980577.563,62276,620,0.051,S3
FETCH,1762980577.566,62273,181,0.068,S3
FETCH,1762980577.566,62273,623,0.000,RAM
FETCH,1762980577.580,62275,941,0.042,S3
FETCH,1762980577.596,62274,668,0.054,S3
FETCH,1762980577.605,62276,803,0.041,S3
FETCH,1762980577.619,62273,409,0.053,S3
FETCH,1762980577.620,62275,845,0.040,S3
FETCH,1762980577.645,62276,545,0.040,S3
FETCH,1762980577.668,62275,216,0.047,S3
FETCH,1762980577.684,62276,49,0.039,S3
FETCH,1762980577.684,62276,166,0.000,RAM
FETCH,1762980577.701,62274,52,0.105,S3
FETCH,1762980577.706,62275,654,0.038,S3
PROCESS,1762980577.709,62268,100,277,258,775,655,711,850,388,801,363,904,292,778,113,185,592,355,345,219,404,484,811,296,99,641,503,859,725,784,907,874,542,657,837,571,684,57,772,372,537,637,130,454,218,457,364,965,271,914,133,944,968,945,253,156,370,697,236,491,716,501,90,688,126,526,419,115,705,65,548,244,628,193,992,162,202,708,531,302,222,535,558,139,86,671,727,341,890,340,570,827,527,750,337,58,826,21,941,845,216,654
FETCH,1762980577.723,62273,815,0.103,S3
FETCH,1762980577.730,62276,800,0.046,S3
FETCH,1762980577.748,62274,496,0.047,S3
FETCH,1762980577.768,62276,385,0.038,S3
FETCH,1762980577.768,62276,573,0.000,RAM
FETCH,1762980577.780,62273,37,0.057,S3
FETCH,1762980577.799,62274,981,0.052,S3
FETCH,1762980577.813,62276,899,0.045,S3
FETCH,1762980577.834,62273,798,0.054,S3
FETCH,1762980577.845,62274,653,0.045,S3
FETCH,1762980577.856,62276,276,0.043,S3
FETCH,1762980577.893,62273,507,0.059,S3
FETCH,1762980577.900,62276,822,0.044,S3
FETCH,1762980577.942,62276,437,0.042,S3
FETCH,1762980577.945,62274,46,0.100,S3
FETCH,1762980577.945,62274,71,0.000,RAM
FETCH,1762980578.068,62276,323,0.126,S3
FETCH,1762980578.068,62274,54,0.123,S3
FETCH,1762980578.068,62276,110,0.000,RAM
FETCH,1762980578.115,62274,11,0.047,S3
FETCH,1762980578.115,62274,142,0.000,RAM
FETCH,1762980578.135,62273,298,0.242,S3
FETCH,1762980578.135,62276,131,0.067,S3
FETCH,1762980578.177,62276,880,0.042,S3
FETCH,1762980578.178,62276,14,0.000,RAM
FETCH,1762980578.178,62276,663,0.000,RAM
FETCH,1762980578.191,62274,959,0.075,S3
FETCH,1762980578.228,62276,923,0.050,S3
PROCESS,1762980578.238,62268,100,568,377,472,906,939,294,394,232,300,305,247,574,553,78,787,564,125,95,16,180,920,549,475,101,248,865,891,198,600,149,143,447,47,712,698,814,6,717,287,782,909,61,856,982,866,169,563,958,946,961,674,104,94,841,771,810,790,658,460,682,836,207,44,918,830,577,408,840,373,691,621,163,30,714,135,513,832,677,898,673,70,620,803,545,49,166,800,385,573,899,276,822,437,323,110,131,880,14,663,923
FETCH,1762980578.270,62274,81,0.079,S3
FETCH,1762980578.270,62273,884,0.135,S3
FETCH,1762980578.312,62274,103,0.042,S3
FETCH,1762980578.330,62273,625,0.060,S3
FETCH,1762980578.330,62273,819,0.000,RAM
FETCH,1762980578.357,62274,737,0.045,S3
FETCH,1762980578.386,62273,379,0.055,S3
FETCH,1762980578.412,62274,357,0.055,S3
FETCH,1762980578.436,62273,197,0.050,S3
FETCH,1762980578.474,62274,171,0.062,S3
FETCH,1762980578.487,62273,529,0.051,S3
FETCH,1762980578.523,62274,72,0.049,S3
FETCH,1762980578.539,62273,237,0.052,S3
FETCH,1762980578.591,62273,421,0.052,S3
FETCH,1762980578.591,62273,831,0.000,RAM
FETCH,1762980578.607,62274,214,0.084,S3
FETCH,1762980578.650,62273,875,0.059,S3
FETCH,1762980578.657,62274,547,0.050,S3
FETCH,1762980578.657,62274,689,0.000,RAM
FETCH,1762980578.657,62274,458,0.000,RAM
FETCH,1762980578.710,62274,452,0.052,S3
FETCH,1762980578.710,62274,257,0.000,RAM
FETCH,1762980578.735,62273,695,0.085,S3
FETCH,1762980578.736,62273,588,0.000,RAM
FETCH,1762980578.764,62274,316,0.054,S3
FETCH,1762980578.764,62274,332,0.000,RAM
FETCH,1762980578.795,62273,997,0.059,S3
FETCH,1762980578.860,62273,661,0.065,S3
FETCH,1762980578.889,62274,721,0.124,S3
FETCH,1762980578.889,62274,584,0.000,RAM
FETCH,1762980578.920,62273,226,0.060,S3
FETCH,1762980578.952,62274,196,0.062,S3
FETCH,1762980579.005,62274,299,0.054,S3
FETCH,1762980579.036,62273,97,0.115,S3
FETCH,1762980579.036,62273,762,0.000,RAM
FETCH,1762980579.059,62274,847,0.054,S3
FETCH,1762980579.108,62274,935,0.048,S3
FETCH,1762980579.108,62274,182,0.000,RAM
FETCH,1762980579.157,62273,885,0.121,S3
FETCH,1762980579.221,62274,879,0.112,S3
FETCH,1762980579.221,62273,540,0.064,S3
FETCH,1762980579.221,62274,536,0.000,RAM
FETCH,1762980579.289,62274,13,0.067,S3
FETCH,1762980579.289,62274,929,0.000,RAM
FETCH,1762980579.290,62274,358,0.000,RAM
FETCH,1762980579.290,62274,416,0.000,RAM
FETCH,1762980579.344,62273,365,0.122,S3
FETCH,1762980579.344,62274,297,0.054,S3
FETCH,1762980579.396,62274,201,0.052,S3
FETCH,1762980579.396,62274,585,0.000,RAM
FETCH,1762980579.401,62273,844,0.057,S3
FETCH,1762980579.446,62274,73,0.049,S3
FETCH,1762980579.446,62274,687,0.000,RAM
FETCH,1762980579.487,62273,352,0.086,S3
FETCH,1762980579.546,62274,328,0.100,S3
FETCH,1762980579.548,62274,260,0.001,SSD
FETCH,1762980579.597,62274,936,0.049,S3
FETCH,1762980579.597,62274,194,0.000,RAM
FETCH,1762980579.619,62273,799,0.131,S3
FETCH,1762980579.642,62274,415,0.045,S3
FETCH,1762980579.697,62274,806,0.055,S3
FETCH,1762980579.697,62273,265,0.078,S3
FETCH,1762980579.745,62274,420,0.048,S3
FETCH,1762980579.750,62273,129,0.053,S3
FETCH,1762980579.803,62274,262,0.058,S3
FETCH,1762980579.804,62274,922,0.000,RAM
FETCH,1762980579.804,62274,921,0.000,RAM
FETCH,1762980579.828,62273,751,0.078,S3
FETCH,1762980579.852,62274,969,0.048,S3
FETCH,1762980579.893,62273,756,0.065,S3
FETCH,1762980579.917,62274,213,0.065,S3
FETCH,1762980579.918,62274,580,0.000,RAM
FETCH,1762980579.972,62273,42,0.079,S3
FETCH,1762980580.038,62274,477,0.120,S3
FETCH,1762980580.087,62273,720,0.115,S3
FETCH,1762980580.087,62273,835,0.000,RAM
FETCH,1762980580.088,62273,869,0.000,RAM
FETCH,1762980580.088,62273,955,0.000,RAM
FETCH,1762980580.096,62274,2,0.059,S3
FETCH,1762980580.167,62273,282,0.079,S3
FETCH,1762980580.168,62273,860,0.000,RAM
FETCH,1762980580.182,62274,728,0.085,S3
FETCH,1762980580.182,62274,440,0.000,RAM
FETCH,1762980580.227,62273,184,0.058,S3
FETCH,1762980580.240,62274,505,0.057,S3
FETCH,1762980580.291,62274,326,0.051,S3
FETCH,1762980580.294,62273,434,0.068,S3
FETCH,1762980580.341,62274,524,0.050,S3
FETCH,1762980580.358,62273,649,0.064,S3
FETCH,1762980580.410,62274,310,0.069,S3
FETCH,1762980580.411,62274,23,0.000,RAM
FETCH,1762980580.435,62273,919,0.077,S3
FETCH,1762980580.490,62274,858,0.079,S3
FETCH,1762980580.490,62274,983,0.000,RAM
FETCH,1762980580.519,62273,179,0.084,S3
FETCH,1762980580.519,62273,910,0.000,RAM
FETCH,1762980580.519,62273,550,0.000,RAM
FETCH,1762980580.535,62274,793,0.045,S3
FETCH,1762980580.590,62273,590,0.071,S3
FETCH,1762980580.591,62274,538,0.055,S3
FETCH,1762980580.645,62274,755,0.054,S3
FETCH,1762980580.646,62274,651,0.000,RAM
FETCH,1762980580.647,62274,18,0.000,RAM
FETCH,1762980580.647,62274,188,0.000,RAM
FETCH,1762980580.650,62273,599,0.059,S3
FETCH,1762980580.650,62273,55,0.000,RAM
FETCH,1762980580.651,62273,797,0.001,RAM
FETCH,1762980580.651,62273,984,0.000,RAM
FETCH,1762980580.652,62273,619,0.000,RAM
FETCH,1762980580.720,62274,402,0.073,S3
FETCH,1762980580.720,62274,471,0.000,RAM
FETCH,1762980580.720,62274,204,0.000,RAM
FETCH,1762980580.721,62274,675,0.000,RAM
FETCH,1762980580.773,62274,872,0.052,S3
FETCH,1762980580.777,62273,462,0.126,S3
FETCH,1762980580.840,62273,279,0.062,S3
FETCH,1762980580.894,62274,960,0.121,S3
FETCH,1762980580.896,62273,366,0.056,S3
FETCH,1762980580.949,62274,508,0.055,S3
FETCH,1762980580.950,62274,704,0.000,RAM
FETCH,1762980580.950,62273,273,0.054,S3
FETCH,1762980581.015,62273,256,0.064,S3
FETCH,1762980581.015,62273,173,0.000,RAM
FETCH,1762980581.071,62273,579,0.055,S3
FETCH,1762980581.081,62274,994,0.131,S3
FETCH,1762980581.131,62273,848,0.060,S3
FETCH,1762980581.140,62274,31,0.059,S3
FETCH,1762980581.140,62273,964,0.000,RAM
FETCH,1762980581.201,62273,591,0.061,S3
FETCH,1762980581.202,62273,278,0.000,RAM
FETCH,1762980581.202,62273,158,0.000,RAM
FETCH,1762980581.224,62274,813,0.084,S3
FETCH,1762980581.275,62273,709,0.073,S3
FETCH,1762980581.275,62274,855,0.051,S3
FETCH,1762980581.275,62273,789,0.000,RAM
FETCH,1762980581.335,62273,828,0.060,S3
FETCH,1762980581.336,62273,776,0.000,RAM
FETCH,1762980581.408,62273,327,0.071,S3
FETCH,1762980581.408,62273,470,0.000,RAM
FETCH,1762980581.473,62273,138,0.065,S3
FETCH,1762980581.559,62273,746,0.086,S3
FETCH,1762980581.646,62273,613,0.087,S3
FETCH,1762980581.720,62273,381,0.074,S3
FETCH,1762980581.721,62273,973,0.000,RAM
FETCH,1762980581.782,62273,36,0.061,S3
PROCESS,1762980581.787,62268,100,863,243,893,235,985,26,145,749,147,27,659,371,495,5,353,949,612,191,764,839,729,181,623,409,815,37,798,507,298,884,625,819,379,197,529,237,421,831,875,695,588,997,661,226,97,762,885,540,365,844,352,799,265,129,751,756,42,720,835,869,955,282,860,184,434,649,919,179,910,550,590,599,55,797,984,619,462,279,366,273,256,173,579,848,964,591,278,158,709,789,828,776,327,470,138,746,613,381,973,36
PROCESS,1762980582.074,62268,100,816,4,730,456,60,802,96,35,930,465,432,996,559,779,392,668,52,496,981,653,46,71,54,11,142,959,81,103,737,357,171,72,214,547,689,458,452,257,316,332,721,584,196,299,847,935,182,879,536,13,929,358,416,297,201,585,73,687,328,260,936,194,415,806,420,262,922,921,969,213,580,477,2,728,440,505,326,524,310,23,858,983,793,538,755,651,18,188,402,471,204,675,872,960,508,704,994,31,813,855
FETCH,1762980582.332,62274,372,0.000,RAM
FETCH,1762980582.332,62276,472,0.000,RAM
FETCH,1762980582.332,62274,178,0.000,RAM
FETCH,1762980582.372,62275,486,0.040,S3
FETCH,1762980582.372,62276,884,0.040,S3
FETCH,1762980582.372,62275,21,0.000,RAM
FETCH,1762980582.372,62276,110,0.000,RAM
FETCH,1762980582.388,62273,576,0.056,S3
FETCH,1762980582.415,62276,802,0.043,S3
FETCH,1762980582.422,62275,51,0.049,S3
FETCH,1762980582.422,62275,650,0.000,RAM
FETCH,1762980582.442,62273,994,0.055,S3
FETCH,1762980582.461,62275,769,0.039,S3
FETCH,1762980582.462,62276,806,0.047,S3
FETCH,1762980582.497,62273,824,0.055,S3
FETCH,1762980582.498,62274,400,0.165,S3
FETCH,1762980582.504,62275,581,0.043,S3
FETCH,1762980582.504,62276,240,0.043,S3
FETCH,1762980582.545,62274,690,0.048,S3
FETCH,1762980582.546,62274,891,0.000,RAM
FETCH,1762980582.546,62275,4,0.042,S3
FETCH,1762980582.550,62273,104,0.053,S3
FETCH,1762980582.550,62273,697,0.000,RAM
FETCH,1762980582.587,62276,307,0.082,S3
FETCH,1762980582.587,62274,863,0.041,S3
FETCH,1762980582.587,62276,629,0.000,RAM
FETCH,1762980582.587,62274,927,0.000,RAM
FETCH,1762980582.589,62275,321,0.042,S3
FETCH,1762980582.631,62275,480,0.042,S3
FETCH,1762980582.631,62276,509,0.044,S3
FETCH,1762980582.635,62274,550,0.048,S3
FETCH,1762980582.636,62274,343,0.000,RAM
FETCH,1762980582.682,62276,539,0.050,S3
FETCH,1762980582.697,62275,315,0.065,S3
FETCH,1762980582.703,62274,14,0.067,S3
FETCH,1762980582.723,62276,608,0.041,S3
FETCH,1762980582.723,62276,700,0.000,RAM
FETCH,1762980582.724,62276,865,0.000,RAM
FETCH,1762980582.724,62276,418,0.000,RAM
FETCH,1762980582.739,62273,369,0.188,S3
FETCH,1762980582.739,62273,709,0.000,RAM
FETCH,1762980582.739,62273,942,0.000,RAM
FETCH,1762980582.743,62275,91,0.047,S3
FETCH,1762980582.744,62275,587,0.000,RAM
FETCH,1762980582.750,62274,275,0.047,S3
FETCH,1762980582.765,62276,599,0.041,S3
FETCH,1762980582.787,62273,678,0.048,S3
FETCH,1762980582.788,62275,849,0.045,S3
FETCH,1762980582.788,62275,939,0.000,RAM
FETCH,1762980582.789,62275,962,0.000,RAM
FETCH,1762980582.800,62274,762,0.049,S3
FETCH,1762980582.824,62276,188,0.059,S3
FETCH,1762980582.824,62276,943,0.000,RAM
FETCH,1762980582.834,62275,199,0.045,S3
FETCH,1762980582.858,62274,189,0.058,S3
FETCH,1762980582.858,62273,53,0.071,S3
FETCH,1762980582.858,62273,466,0.000,RAM
FETCH,1762980582.871,62275,303,0.037,S3
FETCH,1762980582.874,62276,314,0.050,S3
FETCH,1762980582.874,62276,855,0.000,RAM
FETCH,1762980582.915,62275,27,0.044,S3
FETCH,1762980582.915,62275,342,0.000,RAM
FETCH,1762980582.916,62276,340,0.042,S3
FETCH,1762980582.931,62273,354,0.072,S3
FETCH,1762980582.958,62275,197,0.043,S3
FETCH,1762980582.958,62275,218,0.000,RAM
FETCH,1762980582.959,62275,688,0.000,RAM
FETCH,1762980582.960,62276,13,0.043,S3
FETCH,1762980582.976,62273,681,0.045,S3
FETCH,1762980582.976,62273,495,0.000,RAM
FETCH,1762980582.977,62273,468,0.000,RAM
FETCH,1762980582.977,62273,686,0.000,RAM
FETCH,1762980582.981,62274,250,0.123,S3
FETCH,1762980582.981,62274,426,0.000,RAM
FETCH,1762980582.982,62274,533,0.000,RAM
FETCH,1762980583.005,62276,530,0.045,S3
FETCH,1762980583.016,62273,49,0.039,S3
FETCH,1762980583.046,62274,166,0.064,S3
FETCH,1762980583.046,62274,420,0.000,RAM
FETCH,1762980583.047,62274,590,0.000,RAM
FETCH,1762980583.047,62274,929,0.000,RAM
FETCH,1762980583.060,62275,745,0.101,S3
FETCH,1762980583.061,62275,830,0.000,RAM
FETCH,1762980583.062,62276,734,0.058,S3
FETCH,1762980583.088,62273,993,0.072,S3
FETCH,1762980583.092,62274,997,0.045,S3
FETCH,1762980583.092,62274,490,0.000,RAM
FETCH,1762980583.093,62274,299,0.000,RAM
FETCH,1762980583.102,62275,946,0.041,S3
FETCH,1762980583.108,62276,778,0.046,S3
FETCH,1762980583.109,62276,665,0.000,RAM
FETCH,1762980583.125,62273,285,0.037,S3
FETCH,1762980583.125,62273,985,0.000,RAM
FETCH,1762980583.135,62274,772,0.042,S3
FETCH,1762980583.142,62275,470,0.041,S3
FETCH,1762980583.150,62276,957,0.041,S3
FETCH,1762980583.150,62276,537,0.000,RAM
FETCH,1762980583.150,62276,498,0.000,RAM
FETCH,1762980583.151,62276,302,0.000,RAM
FETCH,1762980583.151,62276,163,0.000,RAM
FETCH,1762980583.178,62274,158,0.043,S3
FETCH,1762980583.178,62273,162,0.053,S3
FETCH,1762980583.178,62273,609,0.000,RAM
FETCH,1762980583.183,62275,72,0.041,S3
FETCH,1762980583.184,62275,716,0.000,RAM
FETCH,1762980583.184,62275,233,0.000,RAM
FETCH,1762980583.201,62276,983,0.050,S3
FETCH,1762980583.221,62274,231,0.043,S3
FETCH,1762980583.222,62274,571,0.000,RAM
FETCH,1762980583.244,62275,910,0.060,S3
FETCH,1762980583.244,62275,542,0.000,RAM
FETCH,1762980583.254,62276,106,0.053,S3
FETCH,1762980583.306,62273,687,0.127,S3
FETCH,1762980583.306,62273,291,0.000,RAM
FETCH,1762980583.323,62276,729,0.069,S3
FETCH,1762980583.324,62275,606,0.080,S3
FETCH,1762980583.324,62275,897,0.000,RAM
FETCH,1762980583.335,62274,698,0.113,S3
FETCH,1762980583.344,62273,300,0.037,S3
FETCH,1762980583.363,62275,798,0.039,S3
FETCH,1762980583.363,62276,129,0.040,S3
FETCH,1762980583.364,62276,880,0.000,RAM
FETCH,1762980583.381,62274,523,0.046,S3
FETCH,1762980583.394,62273,913,0.051,S3
FETCH,1762980583.395,62273,206,0.000,RAM
FETCH,1762980583.402,62275,834,0.039,S3
FETCH,1762980583.407,62276,950,0.043,S3
FETCH,1762980583.428,62274,255,0.047,S3
FETCH,1762980583.428,62274,737,0.000,RAM
FETCH,1762980583.428,62274,569,0.000,RAM
FETCH,1762980583.429,62274,227,0.000,RAM
FETCH,1762980583.434,62273,744,0.039,S3
FETCH,1762980583.445,62275,487,0.043,S3
FETCH,1762980583.474,62276,741,0.067,S3
FETCH,1762980583.489,62273,664,0.055,S3
FETCH,1762980583.510,62274,86,0.082,S3
FETCH,1762980583.523,62276,552,0.050,S3
FETCH,1762980583.524,62273,630,0.035,S3
FETCH,1762980583.524,62273,34,0.000,RAM
FETCH,1762980583.538,62275,682,0.093,S3
FETCH,1762980583.566,62273,517,0.042,S3
FETCH,1762980583.567,62273,654,0.000,RAM
FETCH,1762980583.574,62276,978,0.051,S3
FETCH,1762980583.574,62274,619,0.064,S3
FETCH,1762980583.610,62273,96,0.044,S3
FETCH,1762980583.616,62274,526,0.041,S3
FETCH,1762980583.616,62274,175,0.000,RAM
FETCH,1762980583.616,62274,373,0.000,RAM
FETCH,1762980583.617,62274,850,0.000,RAM
FETCH,1762980583.617,62274,922,0.000,RAM
FETCH,1762980583.632,62276,484,0.058,S3
FETCH,1762980583.637,62275,959,0.098,S3
FETCH,1762980583.637,62275,890,0.000,RAM
FETCH,1762980583.637,62275,761,0.000,RAM
FETCH,1762980583.673,62276,736,0.040,S3
FETCH,1762980583.677,62275,317,0.040,S3
FETCH,1762980583.681,62273,270,0.070,S3
FETCH,1762980583.689,62274,882,0.073,S3
FETCH,1762980583.720,62273,981,0.039,S3
FETCH,1762980583.720,62275,593,0.043,S3
FETCH,1762980583.720,62273,210,0.000,RAM
FETCH,1762980583.720,62273,385,0.000,RAM
FETCH,1762980583.720,62273,551,0.000,RAM
FETCH,1762980583.721,62273,972,0.000,RAM
FETCH,1762980583.721,62273,776,0.000,RAM
FETCH,1762980583.721,62273,235,0.000,RAM
FETCH,1762980583.721,62273,93,0.000,RAM
FETCH,1762980583.721,62273,64,0.000,RAM
FETCH,1762980583.733,62276,789,0.060,S3
FETCH,1762980583.759,62274,12,0.070,S3
FETCH,1762980583.760,62275,792,0.040,S3
FETCH,1762980583.765,62273,662,0.044,S3
FETCH,1762980583.766,62273,765,0.000,RAM
FETCH,1762980583.766,62273,828,0.000,RAM
FETCH,1762980583.787,62276,672,0.054,S3
FETCH,1762980583.787,62276,810,0.000,RAM
FETCH,1762980583.803,62274,632,0.044,S3
FETCH,1762980583.803,62274,1,0.000,RAM
FETCH,1762980583.808,62273,740,0.042,S3
FETCH,1762980583.808,62273,507,0.000,RAM
FETCH,1762980583.808,62273,667,0.000,RAM
FETCH,1762980583.825,62275,471,0.066,S3
FETCH,1762980583.834,62276,873,0.047,S3
FETCH,1762980583.834,62276,547,0.000,RAM
FETCH,1762980583.834,62276,6,0.000,RAM
FETCH,1762980583.835,62276,626,0.000,RAM
FETCH,1762980583.835,62276,854,0.000,RAM
FETCH,1762980583.850,62274,336,0.047,S3
FETCH,1762980583.860,62273,193,0.052,S3
FETCH,1762980583.861,62273,837,0.000,RAM
FETCH,1762980583.876,62276,793,0.041,S3
FETCH,1762980583.892,62274,903,0.042,S3
FETCH,1762980583.893,62274,161,0.000,RAM
FETCH,1762980583.893,62274,624,0.000,RAM
FETCH,1762980583.902,62275,248,0.076,S3
FETCH,1762980583.914,62273,58,0.053,S3
FETCH,1762980583.940,62274,747,0.047,S3
FETCH,1762980583.941,62274,821,0.000,RAM
FETCH,1762980583.957,62275,204,0.055,S3
FETCH,1762980583.957,62275,446,0.000,RAM
FETCH,1762980583.958,62275,236,0.000,RAM
FETCH,1762980583.964,62276,363,0.089,S3
FETCH,1762980583.979,62273,440,0.065,S3
FETCH,1762980583.979,62273,273,0.000,RAM
FETCH,1762980583.979,62273,348,0.000,RAM
FETCH,1762980583.993,62274,951,0.053,S3
FETCH,1762980583.993,62274,311,0.000,RAM
FETCH,1762980584.007,62275,443,0.049,S3
FETCH,1762980584.007,62275,305,0.000,RAM
FETCH,1762980584.007,62276,732,0.043,S3
FETCH,1762980584.028,62273,377,0.048,S3
FETCH,1762980584.028,62273,114,0.000,RAM
FETCH,1762980584.028,62273,35,0.000,RAM
FETCH,1762980584.028,62273,109,0.000,RAM
FETCH,1762980584.029,62273,588,0.000,RAM
FETCH,1762980584.029,62273,952,0.000,RAM
FETCH,1762980584.043,62274,573,0.050,S3
FETCH,1762980584.048,62276,88,0.040,S3
FETCH,1762980584.048,62275,932,0.041,S3
FETCH,1762980584.072,62273,330,0.043,S3
FETCH,1762980584.089,62276,417,0.041,S3
FETCH,1762980584.089,62274,617,0.046,S3
FETCH,1762980584.089,62275,393,0.041,S3
FETCH,1762980584.090,62276,553,0.000,RAM
FETCH,1762980584.090,62274,78,0.000,RAM
FETCH,1762980584.090,62276,920,0.000,RAM
FETCH,1762980584.090,62274,316,0.000,RAM
FETCH,1762980584.090,62276,144,0.000,RAM
FETCH,1762980584.091,62276,577,0.000,RAM
FETCH,1762980584.116,62273,32,0.044,S3
FETCH,1762980584.136,62275,757,0.047,S3
FETCH,1762980584.137,62275,25,0.000,RAM
FETCH,1762980584.137,62276,999,0.046,S3
FETCH,1762980584.137,62275,239,0.000,RAM
FETCH,1762980584.138,62275,598,0.000,RAM
FETCH,1762980584.138,62275,473,0.000,RAM
FETCH,1762980584.162,62273,134,0.046,S3
FETCH,1762980584.162,62273,848,0.000,RAM
FETCH,1762980584.172,62274,399,0.082,S3
FETCH,1762980584.173,62274,423,0.000,RAM
FETCH,1762980584.177,62275,261,0.039,S3
FETCH,1762980584.180,62276,128,0.043,S3
FETCH,1762980584.181,62276,796,0.000,RAM
FETCH,1762980584.204,62273,358,0.042,S3
FETCH,1762980584.205,62273,499,0.000,RAM
FETCH,1762980584.205,62273,406,0.000,RAM
FETCH,1762980584.205,62273,513,0.000,RAM
FETCH,1762980584.216,62274,893,0.043,S3
FETCH,1762980584.221,62275,522,0.044,S3
FETCH,1762980584.234,62276,941,0.053,S3
FETCH,1762980584.234,62276,648,0.000,RAM
FETCH,1762980584.246,62273,63,0.041,S3
FETCH,1762980584.277,62276,902,0.043,S3
FETCH,1762980584.298,62273,46,0.052,S3
FETCH,1762980584.298,62275,252,0.077,S3
FETCH,1762980584.318,62276,256,0.041,S3
FETCH,1762980584.343,62273,361,0.045,S3
FETCH,1762980584.365,62274,628,0.149,S3
FETCH,1762980584.365,62276,159,0.048,S3
FETCH,1762980584.366,62274,297,0.000,RAM
FETCH,1762980584.366,62274,638,0.000,RAM
FETCH,1762980584.366,62274,8,0.000,RAM
FETCH,1762980584.385,62273,852,0.042,S3
FETCH,1762980584.385,62275,602,0.087,S3
FETCH,1762980584.412,62276,229,0.046,S3
FETCH,1762980584.413,62274,481,0.047,S3
FETCH,1762980584.413,62274,960,0.000,RAM
FETCH,1762980584.428,62273,584,0.042,S3
FETCH,1762980584.430,62275,635,0.044,S3
FETCH,1762980584.456,62276,640,0.044,S3
FETCH,1762980584.464,62274,271,0.050,S3
FETCH,1762980584.467,62273,689,0.040,S3
FETCH,1762980584.480,62275,191,0.050,S3
FETCH,1762980584.480,62275,388,0.000,RAM
FETCH,1762980584.480,62275,557,0.000,RAM
FETCH,1762980584.481,62275,727,0.000,RAM
FETCH,1762980584.514,62273,718,0.046,S3
FETCH,1762980584.522,62275,875,0.041,S3
FETCH,1762980584.523,62276,948,0.067,S3
FETCH,1762980584.559,62273,836,0.045,S3
FETCH,1762980584.559,62273,739,0.000,RAM
FETCH,1762980584.560,62273,157,0.000,RAM
FETCH,1762980584.560,62273,312,0.000,RAM
FETCH,1762980584.560,62273,234,0.000,RAM
FETCH,1762980584.561,62273,381,0.000,RAM
FETCH,1762980584.561,62276,278,0.038,S3
FETCH,1762980584.566,62274,634,0.103,S3
FETCH,1762980584.580,62275,362,0.058,S3
FETCH,1762980584.607,62273,120,0.046,S3
FETCH,1762980584.614,62276,861,0.053,S3
FETCH,1762980584.615,62276,203,0.000,RAM
FETCH,1762980584.615,62276,359,0.000,RAM
FETCH,1762980584.626,62275,43,0.046,S3
FETCH,1762980584.644,62274,112,0.078,S3
FETCH,1762980584.644,62274,117,0.000,RAM
FETCH,1762980584.645,62274,934,0.000,RAM
FETCH,1762980584.645,62274,54,0.000,RAM
FETCH,1762980584.654,62273,563,0.047,S3
FETCH,1762980584.654,62273,831,0.000,RAM
FETCH,1762980584.655,62273,324,0.000,RAM
FETCH,1762980584.692,62274,333,0.047,S3
FETCH,1762980584.699,62275,534,0.073,S3
FETCH,1762980584.699,62275,334,0.000,RAM
FETCH,1762980584.711,62273,618,0.056,S3
FETCH,1762980584.756,62275,896,0.057,S3
FETCH,1762980584.757,62273,284,0.046,S3
FETCH,1762980584.757,62273,152,0.000,RAM
FETCH,1762980584.770,62274,735,0.078,S3
FETCH,1762980584.770,62274,979,0.000,RAM
FETCH,1762980584.776,62276,613,0.161,S3
FETCH,1762980584.794,62275,50,0.038,S3
FETCH,1762980584.822,62276,818,0.045,S3
FETCH,1762980584.831,62273,75,0.074,S3
FETCH,1762980584.831,62274,663,0.061,S3
FETCH,1762980584.831,62274,33,0.000,RAM
FETCH,1762980584.869,62276,646,0.047,S3
FETCH,1762980584.904,62274,775,0.073,S3
FETCH,1762980584.906,62275,964,0.112,S3
FETCH,1762980584.907,62273,205,0.076,S3
FETCH,1762980584.922,62276,392,0.053,S3
FETCH,1762980584.951,62273,616,0.044,S3
FETCH,1762980584.951,62273,264,0.000,RAM
FETCH,1762980584.951,62273,328,0.000,RAM
FETCH,1762980584.962,62274,94,0.058,S3
FETCH,1762980584.962,62274,642,0.000,RAM
FETCH,1762980584.962,62274,579,0.000,RAM
FETCH,1762980584.963,62274,456,0.000,RAM
FETCH,1762980584.963,62276,637,0.041,S3
FETCH,1762980585.000,62273,788,0.049,S3
FETCH,1762980585.000,62273,150,0.000,RAM
FETCH,1762980585.001,62273,872,0.000,RAM
FETCH,1762980585.001,62273,864,0.000,RAM
FETCH,1762980585.001,62273,857,0.000,RAM
PROCESS,1762980585.004,62268,100,576,994,824,104,697,369,709,942,678,53,466,354,681,495,468,686,49,993,285,985,162,609,687,291,300,913,206,744,664,630,34,517,654,96,270,981,210,385,551,972,776,235,93,64,662,765,828,740,507,667,193,837,58,440,273,348,377,114,35,109,588,952,330,32,134,848,358,499,406,513,63,46,361,852,584,689,718,836,739,157,312,234,381,120,563,831,324,618,284,152,75,205,616,264,328,788,150,872,864,857
FETCH,1762980585.031,62276,419,0.067,S3
FETCH,1762980585.031,62275,238,0.126,S3
FETCH,1762980585.059,62274,565,0.096,S3
FETCH,1762980585.059,62274,969,0.000,RAM
FETCH,1762980585.059,62274,194,0.000,RAM
FETCH,1762980585.065,62273,516,0.063,S3
FETCH,1762980585.065,62273,774,0.000,RAM
FETCH,1762980585.088,62276,607,0.057,S3
FETCH,1762980585.091,62275,62,0.060,S3
FETCH,1762980585.105,62274,674,0.045,S3
FETCH,1762980585.109,62273,30,0.044,S3
FETCH,1762980585.109,62273,524,0.000,RAM
FETCH,1762980585.109,62273,876,0.000,RAM
FETCH,1762980585.125,62276,382,0.037,S3
FETCH,1762980585.132,62275,496,0.040,S3
FETCH,1762980585.150,62273,461,0.040,S3
FETCH,1762980585.150,62273,693,0.000,RAM
FETCH,1762980585.167,62276,147,0.041,S3
FETCH,1762980585.167,62276,38,0.000,RAM
FETCH,1762980585.171,62275,428,0.039,S3
FETCH,1762980585.171,62275,995,0.000,RAM
FETCH,1762980585.171,62275,786,0.000,RAM
FETCH,1762980585.171,62275,174,0.000,RAM
FETCH,1762980585.172,62275,692,0.000,RAM
FETCH,1762980585.172,62275,763,0.000,RAM
FETCH,1762980585.179,62274,59,0.074,S3
FETCH,1762980585.179,62274,269,0.000,RAM
FETCH,1762980585.179,62274,721,0.000,RAM
FETCH,1762980585.179,62274,803,0.000,RAM
FETCH,1762980585.208,62276,113,0.041,S3
FETCH,1762980585.208,62276,916,0.000,RAM
FETCH,1762980585.211,62275,963,0.039,S3
FETCH,1762980585.213,62273,422,0.063,S3
FETCH,1762980585.213,62273,476,0.000,RAM
FETCH,1762980585.213,62273,292,0.000,RAM
FETCH,1762980585.227,62274,705,0.047,S3
FETCH,1762980585.227,62274,660,0.000,RAM
FETCH,1762980585.227,62274,274,0.000,RAM
FETCH,1762980585.227,62274,666,0.000,RAM
FETCH,1762980585.257,62273,898,0.044,S3
FETCH,1762980585.264,62275,449,0.053,S3
FETCH,1762980585.264,62275,136,0.000,RAM
FETCH,1762980585.269,62274,353,0.042,S3
FETCH,1762980585.274,62276,219,0.066,S3
FETCH,1762980585.274,62276,208,0.000,RAM
FETCH,1762980585.274,62276,673,0.000,RAM
FETCH,1762980585.297,62273,822,0.040,S3
FETCH,1762980585.300,62275,283,0.036,S3
FETCH,1762980585.314,62274,146,0.045,S3
FETCH,1762980585.334,62276,858,0.060,S3
FETCH,1762980585.336,62275,477,0.036,S3
FETCH,1762980585.354,62273,355,0.057,S3
FETCH,1762980585.354,62273,44,0.000,RAM
FETCH,1762980585.355,62273,853,0.000,RAM
FETCH,1762980585.355,62273,469,0.001,RAM
FETCH,1762980585.355,62273,374,0.000,RAM
FETCH,1762980585.356,62273,845,0.000,RAM
FETCH,1762980585.361,62274,141,0.047,S3
FETCH,1762980585.361,62274,260,0.000,RAM
FETCH,1762980585.361,62274,956,0.000,RAM
FETCH,1762980585.361,62274,540,0.000,RAM
FETCH,1762980585.361,62274,259,0.000,RAM
PROCESS,1762980585.364,62268,100,372,178,400,690,891,863,927,550,343,14,275,762,189,250,426,533,166,420,590,929,997,490,299,772,158,231,571,698,523,255,737,569,227,86,619,526,175,373,850,922,882,12,632,1,336,903,161,624,747,821,951,311,573,617,78,316,399,423,893,628,297,638,8,481,960,271,634,112,117,934,54,333,735,979,663,33,775,94,642,579,456,565,969,194,674,59,269,721,803,705,660,274,666,353,146,141,260,956,540,259
FETCH,1762980585.372,62275,61,0.035,S3
FETCH,1762980585.376,62276,992,0.042,S3
FETCH,1762980585.376,62276,403,0.000,RAM
FETCH,1762980585.395,62273,467,0.040,S3
FETCH,1762980585.418,62274,556,0.056,S3
FETCH,1762980585.418,62276,339,0.042,S3
FETCH,1762980585.452,62273,185,0.056,S3
FETCH,1762980585.452,62273,357,0.000,RAM
FETCH,1762980585.457,62275,928,0.085,S3
FETCH,1762980585.474,62274,885,0.056,S3
FETCH,1762980585.474,62276,11,0.056,S3
FETCH,1762980585.500,62275,585,0.043,S3
FETCH,1762980585.500,62273,508,0.049,S3
FETCH,1762980585.501,62275,281,0.000,RAM
FETCH,1762980585.501,62273,445,0.000,RAM
FETCH,1762980585.501,62275,268,0.000,RAM
FETCH,1762980585.501,62273,52,0.000,RAM
FETCH,1762980585.501,62275,870,0.000,RAM
FETCH,1762980585.501,62273,222,0.000,RAM
FETCH,1762980585.501,62275,805,0.000,RAM
FETCH,1762980585.541,62273,356,0.040,S3
FETCH,1762980585.542,62273,749,0.000,RAM
FETCH,1762980585.543,62275,462,0.042,S3
FETCH,1762980585.543,62275,670,0.000,RAM
FETCH,1762980585.543,62275,7,0.000,RAM
FETCH,1762980585.550,62274,121,0.076,S3
FETCH,1762980585.550,62274,101,0.000,RAM
FETCH,1762980585.550,62274,807,0.000,RAM
FETCH,1762980585.550,62274,308,0.000,RAM
FETCH,1762980585.580,62276,833,0.107,S3
FETCH,1762980585.588,62275,982,0.044,S3
FETCH,1762980585.594,62273,230,0.052,S3
FETCH,1762980585.594,62274,156,0.044,S3
FETCH,1762980585.594,62273,435,0.000,RAM
FETCH,1762980585.594,62274,677,0.000,RAM
FETCH,1762980585.594,62274,559,0.000,RAM
FETCH,1762980585.629,62275,184,0.042,S3
PROCESS,1762980585.632,62268,100,486,21,51,650,769,581,4,321,480,315,91,587,849,939,962,199,303,27,342,197,218,688,745,830,946,470,72,716,233,910,542,606,897,798,834,487,682,959,890,761,317,593,792,471,248,204,446,236,443,305,932,393,757,25,239,598,473,261,522,252,602,635,191,388,557,727,875,362,43,534,334,896,50,964,238,62,496,428,995,786,174,692,763,963,449,136,283,477,61,928,585,281,268,870,805,462,670,7,982,184
FETCH,1762980585.640,62274,595,0.045,S3
FETCH,1762980585.641,62276,142,0.061,S3
FETCH,1762980585.641,62276,814,0.000,RAM
FETCH,1762980585.645,62273,155,0.051,S3
FETCH,1762980585.645,62273,702,0.000,RAM
FETCH,1762980585.674,62275,726,0.044,S3
FETCH,1762980585.674,62275,900,0.000,RAM
FETCH,1762980585.674,62275,181,0.000,RAM
FETCH,1762980585.683,62273,787,0.038,S3
FETCH,1762980585.683,62276,503,0.042,S3
FETCH,1762980585.683,62273,623,0.000,RAM
FETCH,1762980585.683,62276,102,0.000,RAM
FETCH,1762980585.683,62273,975,0.000,RAM
FETCH,1762980585.712,62275,605,0.037,S3
FETCH,1762980585.722,62273,187,0.039,S3
FETCH,1762980585.727,62274,28,0.088,S3
FETCH,1762980585.738,62276,641,0.054,S3
FETCH,1762980585.738,62276,421,0.000,RAM
FETCH,1762980585.739,62276,371,0.000,RAM
FETCH,1762980585.739,62276,785,0.000,RAM
FETCH,1762980585.756,62275,497,0.045,S3
FETCH,1762980585.772,62273,998,0.049,S3
FETCH,1762980585.787,62276,502,0.048,S3
FETCH,1762980585.787,62276,103,0.000,RAM
FETCH,1762980585.790,62274,961,0.063,S3
FETCH,1762980585.790,62274,728,0.000,RAM
FETCH,1762980585.790,62274,800,0.000,RAM
FETCH,1762980585.797,62275,448,0.041,S3
FETCH,1762980585.819,62273,790,0.048,S3
FETCH,1762980585.844,62275,450,0.047,S3
FETCH,1762980585.855,62276,488,0.068,S3
FETCH,1762980585.855,62274,531,0.065,S3
PROCESS,1762980585.887,62268,100,472,884,110,802,806,240,307,629,509,539,608,700,865,418,599,188,943,314,855,340,13,530,734,778,665,957,537,498,302,163,983,106,729,129,880,950,741,552,978,484,736,789,672,810,873,547,6,626,854,793,363,732,88,417,553,920,144,577,999,128,796,941,648,902,256,159,229,640,948,278,861,203,359,613,818,646,392,637,419,607,382,147,38,113,916,219,208,673,858,992,403,339,11,833,142,814,503,102,641,421
FETCH,1762980585.911,62274,899,0.055,S3
FETCH,1762980585.911,62273,925,0.091,S3
FETCH,1762980585.911,62275,930,0.067,S3
FETCH,1762980585.911,62273,170,0.000,RAM
FETCH,1762980585.939,62276,731,0.084,S3
FETCH,1762980585.961,62273,568,0.050,S3
FETCH,1762980585.961,62275,911,0.050,S3
FETCH,1762980585.961,62275,894,0.000,RAM
FETCH,1762980585.963,62274,886,0.053,S3
FETCH,1762980585.963,62274,756,0.000,RAM
FETCH,1762980585.984,62276,173,0.045,S3
FETCH,1762980586.003,62273,888,0.043,S3
FETCH,1762980586.004,62273,813,0.000,RAM
FETCH,1762980586.004,62273,124,0.000,RAM
FETCH,1762980586.004,62275,165,0.043,S3
FETCH,1762980586.027,62276,986,0.043,S3
FETCH,1762980586.027,62276,656,0.000,RAM
FETCH,1762980586.027,62276,319,0.000,RAM
FETCH,1762980586.046,62273,560,0.042,S3
FETCH,1762980586.046,62273,835,0.000,RAM
FETCH,1762980586.053,62275,710,0.049,S3
FETCH,1762980586.069,62276,368,0.042,S3
FETCH,1762980586.081,62274,19,0.118,S3
FETCH,1762980586.081,62274,116,0.000,RAM
FETCH,1762980586.081,62274,949,0.000,RAM
FETCH,1762980586.088,62273,493,0.042,S3
FETCH,1762980586.088,62273,578,0.000,RAM
FETCH,1762980586.094,62275,77,0.041,S3
FETCH,1762980586.095,62275,812,0.000,RAM
FETCH,1762980586.106,62276,766,0.038,S3
FETCH,1762980586.140,62275,580,0.045,S3
FETCH,1762980586.140,62273,207,0.052,S3
FETCH,1762980586.144,62274,621,0.062,S3
FETCH,1762980586.144,62274,135,0.000,RAM
FETCH,1762980586.147,62276,76,0.041,S3
FETCH,1762980586.187,62275,712,0.047,S3
FETCH,1762980586.191,62276,817,0.044,S3
FETCH,1762980586.191,62276,115,0.000,RAM
FETCH,1762980586.192,62276,691,0.000,RAM
FETCH,1762980586.192,62276,545,0.000,RAM
FETCH,1762980586.195,62274,410,0.051,S3
FETCH,1762980586.195,62274,2,0.000,RAM
FETCH,1762980586.200,62273,48,0.060,S3
FETCH,1762980586.233,62275,395,0.046,S3
FETCH,1762980586.233,62276,383,0.041,S3
FETCH,1762980586.233,62275,47,0.000,RAM
FETCH,1762980586.237,62274,826,0.042,S3
FETCH,1762980586.237,62274,266,0.000,RAM
FETCH,1762980586.237,62274,856,0.000,RAM
FETCH,1762980586.256,62273,567,0.056,S3
FETCH,1762980586.256,62273,742,0.000,RAM
FETCH,1762980586.271,62275,60,0.037,S3
FETCH,1762980586.271,62275,879,0.000,RAM
FETCH,1762980586.277,62276,290,0.044,S3
FETCH,1762980586.277,62276,475,0.000,RAM
FETCH,1762980586.301,62273,921,0.045,S3
FETCH,1762980586.302,62273,625,0.000,RAM
FETCH,1762980586.302,62273,242,0.000,RAM
FETCH,1762980586.314,62276,212,0.037,S3
FETCH,1762980586.321,62275,679,0.050,S3
FETCH,1762980586.346,62273,917,0.044,S3
FETCH,1762980586.357,62276,797,0.043,S3
FETCH,1762980586.359,62274,859,0.122,S3
FETCH,1762980586.359,62274,478,0.000,RAM
FETCH,1762980586.361,62275,23,0.040,S3
FETCH,1762980586.362,62275,529,0.000,RAM
FETCH,1762980586.362,62275,447,0.000,RAM
FETCH,1762980586.362,62275,494,0.000,RAM
FETCH,1762980586.401,62276,548,0.044,S3
FETCH,1762980586.407,62273,794,0.061,S3
FETCH,1762980586.423,62275,955,0.061,S3
FETCH,1762980586.424,62275,331,0.000,RAM
FETCH,1762980586.424,62275,827,0.000,RAM
FETCH,1762980586.453,62274,70,0.094,S3
FETCH,1762980586.453,62274,226,0.000,RAM
FETCH,1762980586.469,62275,149,0.045,S3
FETCH,1762980586.469,62276,649,0.068,S3
FETCH,1762980586.470,62273,987,0.063,S3
FETCH,1762980586.497,62274,541,0.044,S3
FETCH,1762980586.498,62274,126,0.000,RAM
FETCH,1762980586.505,62275,614,0.035,S3
FETCH,1762980586.511,62276,867,0.042,S3
FETCH,1762980586.511,62276,424,0.000,RAM
FETCH,1762980586.514,62273,364,0.044,S3
FETCH,1762980586.514,62273,627,0.000,RAM
FETCH,1762980586.546,62274,401,0.048,S3
FETCH,1762980586.546,62275,37,0.041,S3
FETCH,1762980586.546,62275,200,0.000,RAM
FETCH,1762980586.552,62276,67,0.040,S3
FETCH,1762980586.563,62273,133,0.048,S3
FETCH,1762980586.594,62275,768,0.047,S3
FETCH,1762980586.594,62275,945,0.000,RAM
FETCH,1762980586.597,62276,85,0.045,S3
FETCH,1762980586.597,62274,904,0.051,S3
FETCH,1762980586.597,62276,41,0.000,RAM
FETCH,1762980586.598,62274,483,0.000,RAM
FETCH,1762980586.598,62276,771,0.000,RAM
FETCH,1762980586.598,62274,127,0.000,RAM
FETCH,1762980586.598,62276,42,0.000,RAM
FETCH,1762980586.598,62274,247,0.000,RAM
FETCH,1762980586.599,62276,759,0.000,RAM
FETCH,1762980586.599,62274,506,0.000,RAM
FETCH,1762980586.599,62276,586,0.000,RAM
FETCH,1762980586.634,62273,967,0.071,S3
FETCH,1762980586.634,62273,842,0.000,RAM
FETCH,1762980586.643,62276,81,0.044,S3
FETCH,1762980586.643,62276,195,0.000,RAM
FETCH,1762980586.647,62274,680,0.048,S3
FETCH,1762980586.647,62274,829,0.000,RAM
FETCH,1762980586.676,62275,167,0.081,S3
FETCH,1762980586.693,62274,108,0.046,S3
FETCH,1762980586.693,62274,844,0.000,RAM
FETCH,1762980586.693,62274,125,0.000,RAM
FETCH,1762980586.710,62276,589,0.067,S3
FETCH,1762980586.711,62276,600,0.000,RAM
FETCH,1762980586.714,62275,79,0.038,S3
FETCH,1762980586.752,62276,451,0.042,S3
FETCH,1762980586.753,62276,947,0.000,RAM
FETCH,1762980586.753,62276,783,0.000,RAM
FETCH,1762980586.753,62276,544,0.000,RAM
FETCH,1762980586.754,62276,180,0.000,RAM
FETCH,1762980586.754,62275,647,0.040,S3
FETCH,1762980586.754,62275,100,0.000,RAM
FETCH,1762980586.754,62275,15,0.000,RAM
FETCH,1762980586.762,62273,604,0.127,S3
FETCH,1762980586.762,62273,148,0.000,RAM
FETCH,1762980586.762,62273,438,0.000,RAM
FETCH,1762980586.762,62273,9,0.000,RAM
FETCH,1762980586.762,62273,535,0.000,RAM
FETCH,1762980586.803,62276,566,0.049,S3
FETCH,1762980586.803,62276,937,0.000,RAM
FETCH,1762980586.810,62273,39,0.047,S3
FETCH,1762980586.810,62273,65,0.000,RAM
FETCH,1762980586.845,62276,907,0.042,S3
FETCH,1762980586.845,62276,444,0.000,RAM
FETCH,1762980586.845,62276,465,0.000,RAM
FETCH,1762980586.855,62273,232,0.045,S3
FETCH,1762980586.856,62273,847,0.000,RAM
FETCH,1762980586.856,62274,145,0.162,S3
FETCH,1762980586.856,62273,306,0.000,RAM
FETCH,1762980586.856,62274,325,0.000,RAM
FETCH,1762980586.870,62275,546,0.116,S3
FETCH,1762980586.886,62276,701,0.040,S3
FETCH,1762980586.886,62276,696,0.000,RAM
FETCH,1762980586.909,62275,220,0.039,S3
FETCH,1762980586.909,62275,491,0.000,RAM
FETCH,1762980586.914,62273,439,0.058,S3
FETCH,1762980586.914,62273,318,0.000,RAM
FETCH,1762980586.915,62273,153,0.000,RAM
FETCH,1762980586.927,62276,878,0.041,S3
FETCH,1762980586.942,62274,434,0.086,S3
FETCH,1762980586.971,62276,277,0.044,S3
FETCH,1762980586.971,62275,668,0.062,S3
FETCH,1762980586.971,62276,644,0.000,RAM
FETCH,1762980586.987,62274,777,0.045,S3
FETCH,1762980586.987,62273,504,0.072,S3
FETCH,1762980587.006,62275,510,0.035,S3
FETCH,1762980587.035,62274,991,0.048,S3
FETCH,1762980587.035,62276,429,0.064,S3
FETCH,1762980587.035,62274,755,0.000,RAM
FETCH,1762980587.036,62274,425,0.000,RAM
FETCH,1762980587.046,62275,746,0.040,S3
FETCH,1762980587.056,62273,582,0.069,S3
FETCH,1762980587.078,62276,36,0.042,S3
FETCH,1762980587.081,62274,380,0.046,S3
FETCH,1762980587.082,62274,432,0.000,RAM
FETCH,1762980587.082,62274,651,0.000,RAM
FETCH,1762980587.100,62275,892,0.054,S3
FETCH,1762980587.101,62275,272,0.000,RAM
FETCH,1762980587.156,62275,310,0.055,S3
FETCH,1762980587.156,62275,209,0.000,RAM
FETCH,1762980587.172,62276,500,0.094,S3
FETCH,1762980587.172,62274,973,0.090,S3
FETCH,1762980587.173,62273,463,0.117,S3
FETCH,1762980587.174,62273,723,0.000,RAM
FETCH,1762980587.174,62273,294,0.000,RAM
FETCH,1762980587.174,62273,22,0.000,RAM
FETCH,1762980587.246,62273,390,0.072,S3
FETCH,1762980587.247,62275,123,0.090,S3
FETCH,1762980587.247,62276,706,0.074,S3
FETCH,1762980587.247,62274,118,0.074,S3
FETCH,1762980587.247,62273,990,0.000,RAM
FETCH,1762980587.288,62273,408,0.041,S3
FETCH,1762980587.288,62275,906,0.042,S3
FETCH,1762980587.289,62273,442,0.000,RAM
FETCH,1762980587.289,62273,485,0.000,RAM
FETCH,1762980587.292,62274,341,0.045,S3
FETCH,1762980587.318,62276,138,0.072,S3
FETCH,1762980587.319,62276,132,0.000,RAM
FETCH,1762980587.330,62275,378,0.041,S3
FETCH,1762980587.331,62273,657,0.042,S3
FETCH,1762980587.357,62274,55,0.064,S3
FETCH,1762980587.359,62276,804,0.040,S3
FETCH,1762980587.369,62275,384,0.039,S3
FETCH,1762980587.394,62273,707,0.063,S3
FETCH,1762980587.395,62273,965,0.000,RAM
FETCH,1762980587.396,62276,754,0.038,S3
FETCH,1762980587.416,62274,183,0.059,S3
FETCH,1762980587.439,62276,213,0.042,S3
FETCH,1762980587.447,62273,84,0.052,S3
FETCH,1762980587.458,62275,198,0.089,S3
FETCH,1762980587.458,62275,228,0.000,RAM
FETCH,1762980587.459,62275,915,0.000,RAM
FETCH,1762980587.483,62276,938,0.044,S3
FETCH,1762980587.486,62274,241,0.069,S3
FETCH,1762980587.486,62274,216,0.000,RAM
FETCH,1762980587.486,62274,182,0.000,RAM
FETCH,1762980587.491,62273,90,0.044,S3
FETCH,1762980587.491,62273,919,0.000,RAM
FETCH,1762980587.491,62273,276,0.000,RAM
FETCH,1762980587.492,62273,26,0.000,RAM
FETCH,1762980587.499,62275,474,0.040,S3
FETCH,1762980587.521,62276,811,0.038,S3
FETCH,1762980587.537,62273,730,0.045,S3
FETCH,1762980587.537,62274,304,0.051,S3
FETCH,1762980587.537,62273,799,0.000,RAM
FETCH,1762980587.537,62274,935,0.000,RAM
FETCH,1762980587.538,62273,143,0.000,RAM
FETCH,1762980587.538,62274,543,0.000,RAM
FETCH,1762980587.538,62273,521,0.000,RAM
FETCH,1762980587.548,62275,643,0.049,S3
FETCH,1762980587.548,62275,282,0.000,RAM
FETCH,1762980587.548,62275,398,0.000,RAM
FETCH,1762980587.559,62276,83,0.038,S3
FETCH,1762980587.560,62276,532,0.000,RAM
FETCH,1762980587.591,62273,57,0.053,S3
FETCH,1762980587.592,62274,335,0.054,S3
FETCH,1762980587.604,62276,612,0.045,S3
FETCH,1762980587.654,62273,970,0.062,S3
FETCH,1762980587.655,62274,519,0.063,S3
FETCH,1762980587.655,62276,243,0.050,S3
FETCH,1762980587.656,62276,131,0.000,RAM
FETCH,1762980587.656,62276,597,0.001,RAM
FETCH,1762980587.657,62273,31,0.000,RAM
PROCESS,1762980587.661,62268,100,516,774,30,524,876,461,693,422,476,292,898,822,355,44,853,469,374,845,467,185,357,508,445,52,222,356,749,230,435,155,702,787,623,975,187,998,790,925,170,568,888,813,124,560,835,493,578,207,48,567,742,921,625,242,917,794,987,364,627,133,967,842,604,148,438,9,535,39,65,232,847,306,439,318,153,504,582,463,723,294,22,390,990,408,442,485,657,707,965,84,90,919,276,26,730,799,143,521,57,970
FETCH,1762980587.675,62275,452,0.126,S3
FETCH,1762980587.705,62273,404,0.047,S3
FETCH,1762980587.705,62273,554,0.000,RAM
FETCH,1762980587.705,62273,780,0.000,RAM
FETCH,1762980587.705,62273,843,0.000,RAM
FETCH,1762980587.717,62275,575,0.042,S3
FETCH,1762980587.717,62275,457,0.000,RAM
FETCH,1762980587.720,62276,24,0.064,S3
FETCH,1762980587.728,62274,615,0.073,S3
FETCH,1762980587.729,62274,412,0.000,RAM
FETCH,1762980587.729,62274,561,0.000,RAM
FETCH,1762980587.729,62274,996,0.000,RAM
FETCH,1762980587.770,62273,288,0.065,S3
FETCH,1762980587.770,62276,823,0.050,S3
FETCH,1762980587.770,62276,958,0.000,RAM
FETCH,1762980587.778,62274,738,0.050,S3
FETCH,1762980587.779,62274,225,0.000,RAM
FETCH,1762980587.810,62275,366,0.093,S3
FETCH,1762980587.810,62275,711,0.000,RAM
FETCH,1762980587.810,62275,846,0.000,RAM
FETCH,1762980587.826,62273,725,0.056,S3
FETCH,1762980587.827,62276,784,0.056,S3
FETCH,1762980587.827,62273,733,0.000,RAM
FETCH,1762980587.827,62273,596,0.000,RAM
FETCH,1762980587.860,62274,713,0.081,S3
FETCH,1762980587.860,62274,332,0.000,RAM
FETCH,1762980587.860,62274,868,0.000,RAM
FETCH,1762980587.861,62275,840,0.051,S3
FETCH,1762980587.879,62273,437,0.052,S3
FETCH,1762980587.889,62276,933,0.063,S3
FETCH,1762980587.901,62275,293,0.040,S3
FETCH,1762980587.939,62276,416,0.050,S3
FETCH,1762980587.940,62274,98,0.080,S3
FETCH,1762980587.989,62276,433,0.049,S3
FETCH,1762980587.989,62274,988,0.048,S3
FETCH,1762980587.989,62275,71,0.088,S3
FETCH,1762980587.990,62274,558,0.001,RAM
FETCH,1762980587.990,62275,720,0.001,RAM
FETCH,1762980588.002,62273,289,0.123,S3
FETCH,1762980588.003,62273,177,0.000,RAM
FETCH,1762980588.026,62276,724,0.038,S3
FETCH,1762980588.026,62275,379,0.037,S3
FETCH,1762980588.027,62275,968,0.000,RAM
FETCH,1762980588.034,62274,253,0.044,S3
FETCH,1762980588.044,62273,974,0.042,S3
FETCH,1762980588.065,62275,69,0.038,S3
FETCH,1762980588.065,62276,489,0.038,S3
FETCH,1762980588.065,62275,695,0.000,RAM
FETCH,1762980588.081,62274,176,0.046,S3
FETCH,1762980588.093,62273,874,0.048,S3
FETCH,1762980588.107,62275,909,0.042,S3
FETCH,1762980588.119,62276,572,0.054,S3
FETCH,1762980588.143,62275,349,0.036,S3
FETCH,1762980588.144,62274,351,0.063,S3
FETCH,1762980588.162,62276,298,0.043,S3
FETCH,1762980588.164,62276,676,0.002,SSD
FETCH,1762980588.187,62275,95,0.044,S3
FETCH,1762980588.188,62274,708,0.044,S3
FETCH,1762980588.188,62274,675,0.000,RAM
FETCH,1762980588.188,62274,505,0.000,RAM
FETCH,1762980588.227,62276,257,0.063,S3
FETCH,1762980588.227,62276,518,0.000,RAM
FETCH,1762980588.244,62273,908,0.151,S3
FETCH,1762980588.270,62276,431,0.043,S3
FETCH,1762980588.271,62276,527,0.000,RAM
FETCH,1762980588.271,62276,511,0.000,RAM
FETCH,1762980588.271,62276,394,0.000,RAM
FETCH,1762980588.282,62275,464,0.094,S3
FETCH,1762980588.282,62275,409,0.000,RAM
FETCH,1762980588.302,62273,323,0.057,S3
FETCH,1762980588.310,62276,753,0.039,S3
FETCH,1762980588.311,62274,714,0.124,S3
FETCH,1762980588.312,62274,515,0.000,RAM
FETCH,1762980588.326,62275,40,0.043,S3
FETCH,1762980588.326,62275,743,0.000,RAM
FETCH,1762980588.326,62275,479,0.000,RAM
FETCH,1762980588.326,62275,320,0.000,RAM
FETCH,1762980588.346,62273,140,0.045,S3
FETCH,1762980588.362,62274,977,0.050,S3
FETCH,1762980588.364,62275,620,0.038,S3
FETCH,1762980588.364,62275,265,0.000,RAM
FETCH,1762980588.396,62276,815,0.086,S3
FETCH,1762980588.398,62275,984,0.034,S3
FETCH,1762980588.409,62274,202,0.047,S3
FETCH,1762980588.409,62274,808,0.000,RAM
FETCH,1762980588.409,62274,889,0.000,RAM
FETCH,1762980588.409,62274,482,0.000,RAM
FETCH,1762980588.437,62276,244,0.041,S3
FETCH,1762980588.437,62276,591,0.000,RAM
FETCH,1762980588.437,62276,603,0.000,RAM
FETCH,1762980588.448,62275,20,0.050,S3
FETCH,1762980588.465,62274,139,0.056,S3
FETCH,1762980588.465,62274,396,0.000,RAM
FETCH,1762980588.474,62273,669,0.128,S3
FETCH,1762980588.484,62276,192,0.047,S3
FETCH,1762980588.484,62275,280,0.036,S3
FETCH,1762980588.509,62274,924,0.044,S3
FETCH,1762980588.509,62274,779,0.000,RAM
FETCH,1762980588.526,62275,645,0.042,S3
FETCH,1762980588.527,62273,402,0.052,S3
FETCH,1762980588.527,62276,411,0.043,S3
FETCH,1762980588.527,62273,436,0.000,RAM
FETCH,1762980588.553,62274,375,0.043,S3
FETCH,1762980588.572,62276,895,0.045,S3
FETCH,1762980588.582,62273,267,0.055,S3
FETCH,1762980588.601,62274,249,0.048,S3
FETCH,1762980588.601,62274,881,0.000,RAM
FETCH,1762980588.603,62274,699,0.000,RAM
PROCESS,1762980588.605,62268,100,556,885,121,101,807,308,156,677,559,595,28,961,728,800,531,899,886,756,19,116,949,621,135,410,2,826,266,856,859,478,70,226,541,126,401,904,483,127,247,506,680,829,108,844,125,145,325,434,777,991,755,425,380,432,651,973,118,341,55,183,241,216,182,304,935,543,335,519,615,412,561,996,738,225,713,332,868,98,988,558,253,176,351,708,675,505,714,515,977,202,808,889,482,139,396,924,779,375,249,881
FETCH,1762980588.611,62276,179,0.040,S3
FETCH,1762980588.612,62275,752,0.085,S3
FETCH,1762980588.612,62276,684,0.000,RAM
FETCH,1762980588.612,62275,246,0.000,RAM
FETCH,1762980588.626,62273,694,0.044,S3
FETCH,1762980588.626,62273,820,0.000,RAM
FETCH,1762980588.626,62273,254,0.000,RAM
FETCH,1762980588.627,62273,99,0.000,RAM
FETCH,1762980588.653,62275,344,0.041,S3
FETCH,1762980588.653,62274,430,0.050,S3
FETCH,1762980588.654,62276,764,0.043,S3
FETCH,1762980588.692,62276,329,0.038,S3
FETCH,1762980588.692,62276,453,0.000,RAM
FETCH,1762980588.726,62273,592,0.100,S3
FETCH,1762980588.727,62273,190,0.000,RAM
FETCH,1762980588.727,62273,722,0.000,RAM
FETCH,1762980588.727,62273,601,0.000,RAM
FETCH,1762980588.727,62273,912,0.000,RAM
FETCH,1762980588.740,62275,869,0.087,S3
FETCH,1762980588.740,62275,767,0.000,RAM
FETCH,1762980588.777,62274,168,0.124,S3
FETCH,1762980588.778,62273,458,0.051,S3
FETCH,1762980588.778,62273,10,0.000,RAM
FETCH,1762980588.825,62273,387,0.046,S3
FETCH,1762980588.862,62274,512,0.085,S3
FETCH,1762980588.865,62275,851,0.125,S3
FETCH,1762980588.865,62275,555,0.000,RAM
FETCH,1762980588.891,62273,441,0.066,S3
FETCH,1762980588.891,62273,169,0.000,RAM
FETCH,1762980588.905,62275,87,0.040,S3
FETCH,1762980588.924,62274,862,0.062,S3
FETCH,1762980588.936,62273,801,0.045,S3
FETCH,1762980588.937,62273,492,0.000,RAM
FETCH,1762980588.967,62275,809,0.062,S3
FETCH,1762980588.968,62274,751,0.043,S3
FETCH,1762980588.989,62273,326,0.052,S3
FETCH,1762980589.009,62275,715,0.042,S3
FETCH,1762980589.028,62274,224,0.060,S3
FETCH,1762980589.063,62273,413,0.073,S3
FETCH,1762980589.063,62273,223,0.000,RAM
FETCH,1762980589.063,62273,883,0.000,RAM
FETCH,1762980589.063,62273,838,0.000,RAM
FETCH,1762980589.064,62273,89,0.000,RAM
FETCH,1762980589.074,62275,29,0.064,S3
PROCESS,1762980589.076,62268,100,726,900,181,605,497,448,450,930,911,894,165,710,77,812,580,712,395,47,60,879,679,23,529,447,494,955,331,827,149,614,37,200,768,945,167,79,647,100,15,546,220,491,668,510,746,892,272,310,209,123,906,378,384,198,228,915,474,643,282,398,452,575,457,366,711,846,840,293,71,720,379,968,69,695,909,349,95,464,409,40,743,479,320,620,265,984,20,280,645,752,246,344,869,767,851,555,87,809,715,29
FETCH,1762980589.077,62274,301,0.049,S3
FETCH,1762980589.117,62274,825,0.039,S3
FETCH,1762980589.117,62274,322,0.000,RAM
FETCH,1762980589.159,62273,926,0.095,S3
FETCH,1762980589.159,62274,295,0.042,S3
FETCH,1762980589.209,62273,338,0.050,S3
FETCH,1762980589.209,62273,661,0.000,RAM
FETCH,1762980589.210,62273,56,0.000,RAM
FETCH,1762980589.221,62274,347,0.063,S3
FETCH,1762980589.258,62274,92,0.037,S3
FETCH,1762980589.258,62274,279,0.000,RAM
FETCH,1762980589.265,62273,760,0.055,S3
FETCH,1762980589.265,62273,659,0.000,RAM
FETCH,1762980589.265,62273,520,0.000,RAM
FETCH,1762980589.301,62274,905,0.043,S3
FETCH,1762980589.302,62274,196,0.000,RAM
FETCH,1762980589.317,62273,841,0.052,S3
PROCESS,1762980589.350,62268,100,371,785,502,103,488,731,173,986,656,319,368,766,76,817,115,691,545,383,290,475,212,797,548,649,867,424,67,85,41,771,42,759,586,81,195,589,600,451,947,783,544,180,566,937,907,444,465,701,696,878,277,644,429,36,500,706,138,132,804,754,213,938,811,83,532,612,243,131,597,24,823,958,784,933,416,433,724,489,572,298,676,257,518,431,527,511,394,753,815,244,591,603,192,411,895,179,684,764,329,453
FETCH,1762980589.365,62273,73,0.048,S3
FETCH,1762980589.373,62274,217,0.072,S3
FETCH,1762980589.374,62274,18,0.000,RAM
FETCH,1762980589.374,62274,594,0.000,RAM
FETCH,1762980589.434,62274,459,0.060,S3
FETCH,1762980589.434,62274,286,0.000,RAM
FETCH,1762980589.435,62274,160,0.000,RAM
FETCH,1762980589.435,62274,360,0.000,RAM
FETCH,1762980589.435,62274,154,0.000,RAM
FETCH,1762980589.435,62274,653,0.000,RAM
FETCH,1762980589.455,62273,758,0.090,S3
FETCH,1762980589.475,62274,501,0.040,S3
FETCH,1762980589.476,62274,82,0.000,RAM
FETCH,1762980589.476,62274,296,0.000,RAM
FETCH,1762980589.476,62274,839,0.000,RAM
FETCH,1762980589.476,62274,80,0.000,RAM
FETCH,1762980589.499,62273,525,0.044,S3
FETCH,1762980589.516,62274,352,0.040,S3
FETCH,1762980589.516,62274,171,0.000,RAM
FETCH,1762980589.560,62274,386,0.044,S3
FETCH,1762980589.560,62273,564,0.061,S3
FETCH,1762980589.560,62274,931,0.000,RAM
FETCH,1762980589.560,62274,5,0.000,RAM
FETCH,1762980589.560,62274,397,0.000,RAM
FETCH,1762980589.560,62274,658,0.000,RAM
FETCH,1762980589.611,62273,245,0.051,S3
FETCH,1762980589.613,62274,74,0.053,S3
FETCH,1762980589.613,62274,211,0.000,RAM
FETCH,1762980589.653,62274,953,0.040,S3
FETCH,1762980589.663,62273,655,0.052,S3
FETCH,1762980589.716,62273,350,0.053,S3
FETCH,1762980589.733,62274,455,0.080,S3
FETCH,1762980589.770,62273,391,0.054,S3
FETCH,1762980589.771,62274,454,0.038,S3
FETCH,1762980589.811,62274,923,0.040,S3
FETCH,1762980589.812,62273,901,0.042,S3
FETCH,1762980589.813,62273,944,0.000,RAM
FETCH,1762980589.878,62274,717,0.067,S3
FETCH,1762980589.878,62274,631,0.000,RAM
FETCH,1762980589.878,62274,122,0.000,RAM
FETCH,1762980589.879,62274,137,0.000,RAM
FETCH,1762980589.880,62273,570,0.067,S3
FETCH,1762980589.880,62273,622,0.000,RAM
FETCH,1762980589.925,62274,172,0.046,S3
FETCH,1762980589.925,62274,45,0.000,RAM
FETCH,1762980589.934,62273,460,0.054,S3
FETCH,1762980589.934,62273,327,0.000,RAM
FETCH,1762980589.968,62274,748,0.043,S3
FETCH,1762980589.981,62273,346,0.047,S3
FETCH,1762980589.982,62273,633,0.000,RAM
FETCH,1762980590.015,62274,309,0.046,S3
FETCH,1762980590.059,62274,685,0.044,S3
FETCH,1762980590.085,62273,940,0.104,S3
FETCH,1762980590.086,62273,17,0.000,RAM
FETCH,1762980590.134,62274,258,0.075,S3
FETCH,1762980590.134,62274,704,0.000,RAM
FETCH,1762980590.157,62273,671,0.071,S3
FETCH,1762980590.177,62274,791,0.042,S3
FETCH,1762980590.209,62273,528,0.052,S3
FETCH,1762980590.224,62274,287,0.047,S3
FETCH,1762980590.266,62274,107,0.042,S3
FETCH,1762980590.270,62273,514,0.061,S3
FETCH,1762980590.312,62274,313,0.046,S3
FETCH,1762980590.313,62274,971,0.000,RAM
FETCH,1762980590.313,62274,263,0.000,RAM
FETCH,1762980590.313,62274,583,0.000,RAM
FETCH,1762980590.314,62274,610,0.000,RAM
FETCH,1762980590.344,62273,201,0.074,S3
FETCH,1762980590.345,62273,795,0.000,RAM
FETCH,1762980590.359,62274,636,0.045,S3
FETCH,1762980590.404,62274,976,0.045,S3
FETCH,1762980590.408,62273,370,0.063,S3
FETCH,1762980590.454,62274,376,0.049,S3
FETCH,1762980590.454,62274,262,0.000,RAM
FETCH,1762980590.454,62274,683,0.000,RAM
FETCH,1762980590.511,62274,860,0.056,S3
FETCH,1762980590.511,62273,427,0.103,S3
FETCH,1762980590.511,62273,770,0.000,RAM
FETCH,1762980590.550,62274,966,0.040,S3
FETCH,1762980590.550,62274,214,0.000,RAM
FETCH,1762980590.551,62274,549,0.000,RAM
FETCH,1762980590.551,62274,164,0.000,RAM
FETCH,1762980590.551,62274,221,0.000,RAM
FETCH,1762980590.551,62274,877,0.000,RAM
FETCH,1762980590.551,62274,980,0.000,RAM
FETCH,1762980590.552,62274,816,0.000,RAM
FETCH,1762980590.552,62274,611,0.000,RAM
FETCH,1762980590.552,62274,914,0.000,RAM
FETCH,1762980590.552,62274,365,0.000,RAM
FETCH,1762980590.576,62273,389,0.065,S3
FETCH,1762980590.576,62273,871,0.000,RAM
FETCH,1762980590.589,62274,866,0.037,S3
FETCH,1762980590.623,62273,954,0.047,S3
FETCH,1762980590.631,62274,832,0.042,S3
FETCH,1762980590.675,62273,251,0.052,S3
FETCH,1762980590.684,62274,562,0.052,S3
FETCH,1762980590.684,62274,215,0.000,RAM
FETCH,1762980590.748,62274,237,0.063,S3
FETCH,1762980590.782,62273,119,0.107,S3
FETCH,1762980590.795,62274,186,0.047,S3
FETCH,1762980590.837,62274,639,0.042,S3
FETCH,1762980590.847,62273,337,0.065,S3
FETCH,1762980590.892,62274,819,0.055,S3
FETCH,1762980590.892,62274,68,0.000,RAM
FETCH,1762980590.892,62274,538,0.000,RAM
FETCH,1762980590.899,62273,16,0.052,S3
FETCH,1762980590.948,62273,66,0.049,S3
FETCH,1762980590.951,62274,887,0.058,S3
FETCH,1762980591.035,62274,105,0.085,S3
FETCH,1762980591.036,62274,97,0.000,RAM
FETCH,1762980591.062,62273,405,0.114,S3
FETCH,1762980591.062,62273,782,0.000,RAM
FETCH,1762980591.077,62274,3,0.041,S3
FETCH,1762980591.077,62274,989,0.000,RAM
FETCH,1762980591.077,62274,536,0.000,RAM
FETCH,1762980591.077,62274,773,0.000,RAM
FETCH,1762980591.078,62274,407,0.000,RAM
FETCH,1762980591.121,62274,918,0.043,S3
FETCH,1762980591.124,62273,750,0.062,S3
FETCH,1762980591.125,62273,111,0.000,RAM
FETCH,1762980591.125,62273,574,0.000,RAM
FETCH,1762980591.165,62274,414,0.045,S3
FETCH,1762980591.166,62274,415,0.000,RAM
FETCH,1762980591.170,62273,130,0.045,S3
FETCH,1762980591.170,62273,703,0.000,RAM
FETCH,1762980591.171,62273,0,0.000,RAM
FETCH,1762980591.171,62273,781,0.000,RAM
FETCH,1762980591.171,62273,151,0.000,RAM
FETCH,1762980591.223,62273,367,0.052,S3
FETCH,1762980591.224,62273,936,0.000,RAM
FETCH,1762980591.224,62273,345,0.000,RAM
FETCH,1762980591.281,62273,652,0.056,S3
FETCH,1762980591.348,62273,719,0.067,S3
PROCESS,1762980591.350,62268,100,31,404,554,780,843,288,725,733,596,437,289,177,974,874,908,323,140,669,402,436,267,694,820,254,99,592,190,722,601,912,458,10,387,441,169,801,492,326,413,223,883,838,89,926,338,661,56,760,659,520,841,73,758,525,564,245,655,350,391,901,944,570,622,460,327,346,633,940,17,671,528,514,201,795,370,427,770,389,871,954,251,119,337,16,66,405,782,750,111,574,130,703,0,781,151,367,936,345,652,719
PROCESS,1762980591.626,62268,100,699,430,168,512,862,751,224,301,825,322,295,347,92,279,905,196,217,18,594,459,286,160,360,154,653,501,82,296,839,80,352,171,386,931,5,397,658,74,211,953,455,454,923,717,631,122,137,172,45,748,309,685,258,704,791,287,107,313,971,263,583,610,636,976,376,262,683,860,966,214,549,164,221,877,980,816,611,914,365,866,832,562,215,237,186,639,819,68,538,887,105,97,3,989,536,773,407,918,414,415
