# Pipeline Activity Log - ResNet152 with Caching
# Format: ACTIVITY_TYPE,TIMESTAMP,PROCESS_ID,DATA
# FETCH: Worker fetches image (timestamp,worker_id,image_idx,fetch_time,source)
#   source: RAM, SSD, or S3
# PROCESS: Main process processes batch (timestamp,main_id,batch_size,image_indices)
#
FETCH,1762883539.483,44325,648,0.269,S3
FETCH,1762883539.505,44327,669,0.291,S3
FETCH,1762883539.545,44328,773,0.331,S3
FETCH,1762883539.552,44326,85,0.420,S3
FETCH,1762883539.562,44325,404,0.079,S3
FETCH,1762883539.572,44327,845,0.067,S3
FETCH,1762883539.607,44328,112,0.061,S3
FETCH,1762883539.618,44325,815,0.056,S3
FETCH,1762883539.628,44326,960,0.076,S3
FETCH,1762883539.652,44327,471,0.080,S3
FETCH,1762883539.678,44325,169,0.060,S3
FETCH,1762883539.688,44328,56,0.081,S3
FETCH,1762883539.734,44326,236,0.106,S3
FETCH,1762883539.744,44327,287,0.091,S3
FETCH,1762883539.751,44328,587,0.063,S3
FETCH,1762883539.752,44325,670,0.074,S3
FETCH,1762883539.796,44326,555,0.062,S3
FETCH,1762883539.814,44328,302,0.063,S3
FETCH,1762883539.824,44327,101,0.081,S3
FETCH,1762883539.856,44326,586,0.060,S3
FETCH,1762883539.876,44328,269,0.062,S3
FETCH,1762883539.882,44327,181,0.057,S3
FETCH,1762883539.882,44325,170,0.129,S3
FETCH,1762883539.911,44326,357,0.054,S3
FETCH,1762883539.963,44328,263,0.087,S3
FETCH,1762883539.963,44325,823,0.081,S3
FETCH,1762883539.970,44326,749,0.060,S3
FETCH,1762883540.017,44327,784,0.135,S3
FETCH,1762883540.029,44328,442,0.066,S3
FETCH,1762883540.030,44325,524,0.067,S3
FETCH,1762883540.080,44325,499,0.050,S3
FETCH,1762883540.080,44326,217,0.110,S3
FETCH,1762883540.093,44327,191,0.077,S3
FETCH,1762883540.103,44328,210,0.074,S3
FETCH,1762883540.146,44327,319,0.053,S3
FETCH,1762883540.153,44325,308,0.072,S3
FETCH,1762883540.160,44328,918,0.057,S3
FETCH,1762883540.161,44326,295,0.080,S3
FETCH,1762883540.215,44328,685,0.055,S3
FETCH,1762883540.231,44326,376,0.070,S3
FETCH,1762883540.232,44327,273,0.086,S3
FETCH,1762883540.271,44325,781,0.118,S3
FETCH,1762883540.296,44326,1,0.065,S3
FETCH,1762883540.296,44327,197,0.064,S3
FETCH,1762883540.300,44328,886,0.085,S3
FETCH,1762883540.336,44325,346,0.066,S3
FETCH,1762883540.365,44326,338,0.068,S3
FETCH,1762883540.366,44328,437,0.066,S3
FETCH,1762883540.398,44327,933,0.102,S3
FETCH,1762883540.401,44325,485,0.065,S3
FETCH,1762883540.428,44328,846,0.062,S3
FETCH,1762883540.450,44327,336,0.052,S3
FETCH,1762883540.481,44326,110,0.116,S3
FETCH,1762883540.513,44327,972,0.063,S3
FETCH,1762883540.513,44325,946,0.112,S3
FETCH,1762883540.523,44328,751,0.094,S3
FETCH,1762883540.532,44326,405,0.051,S3
FETCH,1762883540.569,44325,372,0.056,S3
FETCH,1762883540.589,44328,470,0.067,S3
FETCH,1762883540.600,44327,214,0.087,S3
FETCH,1762883540.600,44326,95,0.068,S3
FETCH,1762883540.627,44325,118,0.058,S3
FETCH,1762883540.666,44327,149,0.066,S3
FETCH,1762883540.676,44326,753,0.076,S3
FETCH,1762883540.694,44325,424,0.067,S3
FETCH,1762883540.720,44328,39,0.131,S3
FETCH,1762883540.731,44327,680,0.065,S3
FETCH,1762883540.731,44326,237,0.055,S3
FETCH,1762883540.797,44327,51,0.066,S3
FETCH,1762883540.821,44326,87,0.090,S3
FETCH,1762883540.832,44328,534,0.112,S3
FETCH,1762883540.851,44325,431,0.157,S3
FETCH,1762883540.858,44327,82,0.060,S3
FETCH,1762883540.898,44326,656,0.077,S3
FETCH,1762883540.924,44325,218,0.073,S3
FETCH,1762883540.936,44327,805,0.079,S3
FETCH,1762883540.958,44328,448,0.126,S3
FETCH,1762883540.987,44325,600,0.062,S3
FETCH,1762883541.001,44327,920,0.064,S3
FETCH,1762883541.010,44326,289,0.112,S3
FETCH,1762883541.044,44325,373,0.058,S3
FETCH,1762883541.044,44328,875,0.086,S3
FETCH,1762883541.070,44326,516,0.060,S3
FETCH,1762883541.082,44327,598,0.082,S3
FETCH,1762883541.123,44328,867,0.078,S3
FETCH,1762883541.128,44325,885,0.084,S3
FETCH,1762883541.145,44326,240,0.075,S3
FETCH,1762883541.174,44327,701,0.091,S3
FETCH,1762883541.187,44325,661,0.059,S3
FETCH,1762883541.191,44328,371,0.068,S3
FETCH,1762883541.198,44326,851,0.053,S3
FETCH,1762883541.235,44325,494,0.048,S3
FETCH,1762883541.237,44327,121,0.063,S3
FETCH,1762883541.255,44328,299,0.064,S3
FETCH,1762883541.268,44326,686,0.069,S3
FETCH,1762883541.299,44327,718,0.061,S3
FETCH,1762883541.323,44328,910,0.067,S3
FETCH,1762883541.330,44326,221,0.062,S3
FETCH,1762883541.337,44325,461,0.102,S3
FETCH,1762883541.363,44327,928,0.064,S3
FETCH,1762883541.392,44325,893,0.054,S3
FETCH,1762883541.392,44326,719,0.062,S3
FETCH,1762883541.426,44328,816,0.103,S3
FETCH,1762883541.454,44326,683,0.062,S3
FETCH,1762883541.454,44327,150,0.091,S3
FETCH,1762883541.497,44328,504,0.071,S3
FETCH,1762883541.514,44326,848,0.059,S3
FETCH,1762883541.534,44325,185,0.142,S3
FETCH,1762883541.542,44327,204,0.088,S3
FETCH,1762883541.572,44326,737,0.058,S3
FETCH,1762883541.577,44328,154,0.080,S3
FETCH,1762883541.607,44325,44,0.073,S3
FETCH,1762883541.624,44327,176,0.081,S3
FETCH,1762883541.638,44326,993,0.066,S3
FETCH,1762883541.648,44328,947,0.071,S3
FETCH,1762883541.675,44325,187,0.068,S3
FETCH,1762883541.693,44327,23,0.069,S3
FETCH,1762883541.709,44326,450,0.071,S3
FETCH,1762883541.715,44328,213,0.068,S3
FETCH,1762883541.736,44325,9,0.062,S3
FETCH,1762883541.755,44327,194,0.062,S3
FETCH,1762883541.802,44325,415,0.066,S3
FETCH,1762883541.816,44328,257,0.101,S3
FETCH,1762883541.821,44326,671,0.112,S3
FETCH,1762883541.828,44327,836,0.073,S3
FETCH,1762883541.858,44325,965,0.056,S3
FETCH,1762883541.887,44326,913,0.065,S3
FETCH,1762883541.893,44327,799,0.065,S3
FETCH,1762883541.907,44328,241,0.091,S3
FETCH,1762883541.954,44326,103,0.067,S3
FETCH,1762883541.965,44327,17,0.073,S3
FETCH,1762883541.980,44325,293,0.121,S3
FETCH,1762883541.993,44328,455,0.086,S3
FETCH,1762883542.032,44326,92,0.079,S3
FETCH,1762883542.032,44327,245,0.067,S3
FETCH,1762883542.049,44325,919,0.070,S3
FETCH,1762883542.073,44328,144,0.080,S3
FETCH,1762883542.104,44325,493,0.055,S3
FETCH,1762883542.123,44326,66,0.090,S3
FETCH,1762883542.136,44327,157,0.103,S3
FETCH,1762883542.156,44328,566,0.083,S3
FETCH,1762883542.170,44325,987,0.066,S3
FETCH,1762883542.197,44327,772,0.061,S3
FETCH,1762883542.197,44326,730,0.075,S3
FETCH,1762883542.238,44328,160,0.082,S3
FETCH,1762883542.271,44326,853,0.073,S3
FETCH,1762883542.274,44327,152,0.077,S3
FETCH,1762883542.286,44325,478,0.116,S3
FETCH,1762883542.333,44328,290,0.095,S3
FETCH,1762883542.339,44326,75,0.069,S3
FETCH,1762883542.370,44327,852,0.095,S3
FETCH,1762883542.370,44325,282,0.084,S3
FETCH,1762883542.410,44328,969,0.077,S3
FETCH,1762883542.420,44325,276,0.050,S3
FETCH,1762883542.427,44326,34,0.088,S3
FETCH,1762883542.438,44327,750,0.068,S3
FETCH,1762883542.474,44325,874,0.054,S3
FETCH,1762883542.474,44328,745,0.064,S3
FETCH,1762883542.495,44327,733,0.057,S3
FETCH,1762883542.524,44325,948,0.050,S3
FETCH,1762883542.543,44326,618,0.116,S3
FETCH,1762883542.543,44328,316,0.069,S3
FETCH,1762883542.572,44327,496,0.077,S3
FETCH,1762883542.593,44325,838,0.069,S3
FETCH,1762883542.627,44328,422,0.084,S3
FETCH,1762883542.653,44326,992,0.110,S3
FETCH,1762883542.666,44325,677,0.073,S3
FETCH,1762883542.666,44327,74,0.093,S3
FETCH,1762883542.700,44328,270,0.072,S3
FETCH,1762883542.724,44326,625,0.071,S3
FETCH,1762883542.729,44325,281,0.063,S3
FETCH,1762883542.774,44327,27,0.108,S3
FETCH,1762883542.780,44328,532,0.081,S3
FETCH,1762883542.787,44326,423,0.063,S3
FETCH,1762883542.795,44325,186,0.067,S3
FETCH,1762883542.845,44327,292,0.071,S3
FETCH,1762883542.853,44326,717,0.066,S3
FETCH,1762883542.865,44325,681,0.070,S3
FETCH,1762883542.886,44328,881,0.105,S3
FETCH,1762883542.947,44328,67,0.061,S3
FETCH,1762883542.949,44327,731,0.104,S3
FETCH,1762883542.985,44325,441,0.120,S3
FETCH,1762883543.002,44328,870,0.055,S3
FETCH,1762883543.026,44326,135,0.173,S3
FETCH,1762883543.027,44327,634,0.078,S3
FETCH,1762883543.052,44325,297,0.067,S3
FETCH,1762883543.082,44326,667,0.056,S3
FETCH,1762883543.091,44328,580,0.089,S3
FETCH,1762883543.109,44325,13,0.057,S3
FETCH,1762883543.109,44327,887,0.082,S3
FETCH,1762883543.153,44326,332,0.071,S3
FETCH,1762883543.163,44328,311,0.071,S3
FETCH,1762883543.188,44327,458,0.079,S3
FETCH,1762883543.193,44325,568,0.083,S3
FETCH,1762883543.221,44328,421,0.059,S3
FETCH,1762883543.234,44326,982,0.081,S3
FETCH,1762883543.272,44325,673,0.079,S3
FETCH,1762883543.293,44327,256,0.105,S3
FETCH,1762883543.303,44326,544,0.069,S3
FETCH,1762883543.321,44328,434,0.100,S3
FETCH,1762883543.348,44325,438,0.076,S3
FETCH,1762883543.387,44327,238,0.093,S3
FETCH,1762883543.387,44328,360,0.066,S3
FETCH,1762883543.389,44326,538,0.086,S3
FETCH,1762883543.455,44327,331,0.068,S3
FETCH,1762883543.458,44326,55,0.069,S3
FETCH,1762883543.489,44328,258,0.101,S3
FETCH,1762883543.492,44325,317,0.144,S3
FETCH,1762883543.511,44326,105,0.052,S3
FETCH,1762883543.538,44327,481,0.083,S3
FETCH,1762883543.554,44328,207,0.065,S3
FETCH,1762883543.592,44326,147,0.081,S3
FETCH,1762883543.615,44325,639,0.122,S3
FETCH,1762883543.628,44327,529,0.090,S3
FETCH,1762883543.628,44328,897,0.074,S3
FETCH,1762883543.665,44326,296,0.074,S3
FETCH,1762883543.696,44328,964,0.068,S3
FETCH,1762883543.706,44325,116,0.091,S3
FETCH,1762883543.730,44326,350,0.065,S3
FETCH,1762883543.735,44327,454,0.107,S3
FETCH,1762883543.763,44328,59,0.067,S3
FETCH,1762883543.804,44325,755,0.097,S3
FETCH,1762883543.804,44327,559,0.068,S3
FETCH,1762883543.804,44326,72,0.074,S3
FETCH,1762883543.860,44328,397,0.097,S3
FETCH,1762883543.862,44325,976,0.058,S3
FETCH,1762883543.869,44326,482,0.065,S3
FETCH,1762883543.869,44327,577,0.066,S3
FETCH,1762883543.919,44325,314,0.057,S3
FETCH,1762883543.930,44326,132,0.061,S3
FETCH,1762883543.930,44327,844,0.061,S3
FETCH,1762883543.954,44328,640,0.093,S3
FETCH,1762883543.982,44325,466,0.063,S3
FETCH,1762883543.989,44326,688,0.059,S3
FETCH,1762883544.025,44327,16,0.095,S3
FETCH,1762883544.047,44328,411,0.093,S3
FETCH,1762883544.060,44326,742,0.072,S3
FETCH,1762883544.064,44325,551,0.082,S3
FETCH,1762883544.085,44327,682,0.060,S3
FETCH,1762883544.118,44328,609,0.071,S3
FETCH,1762883544.130,44326,477,0.069,S3
FETCH,1762883544.154,44325,428,0.090,S3
FETCH,1762883544.194,44328,223,0.076,S3
FETCH,1762883544.194,44327,869,0.109,S3
FETCH,1762883544.224,44326,949,0.094,S3
FETCH,1762883544.263,44325,155,0.109,S3
FETCH,1762883544.288,44327,880,0.093,S3
FETCH,1762883544.295,44328,330,0.100,S3
FETCH,1762883544.310,44326,417,0.086,S3
FETCH,1762883544.350,44325,801,0.087,S3
FETCH,1762883544.359,44327,399,0.071,S3
FETCH,1762883544.365,44328,33,0.070,S3
FETCH,1762883544.409,44326,785,0.099,S3
FETCH,1762883544.415,44327,571,0.057,S3
FETCH,1762883544.431,44325,959,0.080,S3
FETCH,1762883544.485,44328,88,0.119,S3
FETCH,1762883544.487,44326,490,0.076,S3
FETCH,1762883544.500,44327,247,0.084,S3
FETCH,1762883544.518,44325,839,0.087,S3
FETCH,1762883544.558,44328,623,0.074,S3
FETCH,1762883544.580,44326,26,0.093,S3
FETCH,1762883544.584,44327,643,0.084,S3
FETCH,1762883544.590,44325,796,0.072,S3
FETCH,1762883544.636,44328,148,0.077,S3
FETCH,1762883544.651,44325,657,0.061,S3
FETCH,1762883544.654,44327,552,0.069,S3
FETCH,1762883544.695,44326,159,0.115,S3
FETCH,1762883544.700,44328,857,0.064,S3
FETCH,1762883544.728,44325,804,0.077,S3
FETCH,1762883544.745,44327,941,0.091,S3
FETCH,1762883544.776,44325,235,0.048,S3
FETCH,1762883544.780,44326,980,0.085,S3
FETCH,1762883544.805,44328,635,0.105,S3
FETCH,1762883544.833,44325,467,0.057,S3
FETCH,1762883544.850,44327,315,0.105,S3
FETCH,1762883544.858,44326,172,0.077,S3
FETCH,1762883544.870,44328,519,0.066,S3
FETCH,1762883544.941,44325,800,0.109,S3
FETCH,1762883544.942,44327,54,0.091,S3
FETCH,1762883544.947,44328,908,0.077,S3
FETCH,1762883544.977,44326,171,0.119,S3
FETCH,1762883544.997,44327,958,0.056,S3
FETCH,1762883545.013,44328,102,0.066,S3
FETCH,1762883545.027,44325,938,0.085,S3
FETCH,1762883545.068,44327,230,0.070,S3
FETCH,1762883545.070,44325,124,0.043,S3
FETCH,1762883545.101,44326,498,0.124,S3
FETCH,1762883545.102,44328,590,0.088,S3
FETCH,1762883545.130,44325,854,0.060,S3
FETCH,1762883545.147,44327,891,0.079,S3
FETCH,1762883545.162,44328,786,0.060,S3
FETCH,1762883545.164,44326,25,0.062,S3
FETCH,1762883545.183,44325,380,0.053,S3
FETCH,1762883545.226,44327,365,0.079,S3
FETCH,1762883545.226,44326,778,0.062,S3
FETCH,1762883545.231,44325,528,0.047,S3
FETCH,1762883545.240,44328,765,0.078,S3
FETCH,1762883545.283,44325,379,0.052,S3
FETCH,1762883545.313,44327,702,0.087,S3
FETCH,1762883545.325,44328,491,0.084,S3
FETCH,1762883545.338,44325,819,0.055,S3
FETCH,1762883545.345,44326,200,0.119,S3
FETCH,1762883545.412,44326,615,0.067,S3
FETCH,1762883545.412,44325,463,0.073,S3
FETCH,1762883545.433,44328,117,0.108,S3
FETCH,1762883545.447,44327,363,0.134,S3
FETCH,1762883545.476,44325,835,0.064,S3
FETCH,1762883545.487,44326,834,0.076,S3
FETCH,1762883545.510,44328,756,0.077,S3
FETCH,1762883545.523,44327,828,0.076,S3
FETCH,1762883545.546,44325,758,0.070,S3
FETCH,1762883545.579,44326,347,0.091,S3
FETCH,1762883545.596,44328,986,0.085,S3
FETCH,1762883545.596,44327,601,0.073,S3
FETCH,1762883545.604,44325,630,0.058,S3
FETCH,1762883545.640,44326,865,0.061,S3
FETCH,1762883545.665,44327,226,0.069,S3
FETCH,1762883545.677,44325,474,0.073,S3
FETCH,1762883545.688,44328,911,0.092,S3
FETCH,1762883545.701,44326,340,0.062,S3
FETCH,1762883545.727,44327,199,0.062,S3
FETCH,1762883545.727,44325,400,0.050,S3
FETCH,1762883545.767,44326,48,0.065,S3
FETCH,1762883545.815,44327,612,0.088,S3
FETCH,1762883545.830,44326,212,0.063,S3
FETCH,1762883545.835,44328,775,0.146,S3
FETCH,1762883545.855,44325,659,0.128,S3
FETCH,1762883545.907,44325,391,0.051,S3
FETCH,1762883545.907,44326,876,0.076,S3
FETCH,1762883545.918,44328,264,0.083,S3
FETCH,1762883545.918,44327,738,0.103,S3
FETCH,1762883545.986,44325,896,0.079,S3
FETCH,1762883545.991,44328,146,0.073,S3
FETCH,1762883545.991,44326,932,0.084,S3
FETCH,1762883545.992,44327,850,0.073,S3
FETCH,1762883546.060,44325,611,0.074,S3
FETCH,1762883546.074,44326,574,0.083,S3
FETCH,1762883546.083,44327,440,0.091,S3
FETCH,1762883546.145,44326,119,0.071,S3
FETCH,1762883546.145,44325,248,0.084,S3
FETCH,1762883546.150,44327,271,0.066,S3
FETCH,1762883546.155,44328,578,0.163,S3
FETCH,1762883546.202,44326,343,0.057,S3
FETCH,1762883546.211,44325,487,0.066,S3
FETCH,1762883546.218,44327,859,0.068,S3
FETCH,1762883546.227,44328,710,0.072,S3
FETCH,1762883546.268,44325,706,0.057,S3
FETCH,1762883546.268,44326,940,0.066,S3
FETCH,1762883546.273,44327,29,0.056,S3
FETCH,1762883546.283,44328,366,0.056,S3
FETCH,1762883546.324,44325,794,0.056,S3
FETCH,1762883546.332,44326,847,0.064,S3
FETCH,1762883546.349,44328,141,0.065,S3
FETCH,1762883546.365,44327,573,0.092,S3
FETCH,1762883546.417,44326,884,0.085,S3
FETCH,1762883546.419,44325,345,0.095,S3
FETCH,1762883546.425,44328,151,0.077,S3
FETCH,1762883546.461,44327,351,0.095,S3
FETCH,1762883546.481,44325,177,0.061,S3
FETCH,1762883546.495,44326,348,0.078,S3
FETCH,1762883546.526,44328,324,0.100,S3
FETCH,1762883546.537,44327,335,0.076,S3
FETCH,1762883546.547,44326,812,0.052,S3
FETCH,1762883546.561,44325,567,0.080,S3
FETCH,1762883546.611,44326,692,0.063,S3
FETCH,1762883546.627,44328,951,0.101,S3
FETCH,1762883546.637,44327,62,0.100,S3
FETCH,1762883546.666,44326,106,0.055,S3
FETCH,1762883546.670,44325,278,0.109,S3
FETCH,1762883546.681,44328,824,0.055,S3
FETCH,1762883546.704,44327,439,0.067,S3
FETCH,1762883546.721,44325,115,0.052,S3
FETCH,1762883546.740,44328,483,0.058,S3
FETCH,1762883546.765,44326,693,0.099,S3
FETCH,1762883546.765,44327,761,0.061,S3
FETCH,1762883546.794,44328,832,0.054,S3
FETCH,1762883546.805,44325,305,0.083,S3
FETCH,1762883546.835,44326,77,0.070,S3
FETCH,1762883546.839,44327,136,0.074,S3
FETCH,1762883546.871,44328,500,0.077,S3
FETCH,1762883546.872,44325,792,0.066,S3
FETCH,1762883546.902,44326,140,0.067,S3
FETCH,1762883546.907,44327,435,0.067,S3
FETCH,1762883546.964,44325,971,0.092,S3
FETCH,1762883546.965,44326,814,0.062,S3
FETCH,1762883546.967,44328,700,0.096,S3
FETCH,1762883546.994,44327,84,0.087,S3
FETCH,1762883547.033,44326,583,0.068,S3
FETCH,1762883547.043,44328,307,0.076,S3
FETCH,1762883547.067,44327,506,0.073,S3
FETCH,1762883547.097,44326,162,0.064,S3
FETCH,1762883547.112,44328,390,0.069,S3
FETCH,1762883547.122,44327,860,0.055,S3
FETCH,1762883547.171,44328,608,0.059,S3
FETCH,1762883547.177,44327,73,0.055,S3
PROCESS,1762883547.206,44316,100,648,404,815,169,670,170,823,524,499,308,781,346,485,946,372,118,424,431,218,600,373,885,661,494,461,893,185,44,187,9,415,965,293,919,493,987,478,282,276,874,948,838,677,281,186,681,441,297,13,568,673,438,317,639,116,755,976,314,466,551,428,155,801,959,839,796,657,804,235,467,800,938,124,854,380,528,379,819,463,835,758,630,474,400,659,391,896,611,248,487,706,794,345,177,567,278,115,305,792,971
FETCH,1762883547.226,44328,921,0.056,S3
FETCH,1762883547.248,44327,209,0.071,S3
FETCH,1762883547.288,44328,401,0.062,S3
FETCH,1762883547.366,44325,179,0.164,S3
FETCH,1762883547.386,44328,684,0.098,S3
FETCH,1762883547.415,44325,125,0.049,S3
FETCH,1762883547.435,44326,249,0.180,S3
FETCH,1762883547.494,44326,294,0.059,S3
FETCH,1762883547.496,44328,709,0.110,S3
FETCH,1762883547.510,44325,334,0.095,S3
FETCH,1762883547.585,44325,861,0.076,S3
FETCH,1762883547.585,44326,944,0.091,S3
FETCH,1762883547.610,44327,375,0.360,S3
FETCH,1762883547.647,44326,30,0.062,S3
FETCH,1762883547.652,44325,113,0.067,S3
FETCH,1762883547.703,44325,18,0.051,S3
FETCH,1762883547.706,44326,560,0.059,S3
FETCH,1762883547.751,44327,621,0.141,S3
FETCH,1762883547.751,44325,968,0.047,S3
FETCH,1762883547.803,44326,746,0.097,S3
FETCH,1762883547.816,44327,40,0.065,S3
FETCH,1762883547.833,44325,322,0.083,S3
FETCH,1762883547.869,44328,42,0.371,S3
FETCH,1762883547.879,44326,68,0.075,S3
FETCH,1762883547.893,44327,158,0.077,S3
FETCH,1762883547.933,44326,842,0.055,S3
FETCH,1762883547.951,44328,912,0.082,S3
FETCH,1762883547.957,44327,129,0.065,S3
FETCH,1762883547.972,44325,361,0.139,S3
FETCH,1762883547.997,44326,250,0.064,S3
FETCH,1762883548.021,44325,61,0.049,S3
FETCH,1762883548.027,44327,301,0.070,S3
FETCH,1762883548.030,44328,675,0.080,S3
FETCH,1762883548.062,44326,527,0.064,S3
FETCH,1762883548.083,44325,385,0.061,S3
FETCH,1762883548.100,44328,183,0.069,S3
FETCH,1762883548.130,44326,614,0.068,S3
FETCH,1762883548.139,44327,830,0.112,S3
FETCH,1762883548.139,44325,337,0.056,S3
FETCH,1762883548.151,44328,584,0.051,S3
FETCH,1762883548.191,44326,313,0.061,S3
FETCH,1762883548.202,44328,231,0.051,S3
FETCH,1762883548.208,44327,353,0.069,S3
FETCH,1762883548.247,44326,229,0.056,S3
FETCH,1762883548.270,44327,606,0.062,S3
FETCH,1762883548.282,44328,699,0.080,S3
FETCH,1762883548.282,44325,956,0.143,S3
FETCH,1762883548.312,44326,473,0.065,S3
FETCH,1762883548.334,44328,298,0.052,S3
FETCH,1762883548.334,44325,252,0.052,S3
FETCH,1762883548.350,44327,216,0.080,S3
FETCH,1762883548.381,44325,128,0.047,S3
FETCH,1762883548.387,44328,811,0.053,S3
FETCH,1762883548.430,44327,934,0.080,S3
FETCH,1762883548.430,44325,975,0.049,S3
FETCH,1762883548.454,44326,355,0.142,S3
FETCH,1762883548.475,44328,649,0.088,S3
FETCH,1762883548.491,44325,166,0.061,S3
FETCH,1762883548.523,44327,678,0.093,S3
FETCH,1762883548.523,44326,139,0.069,S3
FETCH,1762883548.530,44328,489,0.054,S3
FETCH,1762883548.535,44325,153,0.044,S3
FETCH,1762883548.580,44327,740,0.057,S3
FETCH,1762883548.586,44326,955,0.063,S3
FETCH,1762883548.586,44328,14,0.056,S3
FETCH,1762883548.589,44325,225,0.054,S3
FETCH,1762883548.651,44326,47,0.064,S3
FETCH,1762883548.651,44327,825,0.071,S3
FETCH,1762883548.664,44325,983,0.075,S3
FETCH,1762883548.667,44328,369,0.081,S3
PROCESS,1762883548.685,44316,100,85,960,236,555,586,357,749,217,295,376,1,338,110,405,95,753,237,87,656,289,516,240,851,686,221,719,683,848,737,993,450,671,913,103,92,66,730,853,75,34,618,992,625,423,717,135,667,332,982,544,538,55,105,147,296,350,72,482,132,688,742,477,949,417,785,490,26,159,980,172,171,498,25,778,200,615,834,347,865,340,48,212,876,932,574,119,343,940,847,884,348,812,692,106,693,77,140,814,583,162
FETCH,1762883548.706,44327,831,0.055,S3
FETCH,1762883548.730,44326,420,0.079,S3
FETCH,1762883548.748,44328,325,0.081,S3
FETCH,1762883548.777,44327,631,0.071,S3
FETCH,1762883548.781,44326,7,0.051,S3
FETCH,1762883548.781,44325,663,0.118,S3
FETCH,1762883548.799,44328,288,0.050,S3
FETCH,1762883548.843,44325,184,0.061,S3
FETCH,1762883548.847,44327,262,0.069,S3
FETCH,1762883548.859,44328,679,0.061,S3
FETCH,1762883548.866,44326,259,0.085,S3
FETCH,1762883548.904,44327,764,0.057,S3
FETCH,1762883548.945,44328,923,0.086,S3
FETCH,1762883548.953,44326,926,0.086,S3
PROCESS,1762883548.969,44316,100,669,845,471,287,101,181,784,191,319,273,197,933,336,972,214,149,680,51,82,805,920,598,701,121,718,928,150,204,176,23,194,836,799,17,245,157,772,152,852,750,733,496,74,27,292,731,634,887,458,256,238,331,481,529,454,559,577,844,16,682,869,880,399,571,247,643,552,941,315,54,958,230,891,365,702,363,828,601,226,199,612,738,850,440,271,859,29,573,351,335,62,439,761,136,435,84,506,860,73,209
FETCH,1762883548.974,44325,936,0.131,S3
FETCH,1762883549.007,44328,396,0.062,S3
FETCH,1762883549.015,44327,752,0.112,S3
FETCH,1762883549.017,44325,894,0.043,S3
FETCH,1762883549.031,44326,352,0.079,S3
FETCH,1762883549.068,44328,19,0.061,S3
FETCH,1762883549.068,44325,558,0.051,S3
FETCH,1762883549.094,44326,977,0.062,S3
FETCH,1762883549.094,44327,536,0.078,S3
FETCH,1762883549.122,44328,930,0.054,S3
FETCH,1762883549.127,44325,999,0.059,S3
FETCH,1762883549.168,44328,8,0.046,S3
FETCH,1762883549.182,44327,484,0.088,S3
FETCH,1762883549.192,44325,80,0.065,S3
PROCESS,1762883549.236,44316,100,773,112,56,587,302,269,263,442,210,918,685,886,437,846,751,470,39,534,448,875,867,371,299,910,816,504,154,947,213,257,241,455,144,566,160,290,969,745,316,422,270,532,881,67,870,580,311,421,434,360,258,207,897,964,59,397,640,411,609,223,330,33,88,623,148,857,635,519,908,102,590,786,765,491,117,756,986,911,775,264,146,578,710,366,141,151,324,951,824,483,832,500,700,307,390,608,921,401,684,709
FETCH,1762883549.239,44325,676,0.047,S3
FETCH,1762883549.246,44326,280,0.152,S3
FETCH,1762883549.251,44328,497,0.083,S3
FETCH,1762883549.279,44327,596,0.097,S3
FETCH,1762883549.292,44328,38,0.041,S3
FETCH,1762883549.308,44326,433,0.063,S3
FETCH,1762883549.311,44325,220,0.072,S3
FETCH,1762883549.340,44327,268,0.062,S3
FETCH,1762883549.344,44328,76,0.052,S3
FETCH,1762883549.361,44325,788,0.050,S3
FETCH,1762883549.386,44326,265,0.077,S3
FETCH,1762883549.422,44327,734,0.081,S3
FETCH,1762883549.425,44325,791,0.064,S3
FETCH,1762883549.433,44328,821,0.089,S3
FETCH,1762883549.457,44326,198,0.071,S3
FETCH,1762883549.494,44325,622,0.069,S3
FETCH,1762883549.507,44328,479,0.074,S3
FETCH,1762883549.507,44327,453,0.085,S3
FETCH,1762883549.537,44326,668,0.080,S3
FETCH,1762883549.554,44325,387,0.060,S3
FETCH,1762883549.565,44328,111,0.058,S3
FETCH,1762883549.569,44327,904,0.061,S3
FETCH,1762883549.607,44328,909,0.042,S3
FETCH,1762883549.617,44325,533,0.063,S3
FETCH,1762883549.662,44328,426,0.054,S3
FETCH,1762883549.668,44325,65,0.051,S3
FETCH,1762883549.669,44326,540,0.131,S3
FETCH,1762883549.698,44327,666,0.129,S3
FETCH,1762883549.721,44328,255,0.059,S3
FETCH,1762883549.728,44326,78,0.059,S3
FETCH,1762883549.763,44325,359,0.095,S3
FETCH,1762883549.794,44328,189,0.073,S3
FETCH,1762883549.798,44326,917,0.070,S3
FETCH,1762883549.815,44327,326,0.117,S3
FETCH,1762883549.854,44328,564,0.060,S3
FETCH,1762883549.867,44325,797,0.103,S3
FETCH,1762883549.878,44327,550,0.063,S3
FETCH,1762883549.881,44326,37,0.083,S3
FETCH,1762883549.916,44328,888,0.062,S3
FETCH,1762883549.940,44325,905,0.073,S3
FETCH,1762883549.946,44326,93,0.065,S3
FETCH,1762883549.967,44327,429,0.089,S3
FETCH,1762883550.004,44328,978,0.088,S3
FETCH,1762883550.013,44325,83,0.073,S3
FETCH,1762883550.044,44326,575,0.097,S3
FETCH,1762883550.053,44327,654,0.086,S3
FETCH,1762883550.076,44325,222,0.063,S3
FETCH,1762883550.086,44328,995,0.081,S3
FETCH,1762883550.134,44325,284,0.057,S3
FETCH,1762883550.140,44327,530,0.087,S3
FETCH,1762883550.140,44328,602,0.055,S3
FETCH,1762883550.189,44326,961,0.145,S3
FETCH,1762883550.204,44327,754,0.063,S3
FETCH,1762883550.205,44325,899,0.072,S3
FETCH,1762883550.253,44328,137,0.113,S3
FETCH,1762883550.275,44327,989,0.072,S3
FETCH,1762883550.296,44325,877,0.091,S3
FETCH,1762883550.300,44328,50,0.046,S3
FETCH,1762883550.309,44326,581,0.120,S3
FETCH,1762883550.338,44325,94,0.042,S3
FETCH,1762883550.382,44326,492,0.073,S3
FETCH,1762883550.392,44328,714,0.092,S3
FETCH,1762883550.399,44325,826,0.061,S3
FETCH,1762883550.399,44327,829,0.124,S3
FETCH,1762883550.454,44328,416,0.062,S3
FETCH,1762883550.463,44325,406,0.063,S3
FETCH,1762883550.463,44327,476,0.064,S3
FETCH,1762883550.486,44326,364,0.105,S3
FETCH,1762883550.512,44328,244,0.057,S3
FETCH,1762883550.554,44327,260,0.091,S3
FETCH,1762883550.560,44326,783,0.074,S3
FETCH,1762883550.575,44325,261,0.112,S3
FETCH,1762883550.610,44328,729,0.098,S3
FETCH,1762883550.624,44326,5,0.064,S3
FETCH,1762883550.635,44327,377,0.080,S3
FETCH,1762883550.672,44328,134,0.062,S3
FETCH,1762883550.681,44325,572,0.106,S3
FETCH,1762883550.688,44326,779,0.063,S3
FETCH,1762883550.705,44327,358,0.070,S3
FETCH,1762883550.726,44328,914,0.054,S3
FETCH,1762883550.745,44325,705,0.064,S3
FETCH,1762883550.781,44327,924,0.076,S3
FETCH,1762883550.785,44328,495,0.059,S3
FETCH,1762883550.788,44326,188,0.100,S3
FETCH,1762883550.798,44325,459,0.054,S3
FETCH,1762883550.834,44328,374,0.048,S3
FETCH,1762883550.848,44327,841,0.067,S3
FETCH,1762883550.855,44325,741,0.056,S3
FETCH,1762883550.855,44326,90,0.067,S3
FETCH,1762883550.903,44325,901,0.048,S3
FETCH,1762883550.912,44328,732,0.078,S3
FETCH,1762883550.923,44326,547,0.068,S3
FETCH,1762883550.982,44328,15,0.071,S3
FETCH,1762883550.987,44325,962,0.084,S3
FETCH,1762883550.995,44326,522,0.073,S3
FETCH,1762883551.001,44327,123,0.153,S3
FETCH,1762883551.043,44325,561,0.056,S3
FETCH,1762883551.073,44326,795,0.077,S3
FETCH,1762883551.076,44327,687,0.075,S3
FETCH,1762883551.098,44328,849,0.115,S3
FETCH,1762883551.103,44325,393,0.059,S3
FETCH,1762883551.151,44327,998,0.075,S3
FETCH,1762883551.161,44328,195,0.063,S3
FETCH,1762883551.161,44325,624,0.058,S3
FETCH,1762883551.184,44326,460,0.111,S3
FETCH,1762883551.228,44328,652,0.068,S3
FETCH,1762883551.231,44325,704,0.070,S3
FETCH,1762883551.244,44327,211,0.093,S3
FETCH,1762883551.257,44326,748,0.072,S3
FETCH,1762883551.284,44328,392,0.055,S3
FETCH,1762883551.300,44325,789,0.069,S3
FETCH,1762883551.314,44327,427,0.069,S3
FETCH,1762883551.327,44326,774,0.071,S3
FETCH,1762883551.346,44328,641,0.062,S3
FETCH,1762883551.382,44326,178,0.054,S3
FETCH,1762883551.389,44327,744,0.075,S3
FETCH,1762883551.410,44328,286,0.064,S3
FETCH,1762883551.412,44325,553,0.112,S3
FETCH,1762883551.438,44326,192,0.056,S3
FETCH,1762883551.467,44328,698,0.058,S3
FETCH,1762883551.467,44327,318,0.079,S3
FETCH,1762883551.489,44325,58,0.078,S3
FETCH,1762883551.514,44326,63,0.076,S3
FETCH,1762883551.567,44328,712,0.100,S3
FETCH,1762883551.567,44327,2,0.100,S3
FETCH,1762883551.584,44325,855,0.095,S3
FETCH,1762883551.598,44326,234,0.084,S3
FETCH,1762883551.624,44328,4,0.057,S3
FETCH,1762883551.634,44325,12,0.049,S3
FETCH,1762883551.636,44327,556,0.069,S3
FETCH,1762883551.682,44328,840,0.058,S3
FETCH,1762883551.696,44327,133,0.060,S3
FETCH,1762883551.703,44325,942,0.069,S3
FETCH,1762883551.744,44326,695,0.145,S3
FETCH,1762883551.761,44328,21,0.079,S3
FETCH,1762883551.761,44325,35,0.059,S3
FETCH,1762883551.814,44326,638,0.070,S3
FETCH,1762883551.842,44327,60,0.146,S3
FETCH,1762883551.842,44328,425,0.081,S3
FETCH,1762883551.853,44325,994,0.091,S3
FETCH,1762883551.882,44326,716,0.068,S3
FETCH,1762883551.891,44328,549,0.049,S3
FETCH,1762883551.932,44325,873,0.079,S3
FETCH,1762883551.932,44327,243,0.090,S3
FETCH,1762883551.945,44328,323,0.054,S3
FETCH,1762883551.968,44326,617,0.085,S3
FETCH,1762883552.000,44328,628,0.055,S3
FETCH,1762883552.008,44327,462,0.076,S3
FETCH,1762883552.015,44325,521,0.083,S3
FETCH,1762883552.066,44328,973,0.066,S3
FETCH,1762883552.066,44326,607,0.099,S3
FETCH,1762883552.074,44325,723,0.059,S3
FETCH,1762883552.083,44327,546,0.075,S3
FETCH,1762883552.126,44325,931,0.051,S3
FETCH,1762883552.126,44328,6,0.059,S3
FETCH,1762883552.127,44326,863,0.060,S3
FETCH,1762883552.179,44328,954,0.053,S3
FETCH,1762883552.179,44325,674,0.053,S3
FETCH,1762883552.184,44327,96,0.100,S3
FETCH,1762883552.202,44326,398,0.075,S3
FETCH,1762883552.221,44325,759,0.042,S3
FETCH,1762883552.227,44328,576,0.048,S3
FETCH,1762883552.268,44326,32,0.066,S3
FETCH,1762883552.273,44327,219,0.089,S3
FETCH,1762883552.278,44325,388,0.057,S3
FETCH,1762883552.280,44328,610,0.053,S3
FETCH,1762883552.327,44325,945,0.050,S3
FETCH,1762883552.330,44328,935,0.050,S3
FETCH,1762883552.335,44326,592,0.067,S3
FETCH,1762883552.362,44327,807,0.089,S3
FETCH,1762883552.384,44328,620,0.054,S3
FETCH,1762883552.404,44326,306,0.070,S3
FETCH,1762883552.419,44325,98,0.091,S3
FETCH,1762883552.428,44327,658,0.065,S3
FETCH,1762883552.442,44328,957,0.058,S3
FETCH,1762883552.458,44326,165,0.053,S3
FETCH,1762883552.465,44325,283,0.046,S3
FETCH,1762883552.511,44328,127,0.069,S3
FETCH,1762883552.512,44325,131,0.046,S3
FETCH,1762883552.520,44326,277,0.062,S3
FETCH,1762883552.520,44327,593,0.092,S3
FETCH,1762883552.570,44325,542,0.059,S3
FETCH,1762883552.580,44327,895,0.060,S3
FETCH,1762883552.585,44326,520,0.065,S3
FETCH,1762883552.590,44328,418,0.079,S3
FETCH,1762883552.657,44328,665,0.067,S3
FETCH,1762883552.657,44326,743,0.072,S3
FETCH,1762883552.657,44325,822,0.086,S3
FETCH,1762883552.715,44325,727,0.058,S3
FETCH,1762883552.716,44328,939,0.059,S3
FETCH,1762883552.725,44326,242,0.069,S3
FETCH,1762883552.726,44327,996,0.146,S3
FETCH,1762883552.774,44328,776,0.058,S3
FETCH,1762883552.800,44326,232,0.075,S3
FETCH,1762883552.805,44325,782,0.090,S3
FETCH,1762883552.815,44327,145,0.089,S3
FETCH,1762883552.831,44328,662,0.057,S3
FETCH,1762883552.861,44325,837,0.056,S3
FETCH,1762883552.885,44328,10,0.054,S3
FETCH,1762883552.886,44327,143,0.071,S3
FETCH,1762883552.900,44326,878,0.099,S3
FETCH,1762883552.932,44328,272,0.047,S3
FETCH,1762883552.933,44325,889,0.072,S3
FETCH,1762883552.963,44326,883,0.064,S3
FETCH,1762883552.982,44328,997,0.050,S3
FETCH,1762883552.990,44325,505,0.057,S3
FETCH,1762883553.003,44327,304,0.117,S3
FETCH,1762883553.028,44326,452,0.065,S3
FETCH,1762883553.030,44328,69,0.048,S3
FETCH,1762883553.045,44325,512,0.055,S3
FETCH,1762883553.068,44327,509,0.065,S3
FETCH,1762883553.088,44326,817,0.059,S3
FETCH,1762883553.099,44328,71,0.069,S3
FETCH,1762883553.113,44325,41,0.068,S3
FETCH,1762883553.138,44327,589,0.070,S3
FETCH,1762883553.156,44326,599,0.068,S3
FETCH,1762883553.170,44325,780,0.057,S3
FETCH,1762883553.191,44328,472,0.091,S3
FETCH,1762883553.199,44327,562,0.061,S3
FETCH,1762883553.238,44325,508,0.068,S3
FETCH,1762883553.251,44326,382,0.094,S3
FETCH,1762883553.254,44328,827,0.063,S3
FETCH,1762883553.262,44327,208,0.064,S3
FETCH,1762883553.284,44325,916,0.045,S3
FETCH,1762883553.309,44328,518,0.055,S3
FETCH,1762883553.321,44327,321,0.058,S3
FETCH,1762883553.363,44328,726,0.053,S3
FETCH,1762883553.371,44326,203,0.120,S3
FETCH,1762883553.371,44325,339,0.087,S3
FETCH,1762883553.384,44327,196,0.063,S3
FETCH,1762883553.431,44326,419,0.060,S3
FETCH,1762883553.431,44328,253,0.068,S3
FETCH,1762883553.438,44325,793,0.067,S3
FETCH,1762883553.479,44327,251,0.095,S3
FETCH,1762883553.490,44328,736,0.058,S3
FETCH,1762883553.504,44325,762,0.066,S3
FETCH,1762883553.504,44326,389,0.073,S3
FETCH,1762883553.541,44328,386,0.051,S3
FETCH,1762883553.550,44327,407,0.071,S3
FETCH,1762883553.567,44326,457,0.063,S3
FETCH,1762883553.574,44325,228,0.070,S3
FETCH,1762883553.593,44328,644,0.052,S3
FETCH,1762883553.610,44327,597,0.060,S3
FETCH,1762883553.644,44326,856,0.077,S3
FETCH,1762883553.665,44328,721,0.072,S3
FETCH,1762883553.683,44327,173,0.073,S3
FETCH,1762883553.713,44326,808,0.069,S3
FETCH,1762883553.725,44328,138,0.060,S3
FETCH,1762883553.725,44325,715,0.151,S3
FETCH,1762883553.785,44327,535,0.101,S3
FETCH,1762883553.785,44326,554,0.072,S3
FETCH,1762883553.802,44325,201,0.077,S3
FETCH,1762883553.853,44327,309,0.069,S3
FETCH,1762883553.861,44328,3,0.136,S3
FETCH,1762883553.889,44325,570,0.086,S3
FETCH,1762883553.935,44325,57,0.046,S3
FETCH,1762883553.950,44328,81,0.088,S3
FETCH,1762883553.960,44327,515,0.106,S3
FETCH,1762883553.961,44326,713,0.176,S3
FETCH,1762883554.011,44325,579,0.076,S3
FETCH,1762883554.013,44326,447,0.052,S3
FETCH,1762883554.048,44327,64,0.088,S3
FETCH,1762883554.053,44328,868,0.104,S3
FETCH,1762883554.066,44326,798,0.053,S3
FETCH,1762883554.067,44325,456,0.055,S3
FETCH,1762883554.117,44325,475,0.051,S3
FETCH,1762883554.126,44327,161,0.078,S3
FETCH,1762883554.128,44326,378,0.062,S3
FETCH,1762883554.189,44325,929,0.071,S3
PROCESS,1762883554.194,44316,100,179,125,334,861,113,18,968,322,361,61,385,337,956,252,128,975,166,153,225,983,663,184,936,894,558,999,80,676,220,788,791,622,387,533,65,359,797,905,83,222,284,899,877,94,826,406,261,572,705,459,741,901,962,561,393,624,704,789,553,58,855,12,942,35,994,873,521,723,931,674,759,388,945,98,283,131,542,822,727,782,837,889,505,512,41,780,508,916,339,793,762,228,715,201,570,57,579,456,475,929
FETCH,1762883554.195,44326,984,0.067,S3
FETCH,1762883554.201,44327,626,0.075,S3
FETCH,1762883554.208,44328,333,0.154,S3
FETCH,1762883554.297,44326,126,0.102,S3
FETCH,1762883554.309,44327,690,0.109,S3
FETCH,1762883554.310,44328,114,0.102,S3
FETCH,1762883554.365,44325,108,0.174,S3
FETCH,1762883554.367,44328,267,0.058,S3
FETCH,1762883554.379,44327,120,0.070,S3
FETCH,1762883554.396,44326,735,0.099,S3
FETCH,1762883554.422,44328,543,0.054,S3
FETCH,1762883554.424,44325,720,0.059,S3
FETCH,1762883554.457,44326,892,0.061,S3
FETCH,1762883554.492,44327,122,0.112,S3
FETCH,1762883554.492,44325,354,0.068,S3
FETCH,1762883554.519,44326,616,0.062,S3
FETCH,1762883554.534,44328,725,0.112,S3
FETCH,1762883554.549,44325,182,0.057,S3
FETCH,1762883554.624,44325,303,0.075,S3
FETCH,1762883554.636,44327,569,0.144,S3
FETCH,1762883554.657,44326,501,0.138,S3
FETCH,1762883554.713,44327,818,0.077,S3
FETCH,1762883554.744,44326,446,0.087,S3
FETCH,1762883554.760,44325,239,0.136,S3
FETCH,1762883554.778,44327,341,0.065,S3
FETCH,1762883554.818,44325,328,0.058,S3
FETCH,1762883554.880,44325,722,0.062,S3
FETCH,1762883554.887,44326,342,0.143,S3
FETCH,1762883554.952,44327,766,0.174,S3
FETCH,1762883554.999,44325,545,0.119,S3
FETCH,1762883555.007,44326,991,0.119,S3
FETCH,1762883555.035,44327,412,0.083,S3
FETCH,1762883555.082,44326,22,0.075,S3
FETCH,1762883555.105,44327,591,0.070,S3
FETCH,1762883555.127,44325,642,0.128,S3
FETCH,1762883555.161,44326,803,0.079,S3
FETCH,1762883555.169,44327,409,0.063,S3
FETCH,1762883555.210,44325,655,0.082,S3
FETCH,1762883555.238,44326,164,0.077,S3
FETCH,1762883555.258,44327,180,0.090,S3
FETCH,1762883555.327,44325,190,0.117,S3
FETCH,1762883555.331,44327,395,0.073,S3
FETCH,1762883555.333,44326,99,0.094,S3
PROCESS,1762883555.339,44316,100,249,294,944,30,560,746,68,842,250,527,614,313,229,473,355,139,955,47,420,7,259,926,352,977,280,433,265,198,668,540,78,917,37,93,575,961,581,492,364,783,5,779,188,90,547,522,795,460,748,774,178,192,63,234,695,638,716,617,607,863,398,32,592,306,165,277,520,743,242,232,878,883,452,817,599,382,203,419,389,457,856,808,554,713,447,798,378,984,126,735,892,616,501,446,342,991,22,803,164,99
FETCH,1762883555.398,44325,436,0.071,S3
FETCH,1762883555.455,44327,864,0.124,S3
FETCH,1762883555.455,44325,903,0.057,S3
FETCH,1762883555.512,44325,291,0.058,S3
FETCH,1762883555.539,44327,329,0.084,S3
FETCH,1762883555.539,44326,604,0.203,S3
FETCH,1762883555.591,44326,768,0.052,S3
FETCH,1762883555.591,44325,507,0.079,S3
FETCH,1762883555.639,44327,525,0.100,S3
FETCH,1762883555.649,44325,813,0.058,S3
FETCH,1762883555.678,44326,833,0.087,S3
FETCH,1762883555.723,44327,130,0.084,S3
FETCH,1762883555.727,44325,760,0.078,S3
FETCH,1762883555.732,44326,344,0.054,S3
FETCH,1762883555.787,44326,468,0.056,S3
FETCH,1762883555.788,44327,175,0.065,S3
FETCH,1762883555.799,44325,408,0.072,S3
FETCH,1762883555.860,44325,619,0.061,S3
FETCH,1762883555.860,44326,502,0.072,S3
FETCH,1762883555.862,44327,653,0.075,S3
FETCH,1762883555.924,44326,49,0.064,S3
FETCH,1762883555.924,44325,233,0.064,S3
FETCH,1762883555.952,44327,531,0.089,S3
PROCESS,1762883555.957,44316,100,375,621,40,158,129,301,830,353,606,216,934,678,740,825,831,631,262,764,752,536,484,596,268,734,453,904,666,326,550,429,654,530,754,989,829,476,260,377,358,924,841,123,687,998,211,427,744,318,2,556,133,60,243,462,546,96,219,807,658,593,895,996,145,143,304,509,589,562,208,321,196,251,407,597,173,535,309,515,64,161,626,690,120,122,569,818,341,766,412,591,409,180,395,864,329,525,130,175,653,531
FETCH,1762883555.994,44325,879,0.070,S3
FETCH,1762883556.009,44326,480,0.084,S3
FETCH,1762883556.072,44325,694,0.077,S3
FETCH,1762883556.090,44326,651,0.082,S3
FETCH,1762883556.131,44325,285,0.059,S3
FETCH,1762883556.143,44326,91,0.053,S3
FETCH,1762883556.202,44325,224,0.071,S3
FETCH,1762883556.202,44326,802,0.059,S3
PROCESS,1762883556.221,44316,100,42,912,675,183,584,231,699,298,811,649,489,14,369,325,288,679,923,396,19,930,8,497,38,76,821,479,111,909,426,255,189,564,888,978,995,602,137,50,714,416,244,729,134,914,495,374,732,15,849,195,652,392,641,286,698,712,4,840,21,425,549,323,628,973,6,954,576,610,935,620,957,127,418,665,939,776,662,10,272,997,69,71,472,827,518,726,253,736,386,644,721,138,3,81,868,333,114,267,543,725
FETCH,1762883556.252,44325,595,0.050,S3
FETCH,1762883556.262,44326,902,0.060,S3
FETCH,1762883556.312,44325,394,0.060,S3
FETCH,1762883556.323,44326,724,0.061,S3
FETCH,1762883556.368,44325,402,0.056,S3
FETCH,1762883556.381,44326,163,0.058,S3
FETCH,1762883556.421,44325,517,0.053,S3
FETCH,1762883556.477,44325,767,0.056,S3
FETCH,1762883556.484,44326,691,0.103,S3
FETCH,1762883556.540,44326,368,0.055,S3
FETCH,1762883556.567,44325,757,0.090,S3
FETCH,1762883556.594,44326,637,0.054,S3
FETCH,1762883556.650,44325,985,0.083,S3
FETCH,1762883556.676,44326,697,0.082,S3
FETCH,1762883556.729,44325,53,0.078,S3
FETCH,1762883556.746,44326,11,0.070,S3
FETCH,1762883556.784,44325,770,0.056,S3
FETCH,1762883556.821,44326,246,0.074,S3
FETCH,1762883556.837,44325,664,0.052,S3
FETCH,1762883556.888,44325,871,0.051,S3
FETCH,1762883556.950,44326,523,0.129,S3
FETCH,1762883556.972,44325,739,0.084,S3
FETCH,1762883557.006,44326,771,0.056,S3
FETCH,1762883557.079,44326,513,0.072,S3
FETCH,1762883557.100,44325,890,0.128,S3
FETCH,1762883557.160,44325,809,0.060,S3
FETCH,1762883557.170,44326,967,0.091,S3
FETCH,1762883557.209,44325,950,0.049,S3
FETCH,1762883557.224,44326,384,0.054,S3
FETCH,1762883557.309,44326,953,0.086,S3
FETCH,1762883557.310,44325,906,0.100,S3
FETCH,1762883557.378,44326,443,0.069,S3
FETCH,1762883557.382,44325,605,0.072,S3
FETCH,1762883557.441,44326,777,0.063,S3
FETCH,1762883557.444,44325,787,0.062,S3
FETCH,1762883557.507,44326,588,0.066,S3
FETCH,1762883557.585,44326,486,0.077,S3
FETCH,1762883557.593,44325,646,0.149,S3
FETCH,1762883557.653,44326,981,0.067,S3
FETCH,1762883557.660,44325,24,0.067,S3
FETCH,1762883557.733,44326,970,0.081,S3
FETCH,1762883557.753,44325,820,0.093,S3
FETCH,1762883557.832,44326,703,0.098,S3
FETCH,1762883557.863,44325,320,0.109,S3
FETCH,1762883557.913,44325,362,0.050,S3
FETCH,1762883557.966,44325,510,0.053,S3
FETCH,1762883557.991,44326,109,0.158,S3
FETCH,1762883558.019,44325,0,0.053,S3
FETCH,1762883558.084,44326,383,0.093,S3
FETCH,1762883558.084,44325,279,0.065,S3
FETCH,1762883558.144,44326,907,0.060,S3
FETCH,1762883558.145,44325,312,0.061,S3
FETCH,1762883558.219,44325,689,0.073,S3
FETCH,1762883558.235,44326,707,0.091,S3
FETCH,1762883558.291,44325,52,0.072,S3
FETCH,1762883558.297,44326,215,0.063,S3
FETCH,1762883558.353,44325,79,0.062,S3
FETCH,1762883558.358,44326,356,0.060,S3
FETCH,1762883558.413,44325,582,0.060,S3
FETCH,1762883558.420,44326,925,0.062,S3
FETCH,1762883558.476,44325,414,0.063,S3
FETCH,1762883558.515,44326,937,0.095,S3
FETCH,1762883558.553,44325,449,0.077,S3
FETCH,1762883558.600,44326,810,0.085,S3
FETCH,1762883558.622,44325,367,0.069,S3
FETCH,1762883558.678,44325,858,0.055,S3
FETCH,1762883558.695,44326,882,0.096,S3
FETCH,1762883558.718,44325,943,0.040,S3
FETCH,1762883558.762,44326,927,0.067,S3
FETCH,1762883558.770,44325,585,0.051,S3
FETCH,1762883558.817,44326,806,0.054,S3
FETCH,1762883558.833,44325,514,0.063,S3
FETCH,1762883558.888,44325,89,0.055,S3
FETCH,1762883558.938,44326,503,0.121,S3
FETCH,1762883558.951,44325,898,0.062,S3
FETCH,1762883559.000,44325,866,0.050,S3
FETCH,1762883559.012,44326,70,0.074,S3
FETCH,1762883559.081,44325,603,0.081,S3
FETCH,1762883559.127,44326,413,0.115,S3
FETCH,1762883559.189,44325,465,0.107,S3
FETCH,1762883559.203,44326,31,0.075,S3
FETCH,1762883559.270,44326,647,0.067,S3
FETCH,1762883559.294,44325,563,0.105,S3
FETCH,1762883559.325,44326,627,0.055,S3
FETCH,1762883559.361,44325,206,0.067,S3
FETCH,1762883559.410,44326,86,0.085,S3
FETCH,1762883559.410,44325,174,0.049,S3
FETCH,1762883559.467,44326,327,0.056,S3
FETCH,1762883559.526,44325,672,0.115,S3
FETCH,1762883559.526,44326,100,0.059,S3
FETCH,1762883559.600,44325,650,0.074,S3
FETCH,1762883559.600,44326,403,0.074,S3
FETCH,1762883559.652,44325,900,0.052,S3
FETCH,1762883559.756,44325,370,0.104,S3
FETCH,1762883559.795,44326,202,0.195,S3
FETCH,1762883559.816,44325,711,0.060,S3
FETCH,1762883559.854,44326,979,0.059,S3
FETCH,1762883559.914,44325,254,0.097,S3
FETCH,1762883559.933,44326,107,0.080,S3
FETCH,1762883559.971,44325,537,0.057,S3
FETCH,1762883560.010,44326,430,0.076,S3
FETCH,1762883560.051,44325,633,0.080,S3
FETCH,1762883560.080,44326,36,0.070,S3
FETCH,1762883560.124,44325,43,0.073,S3
FETCH,1762883560.146,44326,444,0.066,S3
FETCH,1762883560.193,44325,613,0.069,S3
FETCH,1762883560.223,44326,300,0.077,S3
FETCH,1762883560.306,44326,464,0.083,S3
FETCH,1762883560.314,44325,488,0.121,S3
FETCH,1762883560.364,44326,660,0.057,S3
FETCH,1762883560.416,44325,142,0.102,S3
FETCH,1762883560.439,44326,862,0.076,S3
FETCH,1762883560.485,44325,843,0.069,S3
FETCH,1762883560.498,44326,636,0.059,S3
FETCH,1762883560.543,44325,266,0.058,S3
FETCH,1762883560.569,44326,227,0.071,S3
FETCH,1762883560.627,44325,46,0.084,S3
FETCH,1762883560.664,44326,381,0.094,S3
FETCH,1762883560.687,44325,168,0.060,S3
FETCH,1762883560.728,44326,922,0.064,S3
FETCH,1762883560.770,44325,763,0.084,S3
FETCH,1762883560.791,44326,410,0.063,S3
FETCH,1762883560.836,44325,349,0.066,S3
FETCH,1762883560.849,44326,629,0.058,S3
FETCH,1762883560.896,44325,915,0.060,S3
FETCH,1762883560.977,44326,451,0.128,S3
FETCH,1762883561.001,44325,541,0.106,S3
FETCH,1762883561.027,44326,872,0.050,S3
FETCH,1762883561.053,44325,20,0.052,S3
FETCH,1762883561.081,44326,990,0.054,S3
FETCH,1762883561.124,44325,708,0.071,S3
FETCH,1762883561.151,44326,275,0.070,S3
FETCH,1762883561.187,44325,952,0.062,S3
FETCH,1762883561.202,44326,539,0.050,S3
FETCH,1762883561.246,44325,97,0.059,S3
FETCH,1762883561.278,44326,645,0.076,S3
FETCH,1762883561.297,44325,526,0.051,S3
FETCH,1762883561.336,44326,769,0.058,S3
FETCH,1762883561.364,44325,966,0.067,S3
FETCH,1762883561.389,44326,511,0.053,S3
FETCH,1762883561.436,44326,156,0.047,S3
FETCH,1762883561.526,44325,548,0.161,S3
FETCH,1762883561.526,44326,193,0.090,S3
FETCH,1762883561.595,44326,728,0.068,S3
FETCH,1762883561.603,44325,45,0.077,S3
FETCH,1762883561.657,44326,432,0.062,S3
FETCH,1762883561.674,44325,988,0.071,S3
PROCESS,1762883561.679,44316,100,108,720,354,182,303,239,328,722,545,642,655,190,436,903,291,507,813,760,408,619,233,879,694,285,224,595,394,402,517,767,757,985,53,770,664,871,739,890,809,950,906,605,787,646,24,820,320,362,510,0,279,312,689,52,79,582,414,449,367,858,943,585,514,89,898,866,603,465,563,206,174,672,650,900,370,711,254,537,633,43,613,488,142,843,266,46,168,763,349,915,541,20,708,952,97,526,966,548,45,988
FETCH,1762883561.768,44326,28,0.111,S3
FETCH,1762883561.876,44326,963,0.107,S3
FETCH,1762883561.956,44326,696,0.080,S3
FETCH,1762883562.010,44326,274,0.054,S3
FETCH,1762883562.069,44326,747,0.060,S3
FETCH,1762883562.137,44326,205,0.068,S3
FETCH,1762883562.217,44326,557,0.080,S3
FETCH,1762883562.276,44326,167,0.058,S3
FETCH,1762883562.358,44326,310,0.083,S3
FETCH,1762883562.491,44326,632,0.132,S3
FETCH,1762883562.557,44326,565,0.066,S3
FETCH,1762883562.614,44326,469,0.057,S3
FETCH,1762883562.672,44326,104,0.058,S3
FETCH,1762883562.764,44326,974,0.092,S3
FETCH,1762883562.866,44326,445,0.102,S3
FETCH,1762883562.937,44326,594,0.071,S3
FETCH,1762883563.004,44326,790,0.067,S3
PROCESS,1762883563.009,44316,100,604,768,833,344,468,502,49,480,651,91,802,902,724,163,691,368,637,697,11,246,523,771,513,967,384,953,443,777,588,486,981,970,703,109,383,907,707,215,356,925,937,810,882,927,806,503,70,413,31,647,627,86,327,100,403,202,979,107,430,36,444,300,464,660,862,636,227,381,922,410,629,451,872,990,275,539,645,769,511,156,193,728,432,28,963,696,274,747,205,557,167,310,632,565,469,104,974,445,594,790
FETCH,1762883563.304,44326,933,0.001,SSD
FETCH,1762883563.304,44325,927,0.001,SSD
FETCH,1762883563.305,44326,593,0.000,RAM
FETCH,1762883563.305,44326,212,0.000,RAM
FETCH,1762883563.305,44325,902,0.000,RAM
FETCH,1762883563.305,44326,66,0.000,RAM
FETCH,1762883563.305,44325,456,0.000,RAM
FETCH,1762883563.305,44327,742,0.002,SSD
FETCH,1762883563.305,44325,792,0.000,RAM
FETCH,1762883563.305,44326,508,0.000,RAM
FETCH,1762883563.305,44328,940,0.002,SSD
FETCH,1762883563.305,44327,650,0.000,RAM
FETCH,1762883563.306,44325,14,0.000,RAM
FETCH,1762883563.306,44326,822,0.000,RAM
FETCH,1762883563.306,44326,432,0.000,RAM
FETCH,1762883563.306,44328,453,0.001,RAM
FETCH,1762883563.306,44325,229,0.001,RAM
FETCH,1762883563.306,44327,590,0.001,RAM
FETCH,1762883563.307,44326,44,0.001,RAM
FETCH,1762883563.307,44325,247,0.001,RAM
FETCH,1762883563.307,44328,720,0.001,RAM
FETCH,1762883563.307,44326,374,0.000,RAM
FETCH,1762883563.307,44325,480,0.000,RAM
FETCH,1762883563.307,44327,665,0.001,RAM
FETCH,1762883563.307,44326,482,0.000,RAM
FETCH,1762883563.308,44325,805,0.001,RAM
FETCH,1762883563.308,44326,548,0.000,RAM
FETCH,1762883563.308,44327,540,0.001,RAM
FETCH,1762883563.308,44328,385,0.001,SSD
FETCH,1762883563.309,44326,110,0.000,RAM
FETCH,1762883563.309,44325,363,0.001,RAM
FETCH,1762883563.309,44326,557,0.000,RAM
FETCH,1762883563.309,44326,974,0.000,RAM
FETCH,1762883563.309,44327,220,0.001,RAM
FETCH,1762883563.309,44325,660,0.000,RAM
FETCH,1762883563.309,44328,13,0.001,RAM
FETCH,1762883563.309,44326,188,0.000,RAM
FETCH,1762883563.309,44326,417,0.000,RAM
FETCH,1762883563.310,44327,762,0.000,RAM
FETCH,1762883563.310,44325,811,0.001,RAM
FETCH,1762883563.310,44326,987,0.000,RAM
FETCH,1762883563.310,44328,586,0.001,RAM
FETCH,1762883563.310,44327,625,0.000,RAM
FETCH,1762883563.310,44325,504,0.000,RAM
FETCH,1762883563.310,44326,714,0.000,RAM
FETCH,1762883563.311,44327,736,0.000,RAM
FETCH,1762883563.311,44325,746,0.000,RAM
FETCH,1762883563.311,44328,889,0.001,RAM
FETCH,1762883563.311,44325,966,0.000,RAM
FETCH,1762883563.311,44325,153,0.000,RAM
FETCH,1762883563.311,44326,499,0.001,RAM
FETCH,1762883563.311,44327,384,0.001,RAM
FETCH,1762883563.311,44326,522,0.000,RAM
FETCH,1762883563.311,44328,960,0.001,RAM
FETCH,1762883563.311,44326,413,0.000,RAM
FETCH,1762883563.311,44325,743,0.000,RAM
FETCH,1762883563.312,44327,518,0.000,RAM
FETCH,1762883563.312,44325,595,0.000,RAM
FETCH,1762883563.312,44326,891,0.001,RAM
FETCH,1762883563.312,44328,760,0.001,RAM
FETCH,1762883563.312,44325,46,0.000,RAM
FETCH,1762883563.312,44327,56,0.000,RAM
FETCH,1762883563.312,44325,45,0.000,RAM
FETCH,1762883563.313,44327,682,0.000,RAM
FETCH,1762883563.313,44325,300,0.000,RAM
FETCH,1762883563.314,44326,394,0.002,SSD
FETCH,1762883563.314,44328,524,0.002,SSD
FETCH,1762883563.314,44325,876,0.001,SSD
FETCH,1762883563.314,44327,724,0.002,SSD
FETCH,1762883563.314,44326,333,0.001,RAM
FETCH,1762883563.315,44325,250,0.000,RAM
FETCH,1762883563.315,44328,734,0.001,RAM
FETCH,1762883563.315,44327,539,0.000,RAM
FETCH,1762883563.315,44325,723,0.000,RAM
FETCH,1762883563.315,44327,136,0.000,RAM
FETCH,1762883563.315,44326,133,0.000,RAM
FETCH,1762883563.315,44328,296,0.000,RAM
FETCH,1762883563.315,44325,448,0.000,RAM
FETCH,1762883563.315,44327,832,0.000,RAM
FETCH,1762883563.315,44326,474,0.000,RAM
FETCH,1762883563.315,44328,63,0.000,RAM
FETCH,1762883563.316,44326,237,0.000,RAM
FETCH,1762883563.316,44325,277,0.000,RAM
FETCH,1762883563.316,44327,572,0.000,RAM
FETCH,1762883563.316,44325,705,0.000,RAM
FETCH,1762883563.316,44326,971,0.000,RAM
FETCH,1762883563.316,44328,128,0.001,RAM
FETCH,1762883563.316,44325,42,0.000,RAM
FETCH,1762883563.316,44326,918,0.000,RAM
FETCH,1762883563.317,44327,583,0.001,RAM
FETCH,1762883563.317,44328,883,0.000,RAM
FETCH,1762883563.317,44326,26,0.000,RAM
FETCH,1762883563.317,44325,49,0.000,RAM
FETCH,1762883563.317,44326,171,0.000,RAM
FETCH,1762883563.317,44327,402,0.000,RAM
FETCH,1762883563.317,44325,679,0.000,RAM
FETCH,1762883563.317,44328,334,0.001,RAM
FETCH,1762883563.317,44326,941,0.000,RAM
FETCH,1762883563.317,44325,872,0.000,RAM
FETCH,1762883563.318,44327,803,0.000,RAM
FETCH,1762883563.318,44325,976,0.000,RAM
FETCH,1762883563.318,44328,320,0.001,RAM
FETCH,1762883563.318,44327,546,0.000,RAM
FETCH,1762883563.318,44326,24,0.001,RAM
FETCH,1762883563.318,44327,509,0.000,RAM
FETCH,1762883563.318,44325,500,0.001,RAM
FETCH,1762883563.318,44328,221,0.001,RAM
FETCH,1762883563.319,44326,571,0.000,RAM
FETCH,1762883563.319,44328,900,0.000,RAM
FETCH,1762883563.319,44325,204,0.000,RAM
FETCH,1762883563.319,44328,146,0.000,RAM
FETCH,1762883563.319,44325,567,0.000,RAM
FETCH,1762883563.319,44326,561,0.000,RAM
FETCH,1762883563.319,44327,632,0.001,SSD
FETCH,1762883563.320,44326,145,0.001,RAM
FETCH,1762883563.320,44327,699,0.000,RAM
FETCH,1762883563.320,44325,875,0.001,RAM
FETCH,1762883563.320,44328,741,0.001,SSD
FETCH,1762883563.320,44327,633,0.000,RAM
FETCH,1762883563.320,44326,718,0.000,RAM
FETCH,1762883563.320,44325,304,0.000,RAM
FETCH,1762883563.320,44325,965,0.000,RAM
FETCH,1762883563.321,44327,486,0.000,RAM
FETCH,1762883563.321,44328,85,0.001,RAM
FETCH,1762883563.321,44326,669,0.001,RAM
FETCH,1762883563.321,44325,691,0.000,RAM
FETCH,1762883563.321,44327,675,0.000,RAM
FETCH,1762883563.321,44325,449,0.000,RAM
FETCH,1762883563.321,44328,198,0.000,RAM
FETCH,1762883563.321,44326,479,0.000,RAM
FETCH,1762883563.321,44327,780,0.000,RAM
FETCH,1762883563.321,44326,249,0.000,RAM
FETCH,1762883563.322,44325,148,0.000,RAM
FETCH,1762883563.322,44328,352,0.000,RAM
FETCH,1762883563.322,44326,523,0.000,RAM
FETCH,1762883563.322,44327,317,0.000,RAM
FETCH,1762883563.322,44326,119,0.000,RAM
FETCH,1762883563.322,44327,754,0.000,RAM
FETCH,1762883563.322,44328,716,0.000,RAM
FETCH,1762883563.322,44325,690,0.000,RAM
FETCH,1762883563.322,44326,102,0.000,RAM
FETCH,1762883563.322,44327,381,0.000,RAM
FETCH,1762883563.322,44326,447,0.000,RAM
FETCH,1762883563.323,44325,680,0.000,RAM
FETCH,1762883563.323,44328,354,0.001,RAM
FETCH,1762883563.323,44327,700,0.000,RAM
FETCH,1762883563.323,44326,210,0.000,RAM
FETCH,1762883563.323,44325,616,0.000,RAM
FETCH,1762883563.323,44328,408,0.000,RAM
FETCH,1762883563.323,44326,930,0.000,RAM
FETCH,1762883563.323,44325,308,0.000,RAM
FETCH,1762883563.323,44327,151,0.000,RAM
FETCH,1762883563.323,44325,387,0.000,RAM
FETCH,1762883563.323,44326,273,0.000,RAM
FETCH,1762883563.324,44325,469,0.000,RAM
FETCH,1762883563.324,44328,657,0.001,RAM
FETCH,1762883563.324,44326,513,0.000,RAM
FETCH,1762883563.324,44327,980,0.000,RAM
FETCH,1762883563.324,44325,368,0.000,RAM
FETCH,1762883563.324,44326,698,0.000,RAM
FETCH,1762883563.324,44328,105,0.000,RAM
FETCH,1762883563.324,44325,568,0.000,RAM
FETCH,1762883563.324,44327,264,0.001,RAM
FETCH,1762883563.324,44326,318,0.000,RAM
FETCH,1762883563.325,44326,932,0.000,RAM
FETCH,1762883563.325,44328,617,0.000,RAM
FETCH,1762883563.325,44325,970,0.000,RAM
FETCH,1762883563.325,44327,594,0.000,RAM
FETCH,1762883563.325,44327,766,0.000,RAM
FETCH,1762883563.325,44326,873,0.000,RAM
FETCH,1762883563.325,44325,71,0.001,RAM
FETCH,1762883563.325,44326,356,0.000,RAM
FETCH,1762883563.325,44328,794,0.001,RAM
FETCH,1762883563.326,44327,279,0.001,RAM
FETCH,1762883563.326,44325,422,0.000,RAM
FETCH,1762883563.326,44326,138,0.000,RAM
FETCH,1762883563.326,44327,90,0.000,RAM
FETCH,1762883563.326,44328,551,0.001,RAM
FETCH,1762883563.326,44325,998,0.000,RAM
FETCH,1762883563.326,44326,530,0.000,RAM
FETCH,1762883563.326,44328,710,0.000,RAM
FETCH,1762883563.326,44327,424,0.000,RAM
FETCH,1762883563.326,44326,697,0.000,RAM
FETCH,1762883563.327,44325,93,0.000,RAM
FETCH,1762883563.327,44327,654,0.000,RAM
FETCH,1762883563.327,44328,331,0.000,RAM
FETCH,1762883563.327,44327,150,0.000,RAM
FETCH,1762883563.327,44326,211,0.000,RAM
FETCH,1762883563.327,44325,25,0.000,RAM
FETCH,1762883563.327,44326,795,0.000,RAM
FETCH,1762883563.327,44328,208,0.000,RAM
FETCH,1762883563.327,44327,467,0.000,RAM
FETCH,1762883563.327,44325,55,0.000,RAM
FETCH,1762883563.327,44326,129,0.000,RAM
FETCH,1762883563.327,44327,525,0.000,RAM
FETCH,1762883563.328,44325,6,0.000,RAM
FETCH,1762883563.328,44328,477,0.001,RAM
FETCH,1762883563.328,44326,833,0.000,RAM
FETCH,1762883563.328,44327,319,0.000,RAM
FETCH,1762883563.328,44325,74,0.000,RAM
FETCH,1762883563.328,44328,326,0.000,RAM
FETCH,1762883563.328,44326,829,0.000,RAM
FETCH,1762883563.328,44327,5,0.000,RAM
FETCH,1762883563.329,44325,158,0.000,RAM
FETCH,1762883563.331,44328,884,0.003,SSD
FETCH,1762883563.333,44327,704,0.005,SSD
FETCH,1762883563.333,44326,152,0.005,SSD
FETCH,1762883563.336,44325,239,0.007,SSD
FETCH,1762883563.339,44328,910,0.007,SSD
FETCH,1762883563.339,44327,721,0.005,SSD
FETCH,1762883563.339,44325,618,0.003,SSD
FETCH,1762883563.339,44327,895,0.000,RAM
FETCH,1762883563.339,44328,390,0.000,RAM
FETCH,1762883563.339,44326,997,0.006,SSD
FETCH,1762883563.339,44328,775,0.000,RAM
FETCH,1762883563.339,44326,215,0.000,RAM
FETCH,1762883563.339,44325,68,0.000,RAM
FETCH,1762883563.339,44327,397,0.001,RAM
FETCH,1762883563.339,44326,963,0.000,RAM
FETCH,1762883563.340,44327,836,0.000,RAM
FETCH,1762883563.340,44327,591,0.000,RAM
FETCH,1762883563.340,44325,977,0.000,RAM
FETCH,1762883563.340,44328,157,0.001,RAM
FETCH,1762883563.340,44326,854,0.000,RAM
FETCH,1762883563.340,44325,69,0.000,RAM
FETCH,1762883563.340,44327,160,0.001,RAM
FETCH,1762883563.340,44326,767,0.000,RAM
FETCH,1762883563.340,44328,694,0.001,RAM
FETCH,1762883563.341,44327,750,0.000,RAM
FETCH,1762883563.341,44325,581,0.000,RAM
FETCH,1762883563.341,44326,799,0.000,RAM
FETCH,1762883563.341,44328,864,0.000,RAM
FETCH,1762883563.341,44326,72,0.000,RAM
FETCH,1762883563.341,44327,200,0.000,RAM
FETCH,1762883563.341,44325,117,0.000,RAM
FETCH,1762883563.341,44325,32,0.000,RAM
FETCH,1762883563.342,44327,244,0.001,RAM
FETCH,1762883563.342,44328,457,0.001,RAM
FETCH,1762883563.342,44326,678,0.001,RAM
FETCH,1762883563.342,44325,276,0.000,RAM
FETCH,1762883563.342,44328,425,0.000,RAM
FETCH,1762883563.342,44326,48,0.000,RAM
FETCH,1762883563.342,44327,614,0.000,RAM
FETCH,1762883563.342,44326,21,0.000,RAM
FETCH,1762883563.342,44328,27,0.000,RAM
FETCH,1762883563.342,44327,241,0.000,RAM
FETCH,1762883563.342,44326,677,0.000,RAM
FETCH,1762883563.342,44328,589,0.000,RAM
FETCH,1762883563.343,44327,159,0.000,RAM
FETCH,1762883563.343,44328,979,0.000,RAM
FETCH,1762883563.343,44327,693,0.000,RAM
FETCH,1762883563.343,44328,667,0.000,RAM
FETCH,1762883563.343,44325,1,0.001,SSD
FETCH,1762883563.343,44326,886,0.001,RAM
FETCH,1762883563.343,44328,731,0.000,RAM
FETCH,1762883563.343,44326,472,0.000,RAM
FETCH,1762883563.343,44325,652,0.000,RAM
FETCH,1762883563.344,44326,50,0.000,RAM
FETCH,1762883563.344,44328,967,0.000,RAM
FETCH,1762883563.344,44325,263,0.000,RAM
FETCH,1762883563.344,44326,991,0.000,RAM
FETCH,1762883563.344,44326,703,0.000,RAM
FETCH,1762883563.344,44325,992,0.000,RAM
FETCH,1762883563.344,44327,881,0.001,SSD
FETCH,1762883563.344,44328,34,0.000,RAM
FETCH,1762883563.344,44325,919,0.000,RAM
FETCH,1762883563.344,44327,887,0.000,RAM
FETCH,1762883563.344,44326,144,0.000,RAM
FETCH,1762883563.345,44328,217,0.000,RAM
FETCH,1762883563.345,44325,335,0.000,RAM
FETCH,1762883563.345,44326,35,0.000,RAM
FETCH,1762883563.345,44327,4,0.000,RAM
FETCH,1762883563.345,44327,629,0.000,RAM
FETCH,1762883563.345,44326,141,0.000,RAM
FETCH,1762883563.345,44328,622,0.000,RAM
FETCH,1762883563.345,44325,286,0.000,RAM
FETCH,1762883563.345,44325,670,0.000,RAM
FETCH,1762883563.345,44326,497,0.000,RAM
FETCH,1762883563.345,44327,533,0.000,RAM
FETCH,1762883563.345,44328,370,0.000,RAM
FETCH,1762883563.345,44325,512,0.000,RAM
FETCH,1762883563.345,44326,898,0.000,RAM
FETCH,1762883563.346,44327,630,0.000,RAM
FETCH,1762883563.346,44328,108,0.000,RAM
FETCH,1762883563.346,44326,506,0.000,RAM
FETCH,1762883563.346,44325,31,0.000,RAM
FETCH,1762883563.346,44328,503,0.000,RAM
FETCH,1762883563.346,44325,20,0.000,RAM
FETCH,1762883563.346,44327,205,0.000,RAM
FETCH,1762883563.346,44326,88,0.000,RAM
FETCH,1762883563.346,44325,2,0.000,RAM
FETCH,1762883563.346,44326,96,0.000,RAM
FETCH,1762883563.346,44328,116,0.000,RAM
FETCH,1762883563.346,44325,943,0.000,RAM
FETCH,1762883563.346,44328,324,0.000,RAM
FETCH,1762883563.347,44327,314,0.000,RAM
FETCH,1762883563.347,44326,166,0.000,RAM
FETCH,1762883563.347,44325,631,0.000,RAM
FETCH,1762883563.347,44328,796,0.001,RAM
FETCH,1762883563.347,44326,316,0.000,RAM
FETCH,1762883563.347,44325,214,0.000,RAM
FETCH,1762883563.347,44327,791,0.001,RAM
FETCH,1762883563.347,44328,345,0.000,RAM
FETCH,1762883563.347,44326,339,0.000,RAM
FETCH,1762883563.347,44325,269,0.000,RAM
FETCH,1762883563.348,44327,473,0.000,RAM
FETCH,1762883563.348,44325,781,0.000,RAM
FETCH,1762883563.348,44328,981,0.000,RAM
FETCH,1762883563.348,44326,901,0.000,RAM
FETCH,1762883563.348,44327,489,0.000,RAM
FETCH,1762883563.348,44325,969,0.000,RAM
FETCH,1762883563.348,44327,454,0.000,RAM
FETCH,1762883563.348,44328,252,0.000,RAM
FETCH,1762883563.348,44326,726,0.000,RAM
FETCH,1762883563.348,44328,685,0.000,RAM
FETCH,1762883563.348,44325,67,0.000,RAM
FETCH,1762883563.348,44328,38,0.000,RAM
FETCH,1762883563.348,44327,574,0.000,RAM
FETCH,1762883563.349,44325,285,0.000,RAM
FETCH,1762883563.349,44326,942,0.000,RAM
FETCH,1762883563.349,44325,293,0.000,RAM
FETCH,1762883563.349,44327,528,0.000,RAM
FETCH,1762883563.349,44328,903,0.000,RAM
FETCH,1762883563.349,44325,282,0.000,RAM
FETCH,1762883563.349,44326,253,0.000,RAM
FETCH,1762883563.349,44327,544,0.000,RAM
FETCH,1762883563.349,44328,164,0.000,RAM
FETCH,1762883563.349,44325,538,0.000,RAM
FETCH,1762883563.349,44327,825,0.000,RAM
FETCH,1762883563.349,44326,962,0.000,RAM
FETCH,1762883563.349,44328,483,0.000,RAM
FETCH,1762883563.349,44325,225,0.000,RAM
FETCH,1762883563.349,44326,142,0.000,RAM
FETCH,1762883563.350,44325,201,0.000,RAM
FETCH,1762883563.350,44326,274,0.000,RAM
FETCH,1762883563.350,44327,10,0.000,RAM
FETCH,1762883563.350,44328,278,0.000,RAM
FETCH,1762883563.350,44325,653,0.000,RAM
FETCH,1762883563.350,44325,493,0.000,RAM
FETCH,1762883563.350,44326,245,0.000,RAM
FETCH,1762883563.350,44327,391,0.000,RAM
FETCH,1762883563.350,44325,770,0.000,RAM
FETCH,1762883563.350,44328,733,0.000,RAM
FETCH,1762883563.350,44325,388,0.000,RAM
FETCH,1762883563.350,44325,759,0.000,RAM
FETCH,1762883563.350,44327,47,0.000,RAM
FETCH,1762883563.350,44326,715,0.000,RAM
FETCH,1762883563.351,44328,238,0.000,RAM
FETCH,1762883563.351,44328,840,0.000,RAM
FETCH,1762883563.351,44325,783,0.000,RAM
FETCH,1762883563.351,44327,463,0.000,RAM
FETCH,1762883563.351,44325,464,0.000,RAM
FETCH,1762883563.351,44326,745,0.000,RAM
FETCH,1762883563.351,44328,312,0.001,RAM
FETCH,1762883563.351,44327,248,0.001,RAM
FETCH,1762883563.351,44326,869,0.000,RAM
FETCH,1762883563.352,44328,926,0.000,RAM
FETCH,1762883563.352,44327,907,0.000,RAM
FETCH,1762883563.352,44328,392,0.000,RAM
FETCH,1762883563.352,44328,615,0.000,RAM
FETCH,1762883563.352,44327,814,0.000,RAM
FETCH,1762883563.352,44325,810,0.000,RAM
FETCH,1762883563.352,44328,39,0.000,RAM
FETCH,1762883563.352,44327,511,0.000,RAM
FETCH,1762883563.352,44325,359,0.000,RAM
FETCH,1762883563.352,44327,880,0.000,RAM
PROCESS,1762883563.353,44316,100,927,902,456,792,14,229,247,480,805,363,660,811,504,746,966,153,743,595,46,45,300,876,250,723,448,277,705,42,49,679,872,976,500,204,567,875,304,965,691,449,148,690,680,616,308,387,469,368,568,970,71,422,998,93,25,55,6,74,158,239,618,68,977,69,581,117,32,276,1,652,263,992,919,335,286,670,512,31,20,2,943,631,214,269,781,969,67,285,293,282,538,225,201,653,493,770,388,759,783,464
FETCH,1762883563.353,44328,140,0.000,RAM
FETCH,1762883563.353,44327,740,0.000,RAM
FETCH,1762883563.353,44326,226,0.001,RAM
FETCH,1762883563.353,44325,16,0.000,RAM
FETCH,1762883563.353,44326,638,0.000,RAM
FETCH,1762883563.353,44328,749,0.000,RAM
FETCH,1762883563.353,44327,9,0.000,RAM
FETCH,1762883563.353,44326,565,0.000,RAM
FETCH,1762883563.353,44325,99,0.000,RAM
FETCH,1762883563.353,44328,7,0.000,RAM
FETCH,1762883563.353,44325,646,0.000,RAM
FETCH,1762883563.353,44326,847,0.000,RAM
FETCH,1762883563.353,44325,826,0.000,RAM
FETCH,1762883563.353,44327,712,0.000,RAM
FETCH,1762883563.353,44325,218,0.000,RAM
FETCH,1762883563.354,44328,687,0.000,RAM
FETCH,1762883563.354,44327,462,0.000,RAM
FETCH,1762883563.354,44326,580,0.000,RAM
FETCH,1762883563.354,44327,329,0.000,RAM
FETCH,1762883563.354,44325,120,0.000,RAM
FETCH,1762883563.354,44327,423,0.000,RAM
FETCH,1762883563.354,44326,458,0.000,RAM
FETCH,1762883563.354,44325,532,0.000,RAM
FETCH,1762883563.354,44327,43,0.000,RAM
FETCH,1762883563.354,44325,179,0.000,RAM
FETCH,1762883563.354,44328,588,0.001,RAM
FETCH,1762883563.354,44326,701,0.000,RAM
FETCH,1762883563.354,44328,137,0.000,RAM
FETCH,1762883563.354,44325,634,0.000,RAM
FETCH,1762883563.354,44327,748,0.000,RAM
FETCH,1762883563.355,44325,885,0.000,RAM
FETCH,1762883563.355,44326,556,0.000,RAM
FETCH,1762883563.355,44328,143,0.000,RAM
FETCH,1762883563.355,44327,774,0.000,RAM
FETCH,1762883563.355,44328,213,0.000,RAM
FETCH,1762883563.355,44325,271,0.000,RAM
FETCH,1762883563.355,44328,3,0.000,RAM
FETCH,1762883563.355,44326,194,0.001,RAM
FETCH,1762883563.355,44327,800,0.001,RAM
FETCH,1762883563.355,44326,807,0.000,RAM
FETCH,1762883563.356,44328,246,0.000,RAM
FETCH,1762883563.356,44325,566,0.001,RAM
FETCH,1762883563.356,44326,758,0.000,RAM
FETCH,1762883563.356,44327,878,0.000,RAM
FETCH,1762883563.356,44325,934,0.000,RAM
FETCH,1762883563.356,44328,436,0.000,RAM
FETCH,1762883563.356,44327,852,0.000,RAM
FETCH,1762883563.356,44325,874,0.000,RAM
FETCH,1762883563.356,44326,978,0.000,RAM
FETCH,1762883563.356,44327,488,0.000,RAM
FETCH,1762883563.356,44328,168,0.000,RAM
FETCH,1762883563.356,44325,100,0.000,RAM
FETCH,1762883563.356,44326,505,0.000,RAM
FETCH,1762883563.356,44328,403,0.000,RAM
FETCH,1762883563.357,44327,311,0.000,RAM
FETCH,1762883563.357,44325,730,0.000,RAM
FETCH,1762883563.357,44326,161,0.000,RAM
FETCH,1762883563.357,44325,784,0.000,RAM
FETCH,1762883563.357,44326,608,0.000,RAM
FETCH,1762883563.357,44328,64,0.000,RAM
FETCH,1762883563.357,44325,494,0.000,RAM
FETCH,1762883563.357,44326,856,0.000,RAM
FETCH,1762883563.357,44325,22,0.000,RAM
FETCH,1762883563.358,44328,232,0.001,RAM
FETCH,1762883563.358,44326,495,0.001,RAM
FETCH,1762883563.358,44325,882,0.000,RAM
FETCH,1762883563.358,44328,487,0.000,RAM
FETCH,1762883563.358,44326,662,0.000,RAM
FETCH,1762883563.358,44325,771,0.000,RAM
FETCH,1762883563.358,44326,28,0.000,RAM
FETCH,1762883563.358,44327,937,0.000,RAM
FETCH,1762883563.358,44328,507,0.000,RAM
FETCH,1762883563.358,44325,527,0.000,RAM
FETCH,1762883563.358,44326,988,0.000,RAM
FETCH,1762883563.359,44326,785,0.000,RAM
FETCH,1762883563.359,44327,154,0.000,RAM
FETCH,1762883563.359,44328,222,0.000,RAM
FETCH,1762883563.359,44325,37,0.000,RAM
FETCH,1762883563.359,44326,915,0.000,RAM
FETCH,1762883563.359,44328,127,0.000,RAM
FETCH,1762883563.359,44327,126,0.000,RAM
FETCH,1762883563.359,44325,648,0.000,RAM
FETCH,1762883563.359,44325,514,0.000,RAM
FETCH,1762883563.359,44326,369,0.000,RAM
FETCH,1762883563.359,44327,498,0.000,RAM
FETCH,1762883563.359,44328,985,0.000,RAM
FETCH,1762883563.359,44326,569,0.000,RAM
FETCH,1762883563.359,44325,844,0.000,RAM
FETCH,1762883563.359,44326,555,0.000,RAM
FETCH,1762883563.359,44325,414,0.000,RAM
FETCH,1762883563.360,44327,186,0.000,RAM
FETCH,1762883563.360,44328,955,0.000,RAM
FETCH,1762883563.360,44326,332,0.000,RAM
FETCH,1762883563.360,44325,501,0.000,RAM
FETCH,1762883563.360,44326,106,0.000,RAM
FETCH,1762883563.360,44327,582,0.000,RAM
FETCH,1762883563.360,44328,367,0.000,RAM
FETCH,1762883563.360,44326,692,0.000,RAM
FETCH,1762883563.360,44326,607,0.000,RAM
FETCH,1762883563.360,44327,812,0.000,RAM
FETCH,1762883563.360,44325,947,0.000,RAM
FETCH,1762883563.360,44326,986,0.000,RAM
FETCH,1762883563.360,44327,870,0.000,RAM
FETCH,1762883563.361,44325,751,0.000,RAM
FETCH,1762883563.361,44326,17,0.000,RAM
FETCH,1762883563.361,44327,681,0.000,RAM
FETCH,1762883563.361,44325,626,0.000,RAM
FETCH,1762883563.361,44325,797,0.000,RAM
FETCH,1762883563.361,44327,862,0.000,RAM
FETCH,1762883563.361,44326,752,0.000,RAM
FETCH,1762883563.361,44325,270,0.000,RAM
FETCH,1762883563.361,44326,725,0.000,RAM
FETCH,1762883563.361,44327,405,0.000,RAM
FETCH,1762883563.361,44326,382,0.000,RAM
FETCH,1762883563.361,44327,598,0.000,RAM
FETCH,1762883563.362,44326,924,0.000,RAM
FETCH,1762883563.362,44327,549,0.000,RAM
FETCH,1762883563.362,44325,426,0.001,RAM
FETCH,1762883563.362,44328,398,0.001,RAM
FETCH,1762883563.362,44325,254,0.000,RAM
FETCH,1762883563.362,44326,406,0.000,RAM
FETCH,1762883563.362,44327,11,0.000,RAM
FETCH,1762883563.362,44326,753,0.000,RAM
FETCH,1762883563.362,44328,395,0.000,RAM
FETCH,1762883563.362,44325,358,0.000,RAM
FETCH,1762883563.362,44327,348,0.000,RAM
FETCH,1762883563.362,44325,94,0.000,RAM
FETCH,1762883563.364,44326,284,0.002,SSD
FETCH,1762883563.364,44328,958,0.001,SSD
FETCH,1762883563.364,44327,372,0.001,SSD
FETCH,1762883563.364,44328,470,0.000,RAM
FETCH,1762883563.364,44326,624,0.000,RAM
FETCH,1762883563.364,44326,156,0.000,RAM
FETCH,1762883563.364,44325,84,0.002,SSD
FETCH,1762883563.364,44327,169,0.000,RAM
FETCH,1762883563.364,44328,376,0.000,RAM
FETCH,1762883563.364,44327,115,0.000,RAM
FETCH,1762883563.364,44326,455,0.000,RAM
FETCH,1762883563.365,44325,529,0.000,RAM
FETCH,1762883563.365,44328,999,0.000,RAM
FETCH,1762883563.365,44328,299,0.000,RAM
FETCH,1762883563.365,44327,272,0.000,RAM
FETCH,1762883563.365,44326,65,0.000,RAM
FETCH,1762883563.365,44325,609,0.000,RAM
FETCH,1762883563.365,44327,789,0.000,RAM
FETCH,1762883563.365,44326,192,0.000,RAM
FETCH,1762883563.365,44328,236,0.000,RAM
FETCH,1762883563.365,44327,167,0.000,RAM
FETCH,1762883563.365,44325,468,0.000,RAM
FETCH,1762883563.365,44326,19,0.000,RAM
FETCH,1762883563.365,44327,310,0.000,RAM
FETCH,1762883563.365,44328,604,0.000,RAM
FETCH,1762883563.365,44327,744,0.000,RAM
FETCH,1762883563.366,44325,953,0.000,RAM
FETCH,1762883563.366,44327,243,0.000,RAM
FETCH,1762883563.366,44326,573,0.000,RAM
FETCH,1762883563.366,44328,600,0.000,RAM
FETCH,1762883563.366,44325,440,0.000,RAM
FETCH,1762883563.366,44327,404,0.000,RAM
FETCH,1762883563.366,44326,809,0.000,RAM
FETCH,1762883563.366,44325,755,0.000,RAM
FETCH,1762883563.366,44328,562,0.000,RAM
FETCH,1762883563.366,44327,465,0.000,RAM
FETCH,1762883563.366,44326,443,0.000,RAM
FETCH,1762883563.366,44325,708,0.000,RAM
FETCH,1762883563.366,44328,76,0.000,RAM
FETCH,1762883563.366,44327,547,0.000,RAM
FETCH,1762883563.366,44326,764,0.000,RAM
FETCH,1762883563.366,44325,647,0.000,RAM
FETCH,1762883563.366,44328,255,0.000,RAM
FETCH,1762883563.366,44327,73,0.000,RAM
FETCH,1762883563.367,44326,706,0.000,RAM
FETCH,1762883563.367,44325,139,0.000,RAM
FETCH,1762883563.367,44328,536,0.000,RAM
FETCH,1762883563.367,44327,808,0.000,RAM
FETCH,1762883563.367,44326,268,0.000,RAM
FETCH,1762883563.367,44328,396,0.000,RAM
FETCH,1762883563.367,44328,585,0.000,RAM
FETCH,1762883563.367,44325,378,0.001,RAM
FETCH,1762883563.367,44327,492,0.001,RAM
FETCH,1762883563.367,44326,827,0.001,RAM
FETCH,1762883563.367,44328,427,0.000,RAM
FETCH,1762883563.368,44325,109,0.000,RAM
FETCH,1762883563.368,44327,490,0.000,RAM
FETCH,1762883563.368,44326,15,0.000,RAM
FETCH,1762883563.368,44328,570,0.000,RAM
FETCH,1762883563.368,44328,587,0.000,RAM
FETCH,1762883563.368,44325,313,0.000,RAM
FETCH,1762883563.368,44326,288,0.000,RAM
FETCH,1762883563.368,44327,897,0.000,RAM
FETCH,1762883563.368,44328,778,0.000,RAM
FETCH,1762883563.368,44326,894,0.000,RAM
FETCH,1762883563.368,44325,996,0.000,RAM
FETCH,1762883563.368,44327,732,0.000,RAM
FETCH,1762883563.368,44328,793,0.000,RAM
FETCH,1762883563.369,44326,674,0.000,RAM
FETCH,1762883563.369,44325,419,0.000,RAM
FETCH,1762883563.369,44326,672,0.000,RAM
FETCH,1762883563.369,44328,259,0.000,RAM
FETCH,1762883563.369,44327,445,0.000,RAM
FETCH,1762883563.369,44325,612,0.000,RAM
FETCH,1762883563.369,44326,173,0.000,RAM
FETCH,1762883563.369,44328,123,0.000,RAM
FETCH,1762883563.369,44327,131,0.000,RAM
FETCH,1762883563.369,44327,772,0.000,RAM
FETCH,1762883563.369,44325,365,0.000,RAM
FETCH,1762883563.369,44326,959,0.000,RAM
FETCH,1762883563.369,44326,842,0.000,RAM
FETCH,1762883563.369,44328,306,0.000,RAM
FETCH,1762883563.370,44327,125,0.000,RAM
FETCH,1762883563.370,44325,602,0.000,RAM
FETCH,1762883563.370,44326,298,0.000,RAM
FETCH,1762883563.370,44325,18,0.000,RAM
FETCH,1762883563.370,44328,428,0.000,RAM
FETCH,1762883563.370,44326,719,0.000,RAM
FETCH,1762883563.370,44327,104,0.000,RAM
FETCH,1762883563.370,44325,182,0.000,RAM
FETCH,1762883563.370,44328,640,0.000,RAM
FETCH,1762883563.370,44328,416,0.000,RAM
FETCH,1762883563.370,44326,323,0.000,RAM
FETCH,1762883563.370,44325,231,0.000,RAM
FETCH,1762883563.370,44327,671,0.000,RAM
FETCH,1762883563.370,44326,777,0.000,RAM
FETCH,1762883563.370,44328,80,0.000,RAM
FETCH,1762883563.370,44325,968,0.000,RAM
FETCH,1762883563.370,44328,786,0.000,RAM
FETCH,1762883563.370,44325,553,0.000,RAM
FETCH,1762883563.370,44327,103,0.000,RAM
FETCH,1762883563.371,44326,835,0.000,RAM
FETCH,1762883563.371,44326,592,0.000,RAM
FETCH,1762883563.371,44328,101,0.000,RAM
FETCH,1762883563.371,44325,911,0.000,RAM
FETCH,1762883563.371,44327,776,0.000,RAM
FETCH,1762883563.371,44328,831,0.000,RAM
FETCH,1762883563.371,44326,702,0.000,RAM
FETCH,1762883563.371,44325,611,0.000,RAM
FETCH,1762883563.371,44326,91,0.000,RAM
FETCH,1762883563.371,44327,223,0.000,RAM
FETCH,1762883563.371,44327,430,0.000,RAM
FETCH,1762883563.371,44326,644,0.000,RAM
FETCH,1762883563.371,44325,421,0.000,RAM
FETCH,1762883563.371,44328,552,0.001,RAM
FETCH,1762883563.372,44325,899,0.000,RAM
FETCH,1762883563.372,44327,228,0.000,RAM
FETCH,1762883563.372,44325,147,0.000,RAM
FETCH,1762883563.372,44328,545,0.000,RAM
FETCH,1762883563.372,44327,95,0.000,RAM
FETCH,1762883563.372,44325,510,0.000,RAM
FETCH,1762883563.372,44326,112,0.001,RAM
FETCH,1762883563.372,44328,957,0.000,RAM
FETCH,1762883563.372,44326,802,0.000,RAM
FETCH,1762883563.372,44326,627,0.000,RAM
FETCH,1762883563.372,44327,118,0.000,RAM
FETCH,1762883563.372,44328,961,0.000,RAM
FETCH,1762883563.372,44325,912,0.000,RAM
FETCH,1762883563.372,44326,121,0.000,RAM
FETCH,1762883563.373,44328,908,0.000,RAM
FETCH,1762883563.373,44327,111,0.000,RAM
FETCH,1762883563.373,44327,287,0.000,RAM
FETCH,1762883563.373,44326,58,0.000,RAM
FETCH,1762883563.373,44325,439,0.000,RAM
FETCH,1762883563.373,44328,790,0.000,RAM
FETCH,1762883563.373,44325,905,0.000,RAM
FETCH,1762883563.373,44328,635,0.000,RAM
FETCH,1762883563.373,44327,155,0.000,RAM
FETCH,1762883563.373,44327,202,0.000,RAM
FETCH,1762883563.373,44326,297,0.001,RAM
FETCH,1762883563.373,44328,321,0.001,RAM
FETCH,1762883563.373,44325,543,0.001,RAM
FETCH,1762883563.374,44327,579,0.000,RAM
FETCH,1762883563.374,44328,451,0.000,RAM
FETCH,1762883563.374,44327,36,0.000,RAM
FETCH,1762883563.374,44326,929,0.000,RAM
FETCH,1762883563.374,44325,180,0.000,RAM
FETCH,1762883563.374,44328,922,0.000,RAM
FETCH,1762883563.374,44325,994,0.000,RAM
FETCH,1762883563.374,44328,578,0.000,RAM
FETCH,1762883563.374,44327,853,0.000,RAM
FETCH,1762883563.374,44326,346,0.000,RAM
FETCH,1762883563.374,44325,429,0.000,RAM
FETCH,1762883563.374,44326,909,0.000,RAM
FETCH,1762883563.374,44327,896,0.000,RAM
FETCH,1762883563.375,44328,353,0.001,RAM
FETCH,1762883563.375,44326,879,0.000,RAM
FETCH,1762883563.375,44325,984,0.000,RAM
FETCH,1762883563.375,44325,666,0.000,RAM
FETCH,1762883563.375,44327,338,0.001,RAM
FETCH,1762883563.375,44326,954,0.000,RAM
FETCH,1762883563.375,44328,944,0.001,RAM
FETCH,1762883563.375,44327,989,0.000,RAM
FETCH,1762883563.375,44325,867,0.000,RAM
FETCH,1762883563.375,44326,603,0.000,RAM
FETCH,1762883563.375,44328,196,0.000,RAM
FETCH,1762883563.375,44327,893,0.000,RAM
FETCH,1762883563.376,44325,30,0.000,RAM
FETCH,1762883563.376,44325,478,0.000,RAM
FETCH,1762883563.376,44326,400,0.000,RAM
FETCH,1762883563.376,44328,747,0.000,RAM
FETCH,1762883563.376,44327,57,0.000,RAM
FETCH,1762883563.376,44327,230,0.000,RAM
FETCH,1762883563.376,44326,52,0.000,RAM
FETCH,1762883563.376,44325,993,0.000,RAM
FETCH,1762883563.376,44328,916,0.000,RAM
FETCH,1762883563.376,44325,661,0.000,RAM
FETCH,1762883563.376,44326,266,0.000,RAM
FETCH,1762883563.376,44325,757,0.000,RAM
FETCH,1762883563.376,44327,737,0.000,RAM
FETCH,1762883563.376,44326,203,0.000,RAM
FETCH,1762883563.376,44328,515,0.000,RAM
FETCH,1762883563.376,44326,294,0.000,RAM
FETCH,1762883563.376,44328,537,0.000,RAM
FETCH,1762883563.376,44325,707,0.000,RAM
FETCH,1762883563.377,44327,817,0.000,RAM
FETCH,1762883563.377,44325,415,0.000,RAM
FETCH,1762883563.377,44327,375,0.000,RAM
FETCH,1762883563.377,44326,813,0.000,RAM
FETCH,1762883563.377,44328,77,0.000,RAM
FETCH,1762883563.377,44325,53,0.000,RAM
FETCH,1762883563.377,44328,8,0.000,RAM
FETCH,1762883563.377,44326,163,0.000,RAM
FETCH,1762883563.377,44327,401,0.000,RAM
FETCH,1762883563.377,44325,658,0.000,RAM
FETCH,1762883563.377,44328,435,0.000,RAM
FETCH,1762883563.377,44326,946,0.000,RAM
FETCH,1762883563.377,44325,51,0.000,RAM
FETCH,1762883563.377,44327,98,0.000,RAM
FETCH,1762883563.378,44328,861,0.000,RAM
FETCH,1762883563.378,44325,418,0.000,RAM
FETCH,1762883563.378,44326,283,0.000,RAM
FETCH,1762883563.378,44326,343,0.000,RAM
FETCH,1762883563.378,44327,184,0.000,RAM
FETCH,1762883563.378,44328,695,0.000,RAM
FETCH,1762883563.378,44325,623,0.000,RAM
FETCH,1762883563.378,44327,330,0.000,RAM
FETCH,1762883563.378,44325,361,0.000,RAM
FETCH,1762883563.378,44326,437,0.000,RAM
FETCH,1762883563.378,44328,779,0.000,RAM
FETCH,1762883563.378,44325,848,0.000,RAM
FETCH,1762883563.378,44326,399,0.000,RAM
FETCH,1762883563.378,44327,280,0.000,RAM
FETCH,1762883563.378,44328,446,0.000,RAM
FETCH,1762883563.378,44325,170,0.000,RAM
FETCH,1762883563.378,44326,433,0.000,RAM
FETCH,1762883563.379,44325,866,0.000,RAM
FETCH,1762883563.379,44327,193,0.000,RAM
FETCH,1762883563.379,44325,534,0.000,RAM
FETCH,1762883563.379,44326,860,0.000,RAM
FETCH,1762883563.379,44328,336,0.000,RAM
FETCH,1762883563.379,44327,689,0.000,RAM
FETCH,1762883563.379,44326,599,0.000,RAM
FETCH,1762883563.379,44325,575,0.000,RAM
FETCH,1762883563.379,44328,859,0.000,RAM
FETCH,1762883563.379,44327,172,0.000,RAM
FETCH,1762883563.379,44326,466,0.000,RAM
FETCH,1762883563.379,44325,584,0.000,RAM
FETCH,1762883563.379,44328,892,0.000,RAM
FETCH,1762883563.379,44327,637,0.000,RAM
FETCH,1762883563.380,44326,621,0.000,RAM
FETCH,1762883563.380,44325,23,0.000,RAM
FETCH,1762883563.380,44328,227,0.000,RAM
FETCH,1762883563.380,44327,739,0.000,RAM
FETCH,1762883563.380,44326,82,0.000,RAM
FETCH,1762883563.380,44325,801,0.000,RAM
FETCH,1762883563.380,44326,295,0.000,RAM
FETCH,1762883563.380,44328,185,0.000,RAM
FETCH,1762883563.380,44327,619,0.000,RAM
FETCH,1762883563.380,44325,183,0.000,RAM
FETCH,1762883563.380,44326,12,0.000,RAM
FETCH,1762883563.380,44328,301,0.000,RAM
FETCH,1762883563.380,44327,787,0.000,RAM
FETCH,1762883563.381,44327,256,0.000,RAM
FETCH,1762883563.381,44328,460,0.000,RAM
FETCH,1762883563.381,44328,411,0.000,RAM
FETCH,1762883563.381,44327,664,0.000,RAM
FETCH,1762883563.381,44328,199,0.000,RAM
FETCH,1762883563.381,44327,642,0.000,RAM
FETCH,1762883563.381,44327,928,0.000,RAM
FETCH,1762883563.381,44327,728,0.000,RAM
FETCH,1762883563.381,44325,347,0.000,RAM
FETCH,1762883563.381,44328,983,0.000,RAM
FETCH,1762883563.382,44325,0,0.000,RAM
FETCH,1762883563.382,44327,258,0.000,RAM
FETCH,1762883563.382,44325,75,0.000,RAM
FETCH,1762883563.382,44328,292,0.000,RAM
FETCH,1762883563.382,44327,97,0.000,RAM
FETCH,1762883563.382,44325,60,0.000,RAM
FETCH,1762883563.382,44325,643,0.000,RAM
FETCH,1762883563.382,44327,804,0.001,RAM
FETCH,1762883563.382,44328,379,0.001,RAM
FETCH,1762883563.383,44328,235,0.000,RAM
FETCH,1762883563.383,44327,655,0.000,RAM
FETCH,1762883563.383,44325,816,0.000,RAM
FETCH,1762883563.383,44328,459,0.000,RAM
FETCH,1762883563.383,44327,925,0.000,RAM
FETCH,1762883563.383,44325,362,0.000,RAM
FETCH,1762883563.383,44328,383,0.000,RAM
FETCH,1762883563.383,44327,177,0.000,RAM
FETCH,1762883563.383,44325,267,0.000,RAM
FETCH,1762883563.384,44325,475,0.000,RAM
FETCH,1762883563.384,44328,305,0.000,RAM
FETCH,1762883563.384,44327,165,0.000,RAM
FETCH,1762883563.384,44327,738,0.000,RAM
FETCH,1762883563.384,44328,517,0.000,RAM
FETCH,1762883563.384,44325,162,0.000,RAM
FETCH,1762883563.384,44327,357,0.000,RAM
FETCH,1762883563.384,44325,558,0.000,RAM
FETCH,1762883563.384,44325,174,0.000,RAM
FETCH,1762883563.384,44328,340,0.000,RAM
FETCH,1762883563.384,44327,815,0.000,RAM
FETCH,1762883563.385,44325,342,0.000,RAM
FETCH,1762883563.385,44327,481,0.000,RAM
FETCH,1762883563.385,44328,452,0.000,RAM
FETCH,1762883563.385,44325,461,0.000,RAM
FETCH,1762883563.385,44328,952,0.000,RAM
FETCH,1762883563.385,44327,291,0.000,RAM
FETCH,1762883563.385,44328,921,0.000,RAM
FETCH,1762883563.385,44325,951,0.000,RAM
FETCH,1762883563.385,44327,240,0.000,RAM
FETCH,1762883563.385,44328,275,0.000,RAM
FETCH,1762883563.385,44327,596,0.000,RAM
FETCH,1762883563.385,44327,175,0.000,RAM
FETCH,1762883563.386,44325,917,0.000,RAM
FETCH,1762883563.386,44328,79,0.000,RAM
FETCH,1762883563.386,44327,863,0.000,RAM
FETCH,1762883563.386,44325,251,0.000,RAM
FETCH,1762883563.386,44325,328,0.000,RAM
FETCH,1762883563.386,44328,191,0.000,RAM
FETCH,1762883563.386,44325,542,0.000,RAM
FETCH,1762883563.386,44325,380,0.000,RAM
FETCH,1762883563.386,44327,834,0.000,RAM
FETCH,1762883563.386,44325,956,0.000,RAM
FETCH,1762883563.386,44327,289,0.000,RAM
FETCH,1762883563.386,44328,531,0.000,RAM
FETCH,1762883563.386,44325,40,0.000,RAM
FETCH,1762883563.387,44327,516,0.000,RAM
FETCH,1762883563.387,44328,420,0.000,RAM
FETCH,1762883563.387,44325,377,0.000,RAM
FETCH,1762883563.387,44328,645,0.000,RAM
FETCH,1762883563.387,44327,442,0.000,RAM
FETCH,1762883563.387,44325,806,0.000,RAM
FETCH,1762883563.387,44327,234,0.000,RAM
FETCH,1762883563.387,44328,61,0.000,RAM
FETCH,1762883563.387,44325,659,0.000,RAM
FETCH,1762883563.387,44328,773,0.000,RAM
FETCH,1762883563.387,44325,673,0.000,RAM
FETCH,1762883563.387,44325,820,0.000,RAM
FETCH,1762883563.388,44328,931,0.000,RAM
FETCH,1762883563.388,44328,302,0.000,RAM
FETCH,1762883563.388,44325,597,0.000,RAM
FETCH,1762883563.388,44328,628,0.000,RAM
FETCH,1762883563.388,44328,315,0.000,RAM
FETCH,1762883563.388,44325,564,0.000,RAM
FETCH,1762883563.388,44328,407,0.000,RAM
FETCH,1762883563.388,44325,471,0.000,RAM
FETCH,1762883563.388,44328,386,0.000,RAM
FETCH,1762883563.389,44328,410,0.000,RAM
FETCH,1762883563.389,44325,846,0.000,RAM
FETCH,1762883563.389,44328,260,0.000,RAM
FETCH,1762883563.389,44325,219,0.000,RAM
FETCH,1762883563.389,44328,325,0.000,RAM
FETCH,1762883563.389,44325,322,0.000,RAM
FETCH,1762883563.389,44328,526,0.000,RAM
FETCH,1762883563.389,44328,756,0.000,RAM
FETCH,1762883563.389,44325,713,0.000,RAM
FETCH,1762883563.389,44328,83,0.000,RAM
FETCH,1762883563.390,44328,307,0.000,RAM
FETCH,1762883563.390,44325,729,0.000,RAM
FETCH,1762883563.390,44325,485,0.000,RAM
FETCH,1762883563.390,44328,636,0.000,RAM
FETCH,1762883563.390,44325,349,0.000,RAM
FETCH,1762883563.390,44328,620,0.000,RAM
FETCH,1762883563.390,44325,818,0.000,RAM
FETCH,1762883563.390,44325,124,0.000,RAM
FETCH,1762883563.390,44325,92,0.000,RAM
FETCH,1762883563.391,44325,412,0.000,RAM
FETCH,1762883563.391,44325,913,0.000,RAM
FETCH,1762883563.391,44325,195,0.000,RAM
FETCH,1762883563.391,44325,224,0.000,RAM
FETCH,1762883563.392,44325,948,0.000,RAM
FETCH,1762883563.392,44325,290,0.000,RAM
FETCH,1762883563.392,44325,207,0.000,RAM
FETCH,1762883563.392,44325,839,0.000,RAM
FETCH,1762883563.393,44325,535,0.000,RAM
FETCH,1762883563.393,44325,914,0.000,RAM
FETCH,1762883563.393,44325,837,0.000,RAM
FETCH,1762883563.393,44325,923,0.000,RAM
FETCH,1762883563.393,44325,868,0.000,RAM
FETCH,1762883563.394,44325,520,0.000,RAM
FETCH,1762883563.394,44325,70,0.000,RAM
FETCH,1762883563.394,44325,393,0.000,RAM
FETCH,1762883563.394,44325,727,0.000,RAM
FETCH,1762883563.394,44325,265,0.000,RAM
FETCH,1762883563.395,44325,281,0.000,RAM
FETCH,1762883563.395,44325,309,0.000,RAM
FETCH,1762883563.395,44325,491,0.000,RAM
FETCH,1762883563.395,44325,850,0.000,RAM
FETCH,1762883563.395,44325,107,0.000,RAM
FETCH,1762883563.396,44325,550,0.000,RAM
FETCH,1762883563.396,44325,964,0.000,RAM
FETCH,1762883563.396,44325,735,0.000,RAM
FETCH,1762883563.397,44325,81,0.000,RAM
FETCH,1762883563.397,44325,613,0.000,RAM
FETCH,1762883563.397,44325,641,0.000,RAM
FETCH,1762883563.397,44325,709,0.000,RAM
FETCH,1762883563.397,44325,303,0.000,RAM
FETCH,1762883563.398,44325,841,0.000,RAM
FETCH,1762883563.398,44325,890,0.000,RAM
FETCH,1762883563.398,44325,765,0.000,RAM
FETCH,1762883563.398,44325,877,0.000,RAM
FETCH,1762883563.398,44325,904,0.000,RAM
FETCH,1762883563.399,44325,990,0.000,RAM
FETCH,1762883563.399,44325,768,0.000,RAM
FETCH,1762883563.399,44325,601,0.000,RAM
FETCH,1762883563.399,44325,649,0.000,RAM
FETCH,1762883563.399,44325,351,0.000,RAM
FETCH,1762883563.400,44325,906,0.000,RAM
FETCH,1762883563.400,44325,871,0.000,RAM
FETCH,1762883563.400,44325,676,0.000,RAM
FETCH,1762883563.400,44325,134,0.000,RAM
FETCH,1762883563.400,44325,262,0.000,RAM
FETCH,1762883563.401,44325,684,0.000,RAM
FETCH,1762883563.401,44325,257,0.000,RAM
FETCH,1762883563.401,44325,982,0.000,RAM
FETCH,1762883563.401,44325,606,0.000,RAM
FETCH,1762883563.402,44325,341,0.000,RAM
FETCH,1762883563.402,44325,920,0.000,RAM
FETCH,1762883563.402,44325,830,0.000,RAM
FETCH,1762883563.402,44325,936,0.000,RAM
FETCH,1762883563.403,44325,845,0.000,RAM
FETCH,1762883563.403,44325,86,0.000,RAM
FETCH,1762883563.403,44325,973,0.000,RAM
FETCH,1762883563.403,44325,476,0.000,RAM
FETCH,1762883563.404,44325,197,0.000,RAM
FETCH,1762883563.410,44325,216,0.006,SSD
PROCESS,1762883563.642,44316,100,933,593,212,66,508,822,432,44,374,482,548,110,557,974,188,417,987,714,499,522,413,891,394,333,133,474,237,971,918,26,171,941,24,571,561,145,718,669,479,249,523,119,102,447,210,930,273,513,698,318,932,873,356,138,530,697,211,795,129,833,829,152,997,215,963,854,767,799,72,678,48,21,677,886,472,50,991,703,144,35,141,497,898,506,88,96,166,316,339,901,726,942,253,962,142,274,245,715,745,869
FETCH,1762883563.642,44326,176,0.001,RAM
FETCH,1762883563.644,44326,59,0.001,SSD
FETCH,1762883563.644,44326,484,0.000,RAM
FETCH,1762883563.645,44326,438,0.000,RAM
FETCH,1762883563.646,44326,206,0.001,RAM
FETCH,1762883563.646,44326,114,0.001,RAM
FETCH,1762883563.648,44326,823,0.001,SSD
FETCH,1762883563.648,44326,717,0.000,RAM
FETCH,1762883563.649,44326,763,0.001,RAM
FETCH,1762883563.649,44326,576,0.000,RAM
FETCH,1762883563.650,44326,496,0.000,RAM
FETCH,1762883563.650,44326,938,0.000,RAM
FETCH,1762883563.651,44326,656,0.000,RAM
FETCH,1762883563.651,44326,605,0.000,RAM
FETCH,1762883563.652,44326,360,0.000,RAM
FETCH,1762883563.652,44326,178,0.000,RAM
FETCH,1762883563.652,44326,711,0.000,RAM
FETCH,1762883563.652,44326,242,0.000,RAM
FETCH,1762883563.653,44326,798,0.000,RAM
FETCH,1762883563.653,44326,502,0.000,RAM
FETCH,1762883563.654,44326,563,0.001,RAM
FETCH,1762883563.654,44326,888,0.000,RAM
FETCH,1762883563.655,44326,935,0.001,RAM
FETCH,1762883563.655,44326,939,0.001,RAM
FETCH,1762883563.656,44326,972,0.001,RAM
FETCH,1762883563.657,44326,54,0.000,RAM
FETCH,1762883563.658,44326,559,0.001,RAM
FETCH,1762883563.658,44326,554,0.000,RAM
FETCH,1762883563.659,44326,29,0.001,RAM
FETCH,1762883563.659,44326,389,0.000,RAM
FETCH,1762883563.660,44326,821,0.001,RAM
FETCH,1762883563.660,44326,683,0.000,RAM
FETCH,1762883563.662,44326,337,0.001,SSD
FETCH,1762883563.663,44326,541,0.001,RAM
FETCH,1762883563.663,44326,688,0.001,RAM
FETCH,1762883563.664,44326,858,0.001,RAM
FETCH,1762883563.664,44326,651,0.000,RAM
FETCH,1762883563.665,44326,130,0.001,RAM
FETCH,1762883563.666,44326,696,0.001,RAM
FETCH,1762883563.666,44326,782,0.000,RAM
FETCH,1762883563.666,44326,865,0.000,RAM
FETCH,1762883563.666,44326,62,0.000,RAM
FETCH,1762883563.667,44326,149,0.000,RAM
FETCH,1762883563.667,44326,819,0.000,RAM
FETCH,1762883563.667,44326,945,0.000,RAM
FETCH,1762883563.668,44326,261,0.000,RAM
FETCH,1762883563.668,44326,824,0.000,RAM
FETCH,1762883563.669,44326,949,0.000,RAM
FETCH,1762883563.669,44326,995,0.000,RAM
FETCH,1762883563.669,44326,233,0.000,RAM
FETCH,1762883563.670,44326,366,0.000,RAM
FETCH,1762883563.670,44326,132,0.000,RAM
FETCH,1762883563.670,44326,843,0.000,RAM
FETCH,1762883563.670,44326,851,0.000,RAM
FETCH,1762883563.671,44326,113,0.001,RAM
FETCH,1762883563.672,44326,434,0.001,RAM
FETCH,1762883563.673,44326,371,0.001,RAM
FETCH,1762883563.673,44326,950,0.000,RAM
FETCH,1762883563.674,44326,761,0.000,RAM
FETCH,1762883563.674,44326,344,0.000,RAM
FETCH,1762883563.674,44326,838,0.000,RAM
FETCH,1762883563.675,44326,521,0.000,RAM
FETCH,1762883563.675,44326,41,0.000,RAM
FETCH,1762883563.675,44326,431,0.000,RAM
FETCH,1762883563.676,44326,577,0.000,RAM
FETCH,1762883563.676,44326,857,0.000,RAM
FETCH,1762883563.676,44326,450,0.000,RAM
FETCH,1762883563.676,44326,769,0.000,RAM
FETCH,1762883563.677,44326,849,0.000,RAM
FETCH,1762883563.677,44326,639,0.000,RAM
FETCH,1762883563.677,44326,788,0.000,RAM
FETCH,1762883563.678,44326,722,0.000,RAM
FETCH,1762883563.678,44326,209,0.000,RAM
FETCH,1762883563.678,44326,122,0.000,RAM
FETCH,1762883563.678,44326,33,0.000,RAM
FETCH,1762883563.679,44326,668,0.000,RAM
FETCH,1762883563.679,44326,78,0.000,RAM
FETCH,1762883563.679,44326,828,0.000,RAM
FETCH,1762883563.679,44326,181,0.000,RAM
FETCH,1762883563.680,44326,187,0.000,RAM
FETCH,1762883563.680,44326,855,0.000,RAM
FETCH,1762883563.680,44326,560,0.000,RAM
FETCH,1762883563.680,44326,364,0.000,RAM
FETCH,1762883563.681,44326,327,0.000,RAM
FETCH,1762883563.681,44326,135,0.000,RAM
FETCH,1762883563.681,44326,444,0.000,RAM
FETCH,1762883563.681,44326,355,0.000,RAM
FETCH,1762883563.681,44326,663,0.000,RAM
FETCH,1762883563.682,44326,610,0.000,RAM
FETCH,1762883563.682,44326,189,0.000,RAM
FETCH,1762883563.682,44326,975,0.000,RAM
FETCH,1762883563.683,44326,190,0.000,RAM
FETCH,1762883563.683,44326,686,0.000,RAM
FETCH,1762883563.683,44326,373,0.000,RAM
FETCH,1762883563.683,44326,350,0.000,RAM
FETCH,1762883563.684,44326,441,0.000,RAM
FETCH,1762883563.684,44326,409,0.000,RAM
FETCH,1762883563.684,44326,89,0.000,RAM
FETCH,1762883563.685,44326,519,0.001,RAM
FETCH,1762883563.685,44326,87,0.000,RAM
PROCESS,1762883563.908,44316,100,742,650,590,665,540,220,762,625,736,384,518,56,682,724,539,136,832,572,583,402,803,546,509,632,699,633,486,675,780,317,754,381,700,151,980,264,594,766,279,90,424,654,150,467,525,319,5,704,721,895,397,836,591,160,750,200,244,614,241,159,693,881,887,4,629,533,630,205,314,791,473,489,454,574,528,544,825,10,391,47,463,248,907,814,511,880,740,9,712,462,329,423,43,748,774,800,878,852,488,311
PROCESS,1762883564.160,44316,100,940,453,720,385,13,586,889,960,760,524,734,296,63,128,883,334,320,221,900,146,741,85,198,352,716,354,408,657,105,617,794,551,710,331,208,477,326,884,910,390,775,157,694,864,457,425,27,589,979,667,731,967,34,217,622,370,108,503,116,324,796,345,981,252,685,38,903,164,483,278,733,238,840,312,926,392,615,39,140,749,7,687,588,137,143,213,3,246,436,168,403,64,232,487,507,222,127,985,955,367
PROCESS,1762883564.425,44316,100,810,359,16,99,646,826,218,120,532,179,634,885,271,566,934,874,100,730,784,494,22,882,771,527,37,648,514,844,414,501,947,751,626,797,270,426,254,358,94,84,529,609,468,953,440,755,708,647,139,378,109,313,996,419,612,365,602,18,182,231,968,553,911,611,421,899,147,510,912,439,905,543,180,994,429,984,666,867,30,478,993,661,757,707,415,53,658,51,418,623,361,848,170,866,534,575,584,23,801,183
PROCESS,1762883564.684,44316,100,226,638,565,847,580,458,701,556,194,807,758,978,505,161,608,856,495,662,28,988,785,915,369,569,555,332,106,692,607,986,17,752,725,382,924,406,753,284,624,156,455,65,192,19,573,809,443,764,706,268,827,15,288,894,674,672,173,959,842,298,719,323,777,835,592,702,91,644,112,802,627,121,58,297,929,346,909,879,954,603,400,52,266,203,294,813,163,946,283,343,437,399,433,860,599,466,621,82,295,12
PROCESS,1762883564.939,44316,100,937,154,126,498,186,582,812,870,681,862,405,598,549,11,348,372,169,115,272,789,167,310,744,243,404,465,547,73,808,492,490,897,732,445,131,772,125,104,671,103,776,223,430,228,95,118,111,287,155,202,579,36,853,896,338,989,893,57,230,737,817,375,401,98,184,330,280,193,689,172,637,739,619,787,256,664,642,928,728,258,97,804,655,925,177,165,738,357,815,481,291,240,596,175,863,834,289,516,442,234
PROCESS,1762883565.204,44316,100,398,395,958,470,376,999,299,236,604,600,562,76,255,536,396,585,427,570,587,778,793,259,123,306,428,640,416,80,786,101,831,552,545,957,961,908,790,635,321,451,922,578,353,944,196,747,916,515,537,77,8,435,861,695,779,446,336,859,892,227,185,301,460,411,199,983,292,379,235,459,383,305,517,340,452,952,921,275,79,191,531,420,645,61,773,931,302,628,315,407,386,410,260,325,526,756,83,307,636,620
PROCESS,1762883565.478,44316,100,347,0,75,60,643,816,362,267,475,162,558,174,342,461,951,917,251,328,542,380,956,40,377,806,659,673,820,597,564,471,846,219,322,713,729,485,349,818,124,92,412,913,195,224,948,290,207,839,535,914,837,923,868,520,70,393,727,265,281,309,491,850,107,550,964,735,81,613,641,709,303,841,890,765,877,904,990,768,601,649,351,906,871,676,134,262,684,257,982,606,341,920,830,936,845,86,973,476,197,216
PROCESS,1762883565.751,44316,100,176,59,484,438,206,114,823,717,763,576,496,938,656,605,360,178,711,242,798,502,563,888,935,939,972,54,559,554,29,389,821,683,337,541,688,858,651,130,696,782,865,62,149,819,945,261,824,949,995,233,366,132,843,851,113,434,371,950,761,344,838,521,41,431,577,857,450,769,849,639,788,722,209,122,33,668,78,828,181,187,855,560,364,327,135,444,355,663,610,189,975,190,686,373,350,441,409,89,519,87
FETCH,1762883566.024,44325,801,0.000,RAM
FETCH,1762883566.024,44328,708,0.000,RAM
FETCH,1762883566.024,44325,25,0.000,RAM
FETCH,1762883566.024,44327,987,0.000,RAM
FETCH,1762883566.024,44328,149,0.000,RAM
FETCH,1762883566.025,44326,485,0.001,RAM
FETCH,1762883566.025,44327,545,0.000,RAM
FETCH,1762883566.025,44326,245,0.000,RAM
FETCH,1762883566.025,44328,991,0.000,RAM
FETCH,1762883566.025,44327,850,0.000,RAM
FETCH,1762883566.025,44326,352,0.000,RAM
FETCH,1762883566.025,44325,863,0.000,RAM
FETCH,1762883566.025,44328,183,0.000,RAM
FETCH,1762883566.025,44326,638,0.000,RAM
FETCH,1762883566.025,44328,12,0.000,RAM
FETCH,1762883566.025,44327,359,0.000,RAM
FETCH,1762883566.025,44325,569,0.000,RAM
FETCH,1762883566.025,44326,345,0.000,RAM
FETCH,1762883566.026,44328,342,0.000,RAM
FETCH,1762883566.026,44327,618,0.000,RAM
FETCH,1762883566.026,44328,50,0.000,RAM
FETCH,1762883566.026,44325,772,0.000,RAM
FETCH,1762883566.026,44326,493,0.000,RAM
FETCH,1762883566.026,44327,838,0.000,RAM
FETCH,1762883566.026,44326,753,0.000,RAM
FETCH,1762883566.026,44327,219,0.000,RAM
FETCH,1762883566.026,44328,522,0.000,RAM
FETCH,1762883566.026,44326,579,0.000,RAM
FETCH,1762883566.026,44325,599,0.000,RAM
FETCH,1762883566.026,44327,833,0.000,RAM
FETCH,1762883566.026,44325,60,0.000,RAM
FETCH,1762883566.027,44326,947,0.000,RAM
FETCH,1762883566.027,44327,907,0.000,RAM
FETCH,1762883566.027,44328,697,0.000,RAM
FETCH,1762883566.027,44326,14,0.000,RAM
FETCH,1762883566.027,44325,824,0.000,RAM
FETCH,1762883566.027,44327,259,0.000,RAM
FETCH,1762883566.027,44326,938,0.000,RAM
FETCH,1762883566.027,44325,699,0.000,RAM
FETCH,1762883566.027,44327,985,0.000,RAM
FETCH,1762883566.027,44328,443,0.001,RAM
FETCH,1762883566.027,44325,114,0.000,RAM
FETCH,1762883566.027,44328,246,0.000,RAM
FETCH,1762883566.027,44327,810,0.000,RAM
FETCH,1762883566.028,44326,727,0.001,RAM
FETCH,1762883566.028,44328,4,0.000,RAM
FETCH,1762883566.028,44327,690,0.000,RAM
FETCH,1762883566.028,44326,226,0.000,RAM
FETCH,1762883566.028,44327,881,0.000,RAM
FETCH,1762883566.028,44328,530,0.000,RAM
FETCH,1762883566.028,44326,551,0.000,RAM
FETCH,1762883566.028,44327,794,0.000,RAM
FETCH,1762883566.028,44328,622,0.000,RAM
FETCH,1762883566.028,44325,416,0.001,RAM
FETCH,1762883566.028,44326,267,0.000,RAM
FETCH,1762883566.028,44325,11,0.000,RAM
FETCH,1762883566.028,44327,203,0.000,RAM
FETCH,1762883566.029,44326,20,0.000,RAM
FETCH,1762883566.029,44328,393,0.000,RAM
FETCH,1762883566.029,44327,606,0.000,RAM
FETCH,1762883566.029,44328,733,0.000,RAM
FETCH,1762883566.029,44325,151,0.000,RAM
FETCH,1762883566.029,44327,69,0.000,RAM
FETCH,1762883566.029,44328,775,0.000,RAM
FETCH,1762883566.029,44326,773,0.000,RAM
FETCH,1762883566.029,44327,317,0.000,RAM
FETCH,1762883566.029,44328,704,0.000,RAM
FETCH,1762883566.029,44325,740,0.000,RAM
FETCH,1762883566.029,44327,166,0.000,RAM
FETCH,1762883566.029,44326,324,0.000,RAM
FETCH,1762883566.029,44327,304,0.000,RAM
FETCH,1762883566.029,44325,479,0.000,RAM
FETCH,1762883566.029,44326,862,0.000,RAM
FETCH,1762883566.030,44328,591,0.000,RAM
FETCH,1762883566.030,44327,582,0.000,RAM
FETCH,1762883566.030,44326,882,0.000,RAM
FETCH,1762883566.030,44325,75,0.000,RAM
FETCH,1762883566.030,44325,780,0.000,RAM
FETCH,1762883566.030,44328,327,0.000,RAM
FETCH,1762883566.030,44325,89,0.000,RAM
FETCH,1762883566.030,44326,880,0.000,RAM
FETCH,1762883566.030,44327,39,0.000,RAM
FETCH,1762883566.030,44328,117,0.000,RAM
FETCH,1762883566.030,44325,86,0.000,RAM
FETCH,1762883566.030,44326,719,0.000,RAM
FETCH,1762883566.030,44328,241,0.000,RAM
FETCH,1762883566.030,44327,53,0.000,RAM
FETCH,1762883566.030,44325,935,0.000,RAM
FETCH,1762883566.030,44326,214,0.000,RAM
FETCH,1762883566.030,44327,547,0.000,RAM
FETCH,1762883566.030,44328,131,0.000,RAM
FETCH,1762883566.031,44325,593,0.000,RAM
FETCH,1762883566.031,44328,487,0.000,RAM
FETCH,1762883566.031,44326,646,0.000,RAM
FETCH,1762883566.031,44327,153,0.000,RAM
FETCH,1762883566.031,44325,189,0.000,RAM
FETCH,1762883566.031,44328,422,0.000,RAM
FETCH,1762883566.031,44326,82,0.000,RAM
FETCH,1762883566.031,44327,992,0.000,RAM
FETCH,1762883566.031,44328,973,0.000,RAM
FETCH,1762883566.031,44326,460,0.000,RAM
FETCH,1762883566.031,44325,590,0.000,RAM
FETCH,1762883566.031,44327,217,0.000,RAM
FETCH,1762883566.031,44328,580,0.000,RAM
FETCH,1762883566.031,44327,675,0.000,RAM
FETCH,1762883566.031,44326,453,0.000,RAM
FETCH,1762883566.031,44328,470,0.000,RAM
FETCH,1762883566.031,44325,986,0.000,RAM
FETCH,1762883566.031,44326,144,0.000,RAM
FETCH,1762883566.031,44325,97,0.000,RAM
FETCH,1762883566.032,44326,376,0.000,RAM
FETCH,1762883566.032,44328,919,0.000,RAM
FETCH,1762883566.032,44327,710,0.000,RAM
FETCH,1762883566.032,44328,81,0.000,RAM
FETCH,1762883566.032,44326,350,0.000,RAM
FETCH,1762883566.032,44325,604,0.000,RAM
FETCH,1762883566.032,44327,272,0.000,RAM
FETCH,1762883566.032,44328,944,0.000,RAM
FETCH,1762883566.032,44326,713,0.000,RAM
FETCH,1762883566.032,44327,384,0.000,RAM
FETCH,1762883566.032,44328,270,0.000,RAM
FETCH,1762883566.032,44325,54,0.000,RAM
FETCH,1762883566.032,44327,737,0.000,RAM
FETCH,1762883566.032,44328,712,0.000,RAM
FETCH,1762883566.032,44326,969,0.000,RAM
FETCH,1762883566.032,44326,714,0.000,RAM
FETCH,1762883566.032,44327,677,0.000,RAM
FETCH,1762883566.033,44325,72,0.000,RAM
FETCH,1762883566.033,44326,916,0.000,RAM
FETCH,1762883566.033,44328,887,0.000,RAM
FETCH,1762883566.033,44325,610,0.000,RAM
FETCH,1762883566.033,44326,900,0.000,RAM
FETCH,1762883566.033,44327,308,0.000,RAM
FETCH,1762883566.033,44328,668,0.000,RAM
FETCH,1762883566.033,44325,565,0.000,RAM
FETCH,1762883566.033,44326,368,0.000,RAM
FETCH,1762883566.033,44328,922,0.000,RAM
FETCH,1762883566.033,44325,799,0.000,RAM
FETCH,1762883566.033,44326,177,0.000,RAM
FETCH,1762883566.033,44327,688,0.000,RAM
FETCH,1762883566.033,44325,760,0.000,RAM
FETCH,1762883566.033,44328,792,0.000,RAM
FETCH,1762883566.033,44326,657,0.000,RAM
FETCH,1762883566.034,44327,319,0.000,RAM
FETCH,1762883566.034,44328,848,0.000,RAM
FETCH,1762883566.034,44327,633,0.000,RAM
FETCH,1762883566.034,44325,223,0.000,RAM
FETCH,1762883566.034,44328,370,0.000,RAM
FETCH,1762883566.034,44326,510,0.000,RAM
FETCH,1762883566.034,44325,282,0.000,RAM
FETCH,1762883566.034,44326,946,0.000,RAM
FETCH,1762883566.034,44328,107,0.000,RAM
FETCH,1762883566.034,44327,433,0.000,RAM
FETCH,1762883566.034,44326,726,0.000,RAM
FETCH,1762883566.034,44325,865,0.000,RAM
FETCH,1762883566.034,44326,888,0.000,RAM
FETCH,1762883566.034,44328,896,0.000,RAM
FETCH,1762883566.034,44325,684,0.000,RAM
FETCH,1762883566.034,44326,645,0.000,RAM
FETCH,1762883566.035,44327,127,0.000,RAM
FETCH,1762883566.035,44328,238,0.000,RAM
FETCH,1762883566.035,44326,669,0.000,RAM
FETCH,1762883566.035,44325,273,0.000,RAM
FETCH,1762883566.035,44326,457,0.000,RAM
FETCH,1762883566.035,44327,763,0.000,RAM
FETCH,1762883566.035,44328,889,0.000,RAM
FETCH,1762883566.035,44325,873,0.000,RAM
FETCH,1762883566.035,44326,492,0.000,RAM
FETCH,1762883566.035,44327,230,0.000,RAM
FETCH,1762883566.035,44325,265,0.000,RAM
FETCH,1762883566.035,44327,518,0.000,RAM
FETCH,1762883566.035,44328,220,0.000,RAM
FETCH,1762883566.035,44327,655,0.000,RAM
FETCH,1762883566.035,44325,941,0.000,RAM
FETCH,1762883566.035,44326,546,0.000,RAM
FETCH,1762883566.035,44328,45,0.000,RAM
FETCH,1762883566.035,44326,173,0.000,RAM
FETCH,1762883566.035,44327,35,0.000,RAM
FETCH,1762883566.035,44325,130,0.000,RAM
FETCH,1762883566.035,44328,999,0.000,RAM
FETCH,1762883566.036,44326,339,0.000,RAM
FETCH,1762883566.036,44325,184,0.000,RAM
FETCH,1762883566.036,44327,421,0.000,RAM
FETCH,1762883566.036,44328,347,0.000,RAM
FETCH,1762883566.036,44326,21,0.000,RAM
FETCH,1762883566.036,44325,287,0.000,RAM
FETCH,1762883566.036,44326,557,0.000,RAM
FETCH,1762883566.036,44327,286,0.000,RAM
FETCH,1762883566.036,44328,98,0.000,RAM
FETCH,1762883566.036,44325,463,0.000,RAM
FETCH,1762883566.036,44327,314,0.000,RAM
FETCH,1762883566.036,44325,2,0.000,RAM
FETCH,1762883566.036,44326,43,0.000,RAM
FETCH,1762883566.036,44327,197,0.000,RAM
FETCH,1762883566.036,44328,486,0.000,RAM
FETCH,1762883566.036,44325,634,0.000,RAM
FETCH,1762883566.036,44326,306,0.000,RAM
FETCH,1762883566.036,44325,284,0.000,RAM
FETCH,1762883566.036,44327,320,0.000,RAM
FETCH,1762883566.036,44326,701,0.000,RAM
FETCH,1762883566.037,44325,185,0.000,RAM
FETCH,1762883566.037,44327,637,0.000,RAM
FETCH,1762883566.037,44325,108,0.000,RAM
FETCH,1762883566.037,44328,454,0.000,RAM
FETCH,1762883566.037,44326,279,0.000,RAM
FETCH,1762883566.037,44327,915,0.000,RAM
FETCH,1762883566.037,44328,575,0.000,RAM
FETCH,1762883566.037,44326,191,0.000,RAM
FETCH,1762883566.037,44325,450,0.000,RAM
FETCH,1762883566.037,44328,305,0.000,RAM
FETCH,1762883566.037,44326,464,0.000,RAM
FETCH,1762883566.037,44325,890,0.000,RAM
FETCH,1762883566.037,44327,325,0.000,RAM
FETCH,1762883566.037,44328,756,0.000,RAM
FETCH,1762883566.037,44325,446,0.000,RAM
FETCH,1762883566.037,44326,903,0.000,RAM
FETCH,1762883566.037,44327,437,0.000,RAM
FETCH,1762883566.038,44328,993,0.000,RAM
FETCH,1762883566.038,44326,434,0.000,RAM
FETCH,1762883566.038,44327,481,0.000,RAM
FETCH,1762883566.038,44328,323,0.000,RAM
FETCH,1762883566.038,44325,615,0.000,RAM
FETCH,1762883566.038,44327,616,0.000,RAM
FETCH,1762883566.038,44328,202,0.000,RAM
FETCH,1762883566.038,44325,15,0.000,RAM
FETCH,1762883566.038,44327,904,0.000,RAM
FETCH,1762883566.038,44328,411,0.000,RAM
FETCH,1762883566.038,44326,820,0.000,RAM
FETCH,1762883566.038,44325,536,0.000,RAM
FETCH,1762883566.038,44326,858,0.000,RAM
FETCH,1762883566.038,44328,953,0.000,RAM
FETCH,1762883566.038,44325,18,0.000,RAM
FETCH,1762883566.038,44327,644,0.000,RAM
FETCH,1762883566.038,44326,180,0.000,RAM
FETCH,1762883566.038,44325,563,0.000,RAM
FETCH,1762883566.039,44328,567,0.000,RAM
FETCH,1762883566.039,44325,474,0.000,RAM
FETCH,1762883566.039,44327,793,0.000,RAM
FETCH,1762883566.039,44328,519,0.000,RAM
FETCH,1762883566.039,44328,543,0.000,RAM
FETCH,1762883566.039,44327,480,0.000,RAM
FETCH,1762883566.039,44328,912,0.000,RAM
FETCH,1762883566.039,44325,163,0.000,RAM
FETCH,1762883566.039,44326,874,0.001,RAM
FETCH,1762883566.039,44328,776,0.000,RAM
FETCH,1762883566.039,44325,782,0.000,RAM
FETCH,1762883566.039,44326,275,0.000,RAM
FETCH,1762883566.039,44327,293,0.000,RAM
FETCH,1762883566.039,44328,83,0.000,RAM
FETCH,1762883566.039,44328,489,0.000,RAM
FETCH,1762883566.039,44326,379,0.000,RAM
FETCH,1762883566.040,44327,861,0.000,RAM
FETCH,1762883566.040,44325,692,0.000,RAM
FETCH,1762883566.040,44328,138,0.000,RAM
FETCH,1762883566.040,44325,868,0.000,RAM
FETCH,1762883566.040,44326,673,0.001,RAM
FETCH,1762883566.040,44327,948,0.001,RAM
FETCH,1762883566.040,44325,564,0.000,RAM
FETCH,1762883566.040,44328,672,0.001,RAM
FETCH,1762883566.041,44325,781,0.000,RAM
FETCH,1762883566.041,44328,587,0.000,RAM
FETCH,1762883566.041,44326,243,0.001,RAM
FETCH,1762883566.041,44327,179,0.001,RAM
FETCH,1762883566.041,44325,988,0.000,RAM
FETCH,1762883566.041,44328,476,0.000,RAM
FETCH,1762883566.041,44327,659,0.000,RAM
FETCH,1762883566.041,44326,885,0.001,RAM
FETCH,1762883566.042,44325,390,0.001,RAM
FETCH,1762883566.042,44327,99,0.001,RAM
FETCH,1762883566.042,44328,839,0.001,RAM
FETCH,1762883566.042,44326,268,0.001,RAM
FETCH,1762883566.042,44327,187,0.000,RAM
FETCH,1762883566.043,44326,662,0.000,RAM
FETCH,1762883566.043,44328,975,0.000,RAM
FETCH,1762883566.043,44327,472,0.000,RAM
FETCH,1762883566.043,44326,950,0.000,RAM
FETCH,1762883566.043,44328,313,0.000,RAM
FETCH,1762883566.043,44325,447,0.001,SSD
FETCH,1762883566.043,44327,521,0.000,RAM
FETCH,1762883566.043,44326,136,0.000,RAM
FETCH,1762883566.043,44325,157,0.000,RAM
FETCH,1762883566.044,44328,785,0.000,RAM
FETCH,1762883566.044,44327,322,0.000,RAM
FETCH,1762883566.044,44328,13,0.000,RAM
FETCH,1762883566.044,44325,738,0.000,RAM
FETCH,1762883566.044,44326,23,0.001,RAM
FETCH,1762883566.044,44327,375,0.000,RAM
FETCH,1762883566.044,44328,262,0.000,RAM
FETCH,1762883566.044,44327,571,0.000,RAM
FETCH,1762883566.044,44325,556,0.000,RAM
FETCH,1762883566.044,44327,808,0.000,RAM
FETCH,1762883566.045,44328,128,0.000,RAM
FETCH,1762883566.045,44325,559,0.000,RAM
FETCH,1762883566.045,44326,94,0.001,RAM
FETCH,1762883566.045,44327,989,0.000,RAM
FETCH,1762883566.045,44325,570,0.000,RAM
FETCH,1762883566.045,44328,139,0.000,RAM
FETCH,1762883566.045,44327,358,0.000,RAM
FETCH,1762883566.045,44326,836,0.000,RAM
FETCH,1762883566.045,44325,512,0.000,RAM
FETCH,1762883566.045,44327,221,0.000,RAM
FETCH,1762883566.046,44326,145,0.000,RAM
FETCH,1762883566.046,44327,205,0.000,RAM
FETCH,1762883566.046,44328,525,0.001,RAM
FETCH,1762883566.046,44325,301,0.000,RAM
FETCH,1762883566.046,44326,140,0.000,RAM
FETCH,1762883566.046,44327,914,0.000,RAM
FETCH,1762883566.046,44326,432,0.000,RAM
FETCH,1762883566.046,44328,535,0.000,RAM
FETCH,1762883566.046,44326,561,0.000,RAM
FETCH,1762883566.046,44325,95,0.001,RAM
FETCH,1762883566.046,44328,532,0.000,RAM
FETCH,1762883566.047,44326,783,0.000,RAM
FETCH,1762883566.047,44327,239,0.001,RAM
FETCH,1762883566.047,44325,531,0.000,RAM
FETCH,1762883566.047,44328,423,0.000,RAM
FETCH,1762883566.047,44327,193,0.000,RAM
FETCH,1762883566.047,44328,80,0.000,RAM
FETCH,1762883566.047,44326,225,0.001,RAM
FETCH,1762883566.047,44325,295,0.001,RAM
FETCH,1762883566.047,44327,288,0.000,RAM
FETCH,1762883566.048,44325,755,0.000,RAM
FETCH,1762883566.048,44328,126,0.001,RAM
FETCH,1762883566.048,44327,742,0.000,RAM
FETCH,1762883566.048,44326,396,0.001,RAM
FETCH,1762883566.048,44325,534,0.000,RAM
FETCH,1762883566.048,44328,796,0.000,RAM
FETCH,1762883566.048,44326,232,0.000,RAM
FETCH,1762883566.048,44327,101,0.000,RAM
FETCH,1762883566.048,44326,77,0.000,RAM
FETCH,1762883566.048,44328,29,0.000,RAM
FETCH,1762883566.048,44326,554,0.000,RAM
FETCH,1762883566.048,44327,609,0.000,RAM
FETCH,1762883566.048,44325,589,0.001,RAM
FETCH,1762883566.049,44327,998,0.000,RAM
FETCH,1762883566.049,44325,765,0.000,RAM
FETCH,1762883566.049,44326,951,0.000,RAM
FETCH,1762883566.049,44327,533,0.000,RAM
FETCH,1762883566.049,44328,558,0.001,RAM
FETCH,1762883566.049,44326,332,0.000,RAM
FETCH,1762883566.049,44327,632,0.000,RAM
FETCH,1762883566.049,44325,452,0.000,RAM
FETCH,1762883566.049,44328,369,0.000,RAM
FETCH,1762883566.049,44326,864,0.000,RAM
FETCH,1762883566.050,44327,972,0.000,RAM
FETCH,1762883566.050,44325,218,0.000,RAM
FETCH,1762883566.050,44328,164,0.000,RAM
FETCH,1762883566.050,44327,62,0.000,RAM
FETCH,1762883566.050,44326,155,0.000,RAM
FETCH,1762883566.050,44325,841,0.000,RAM
FETCH,1762883566.050,44328,394,0.000,RAM
FETCH,1762883566.050,44326,348,0.000,RAM
FETCH,1762883566.050,44328,196,0.000,RAM
FETCH,1762883566.051,44327,449,0.001,RAM
FETCH,1762883566.051,44325,802,0.001,RAM
FETCH,1762883566.051,44328,747,0.000,RAM
FETCH,1762883566.051,44327,129,0.000,RAM
FETCH,1762883566.051,44326,619,0.001,RAM
FETCH,1762883566.051,44325,392,0.001,RAM
FETCH,1762883566.052,44328,32,0.001,RAM
FETCH,1762883566.052,44326,920,0.000,RAM
FETCH,1762883566.052,44327,743,0.001,RAM
FETCH,1762883566.052,44325,923,0.000,RAM
FETCH,1762883566.052,44326,597,0.000,RAM
FETCH,1762883566.052,44328,36,0.000,RAM
FETCH,1762883566.052,44327,749,0.000,RAM
FETCH,1762883566.052,44325,374,0.000,RAM
FETCH,1762883566.052,44326,229,0.000,RAM
FETCH,1762883566.052,44326,113,0.000,RAM
FETCH,1762883566.053,44325,112,0.000,RAM
FETCH,1762883566.053,44326,439,0.000,RAM
FETCH,1762883566.053,44325,56,0.000,RAM
FETCH,1762883566.053,44326,103,0.000,RAM
FETCH,1762883566.053,44328,329,0.001,SSD
FETCH,1762883566.053,44327,932,0.001,SSD
FETCH,1762883566.054,44325,592,0.001,RAM
FETCH,1762883566.054,44327,636,0.000,RAM
FETCH,1762883566.054,44326,118,0.001,RAM
FETCH,1762883566.054,44328,110,0.001,RAM
FETCH,1762883566.054,44325,949,0.000,RAM
FETCH,1762883566.054,44326,855,0.000,RAM
FETCH,1762883566.054,44325,994,0.000,RAM
FETCH,1762883566.054,44326,497,0.000,RAM
FETCH,1762883566.054,44325,964,0.000,RAM
FETCH,1762883566.054,44327,212,0.001,RAM
FETCH,1762883566.055,44325,116,0.000,RAM
FETCH,1762883566.055,44328,798,0.001,RAM
FETCH,1762883566.055,44325,770,0.000,RAM
FETCH,1762883566.055,44325,419,0.000,RAM
FETCH,1762883566.055,44325,253,0.000,RAM
FETCH,1762883566.055,44325,584,0.000,RAM
FETCH,1762883566.055,44328,717,0.001,RAM
FETCH,1762883566.055,44327,482,0.001,RAM
FETCH,1762883566.056,44328,181,0.000,RAM
FETCH,1762883566.056,44327,961,0.000,RAM
FETCH,1762883566.056,44325,338,0.000,RAM
FETCH,1762883566.056,44328,208,0.000,RAM
FETCH,1762883566.056,44327,917,0.000,RAM
FETCH,1762883566.056,44328,213,0.000,RAM
FETCH,1762883566.056,44327,109,0.000,RAM
FETCH,1762883566.057,44326,816,0.001,RAM
FETCH,1762883566.057,44326,681,0.000,RAM
FETCH,1762883566.057,44326,572,0.000,RAM
FETCH,1762883566.057,44326,959,0.000,RAM
FETCH,1762883566.058,44326,271,0.000,RAM
FETCH,1762883566.058,44326,206,0.000,RAM
FETCH,1762883566.058,44326,577,0.000,RAM
FETCH,1762883566.058,44326,115,0.000,RAM
FETCH,1762883566.059,44326,355,0.000,RAM
FETCH,1762883566.059,44326,664,0.000,RAM
FETCH,1762883566.059,44328,852,0.001,SSD
FETCH,1762883566.059,44326,680,0.000,RAM
FETCH,1762883566.059,44327,686,0.001,RAM
FETCH,1762883566.059,44327,435,0.000,RAM
FETCH,1762883566.060,44326,666,0.000,RAM
FETCH,1762883566.060,44327,752,0.000,RAM
FETCH,1762883566.060,44328,192,0.001,RAM
FETCH,1762883566.060,44325,211,0.001,RAM
FETCH,1762883566.060,44327,552,0.000,RAM
FETCH,1762883566.060,44325,626,0.000,RAM
PROCESS,1762883566.060,44316,100,801,25,863,569,772,599,60,824,699,114,416,11,151,740,479,75,780,89,86,935,593,189,590,986,97,604,54,72,610,565,799,760,223,282,865,684,273,873,265,941,130,184,287,463,2,634,284,185,108,450,890,446,615,15,536,18,563,474,163,782,692,868,564,781,988,390,447,157,738,556,559,570,512,301,95,531,295,755,534,589,765,452,218,841,802,392,923,374,112,56,592,949,994,964,116,770,419,253,584,338
FETCH,1762883566.060,44325,837,0.000,RAM
FETCH,1762883566.060,44327,906,0.000,RAM
FETCH,1762883566.061,44328,242,0.001,RAM
FETCH,1762883566.061,44325,679,0.000,RAM
FETCH,1762883566.061,44326,494,0.001,SSD
FETCH,1762883566.061,44327,667,0.000,RAM
FETCH,1762883566.061,44328,415,0.000,RAM
FETCH,1762883566.061,44326,574,0.000,RAM
FETCH,1762883566.061,44325,540,0.000,RAM
FETCH,1762883566.061,44327,693,0.000,RAM
FETCH,1762883566.061,44326,280,0.000,RAM
FETCH,1762883566.061,44328,28,0.000,RAM
FETCH,1762883566.061,44325,133,0.000,RAM
FETCH,1762883566.061,44326,498,0.000,RAM
FETCH,1762883566.062,44327,857,0.000,RAM
FETCH,1762883566.062,44327,925,0.000,RAM
FETCH,1762883566.062,44325,967,0.000,RAM
FETCH,1762883566.062,44328,656,0.001,RAM
FETCH,1762883566.062,44326,826,0.001,RAM
FETCH,1762883566.062,44327,473,0.000,RAM
FETCH,1762883566.062,44325,351,0.000,RAM
FETCH,1762883566.062,44328,236,0.000,RAM
FETCH,1762883566.062,44326,942,0.000,RAM
FETCH,1762883566.062,44328,407,0.000,RAM
FETCH,1762883566.062,44325,924,0.000,RAM
FETCH,1762883566.063,44326,891,0.000,RAM
FETCH,1762883566.063,44328,541,0.000,RAM
FETCH,1762883566.063,44325,418,0.000,RAM
FETCH,1762883566.063,44326,605,0.000,RAM
FETCH,1762883566.063,44328,674,0.000,RAM
FETCH,1762883566.063,44325,90,0.000,RAM
FETCH,1762883566.063,44328,807,0.000,RAM
FETCH,1762883566.063,44326,228,0.001,RAM
FETCH,1762883566.064,44328,758,0.000,RAM
FETCH,1762883566.064,44326,400,0.000,RAM
FETCH,1762883566.064,44326,927,0.000,RAM
FETCH,1762883566.064,44326,728,0.000,RAM
FETCH,1762883566.064,44325,509,0.001,RAM
FETCH,1762883566.064,44327,905,0.002,SSD
FETCH,1762883566.064,44328,412,0.001,RAM
FETCH,1762883566.064,44326,598,0.000,RAM
FETCH,1762883566.065,44325,654,0.001,RAM
FETCH,1762883566.065,44326,830,0.000,RAM
FETCH,1762883566.065,44328,804,0.000,RAM
FETCH,1762883566.065,44325,700,0.000,RAM
FETCH,1762883566.065,44327,0,0.001,RAM
FETCH,1762883566.065,44326,639,0.000,RAM
FETCH,1762883566.065,44328,343,0.000,RAM
FETCH,1762883566.065,44327,38,0.000,RAM
FETCH,1762883566.066,44327,161,0.000,RAM
FETCH,1762883566.066,44325,832,0.000,RAM
FETCH,1762883566.066,44326,568,0.000,RAM
FETCH,1762883566.066,44328,875,0.000,RAM
FETCH,1762883566.066,44325,174,0.000,RAM
FETCH,1762883566.066,44326,581,0.000,RAM
FETCH,1762883566.066,44328,805,0.000,RAM
FETCH,1762883566.066,44326,276,0.000,RAM
FETCH,1762883566.066,44327,147,0.001,RAM
FETCH,1762883566.066,44325,687,0.000,RAM
FETCH,1762883566.066,44328,815,0.000,RAM
FETCH,1762883566.067,44327,614,0.000,RAM
FETCH,1762883566.067,44326,818,0.000,RAM
FETCH,1762883566.067,44325,321,0.000,RAM
FETCH,1762883566.067,44327,934,0.000,RAM
FETCH,1762883566.067,44326,366,0.000,RAM
FETCH,1762883566.067,44328,963,0.000,RAM
FETCH,1762883566.067,44326,381,0.000,RAM
FETCH,1762883566.067,44325,310,0.000,RAM
FETCH,1762883566.067,44326,696,0.000,RAM
FETCH,1762883566.067,44325,261,0.000,RAM
FETCH,1762883566.067,44327,294,0.001,RAM
FETCH,1762883566.067,44327,292,0.000,RAM
FETCH,1762883566.067,44328,643,0.001,RAM
FETCH,1762883566.067,44327,27,0.000,RAM
FETCH,1762883566.068,44325,7,0.000,RAM
FETCH,1762883566.068,44326,285,0.001,RAM
FETCH,1762883566.068,44328,413,0.000,RAM
FETCH,1762883566.068,44326,367,0.000,RAM
FETCH,1762883566.068,44325,188,0.000,RAM
FETCH,1762883566.068,44327,382,0.000,RAM
FETCH,1762883566.068,44325,945,0.000,RAM
FETCH,1762883566.068,44326,64,0.000,RAM
FETCH,1762883566.068,44327,528,0.000,RAM
FETCH,1762883566.068,44328,237,0.000,RAM
FETCH,1762883566.068,44327,933,0.000,RAM
FETCH,1762883566.068,44328,436,0.000,RAM
FETCH,1762883566.068,44326,996,0.000,RAM
FETCH,1762883566.068,44325,856,0.000,RAM
FETCH,1762883566.068,44327,156,0.000,RAM
FETCH,1762883566.068,44328,165,0.000,RAM
FETCH,1762883566.069,44326,84,0.000,RAM
FETCH,1762883566.069,44325,257,0.000,RAM
FETCH,1762883566.069,44328,954,0.000,RAM
FETCH,1762883566.069,44328,312,0.000,RAM
FETCH,1762883566.069,44327,48,0.000,RAM
FETCH,1762883566.069,44326,46,0.000,RAM
FETCH,1762883566.069,44325,484,0.000,RAM
FETCH,1762883566.069,44328,354,0.000,RAM
FETCH,1762883566.069,44326,96,0.000,RAM
FETCH,1762883566.069,44327,428,0.000,RAM
FETCH,1762883566.069,44325,68,0.000,RAM
FETCH,1762883566.069,44326,55,0.000,RAM
FETCH,1762883566.069,44327,658,0.000,RAM
FETCH,1762883566.069,44325,37,0.000,RAM
FETCH,1762883566.069,44326,829,0.000,RAM
FETCH,1762883566.069,44328,764,0.000,RAM
FETCH,1762883566.069,44325,956,0.000,RAM
FETCH,1762883566.069,44326,979,0.000,RAM
FETCH,1762883566.069,44327,709,0.000,RAM
FETCH,1762883566.069,44326,812,0.000,RAM
FETCH,1762883566.070,44328,702,0.000,RAM
FETCH,1762883566.070,44325,420,0.000,RAM
FETCH,1762883566.070,44326,162,0.000,RAM
FETCH,1762883566.070,44327,431,0.000,RAM
FETCH,1762883566.070,44328,603,0.000,RAM
FETCH,1762883566.070,44326,511,0.000,RAM
FETCH,1762883566.070,44325,899,0.000,RAM
FETCH,1762883566.070,44328,336,0.000,RAM
FETCH,1762883566.070,44327,277,0.000,RAM
FETCH,1762883566.070,44326,791,0.000,RAM
FETCH,1762883566.070,44328,200,0.000,RAM
FETCH,1762883566.070,44326,341,0.000,RAM
FETCH,1762883566.070,44327,224,0.000,RAM
FETCH,1762883566.070,44328,409,0.000,RAM
FETCH,1762883566.070,44325,502,0.000,RAM
FETCH,1762883566.070,44326,142,0.000,RAM
FETCH,1762883566.070,44328,111,0.000,RAM
FETCH,1762883566.070,44327,501,0.000,RAM
FETCH,1762883566.070,44328,537,0.000,RAM
FETCH,1762883566.071,44325,122,0.000,RAM
FETCH,1762883566.071,44327,650,0.000,RAM
FETCH,1762883566.071,44326,825,0.000,RAM
FETCH,1762883566.071,44325,803,0.000,RAM
FETCH,1762883566.071,44327,576,0.000,RAM
FETCH,1762883566.071,44326,401,0.000,RAM
FETCH,1762883566.071,44328,514,0.000,RAM
FETCH,1762883566.071,44325,538,0.000,RAM
FETCH,1762883566.071,44326,683,0.000,RAM
FETCH,1762883566.071,44328,386,0.000,RAM
FETCH,1762883566.071,44325,661,0.000,RAM
FETCH,1762883566.071,44326,92,0.000,RAM
FETCH,1762883566.071,44327,298,0.000,RAM
FETCH,1762883566.071,44328,6,0.000,RAM
FETCH,1762883566.071,44327,9,0.000,RAM
FETCH,1762883566.071,44328,79,0.000,RAM
FETCH,1762883566.071,44326,123,0.000,RAM
FETCH,1762883566.071,44327,958,0.000,RAM
FETCH,1762883566.071,44326,249,0.000,RAM
FETCH,1762883566.071,44327,488,0.000,RAM
FETCH,1762883566.071,44328,250,0.000,RAM
FETCH,1762883566.072,44326,739,0.000,RAM
FETCH,1762883566.072,44325,417,0.001,RAM
FETCH,1762883566.072,44327,70,0.000,RAM
FETCH,1762883566.072,44326,898,0.000,RAM
FETCH,1762883566.072,44325,283,0.000,RAM
FETCH,1762883566.072,44328,16,0.000,RAM
FETCH,1762883566.072,44326,876,0.000,RAM
FETCH,1762883566.072,44327,974,0.000,RAM
FETCH,1762883566.072,44325,769,0.000,RAM
FETCH,1762883566.072,44328,784,0.000,RAM
FETCH,1762883566.072,44327,406,0.000,RAM
FETCH,1762883566.072,44325,520,0.000,RAM
FETCH,1762883566.072,44326,895,0.000,RAM
FETCH,1762883566.072,44327,65,0.000,RAM
FETCH,1762883566.072,44328,754,0.000,RAM
FETCH,1762883566.072,44325,625,0.000,RAM
FETCH,1762883566.072,44326,611,0.000,RAM
FETCH,1762883566.072,44328,340,0.000,RAM
FETCH,1762883566.073,44325,965,0.000,RAM
FETCH,1762883566.073,44326,515,0.000,RAM
FETCH,1762883566.073,44328,467,0.000,RAM
FETCH,1762883566.073,44327,132,0.001,RAM
FETCH,1762883566.073,44325,629,0.000,RAM
FETCH,1762883566.073,44328,736,0.000,RAM
FETCH,1762883566.073,44326,908,0.000,RAM
FETCH,1762883566.073,44326,774,0.000,RAM
FETCH,1762883566.073,44328,251,0.000,RAM
FETCH,1762883566.073,44328,867,0.000,RAM
FETCH,1762883566.073,44327,877,0.000,RAM
FETCH,1762883566.073,44325,957,0.000,RAM
FETCH,1762883566.073,44328,425,0.000,RAM
FETCH,1762883566.073,44326,387,0.000,RAM
FETCH,1762883566.073,44326,477,0.000,RAM
FETCH,1762883566.073,44328,365,0.000,RAM
FETCH,1762883566.074,44325,442,0.000,RAM
FETCH,1762883566.074,44327,255,0.000,RAM
FETCH,1762883566.074,44326,330,0.000,RAM
FETCH,1762883566.074,44328,391,0.000,RAM
FETCH,1762883566.074,44326,371,0.000,RAM
FETCH,1762883566.074,44325,745,0.000,RAM
FETCH,1762883566.074,44328,913,0.000,RAM
FETCH,1762883566.074,44326,731,0.000,RAM
FETCH,1762883566.074,44327,361,0.000,RAM
FETCH,1762883566.074,44325,735,0.000,RAM
FETCH,1762883566.074,44326,88,0.000,RAM
FETCH,1762883566.074,44328,649,0.000,RAM
FETCH,1762883566.074,44325,377,0.000,RAM
FETCH,1762883566.074,44327,49,0.000,RAM
FETCH,1762883566.074,44328,299,0.000,RAM
FETCH,1762883566.074,44326,814,0.000,RAM
FETCH,1762883566.074,44326,651,0.000,RAM
FETCH,1762883566.074,44328,817,0.000,RAM
FETCH,1762883566.074,44326,233,0.000,RAM
FETCH,1762883566.074,44328,566,0.000,RAM
FETCH,1762883566.074,44327,955,0.000,RAM
FETCH,1762883566.074,44325,847,0.000,RAM
FETCH,1762883566.075,44326,326,0.000,RAM
FETCH,1762883566.075,44327,440,0.000,RAM
FETCH,1762883566.075,44328,516,0.000,RAM
FETCH,1762883566.075,44327,716,0.000,RAM
FETCH,1762883566.075,44326,635,0.000,RAM
FETCH,1762883566.075,44325,766,0.000,RAM
FETCH,1762883566.075,44328,827,0.000,RAM
FETCH,1762883566.075,44327,85,0.000,RAM
FETCH,1762883566.075,44325,335,0.000,RAM
FETCH,1762883566.075,44326,723,0.000,RAM
FETCH,1762883566.075,44325,902,0.000,RAM
FETCH,1762883566.075,44327,91,0.000,RAM
FETCH,1762883566.075,44326,555,0.000,RAM
FETCH,1762883566.075,44328,560,0.000,RAM
FETCH,1762883566.075,44326,143,0.000,RAM
FETCH,1762883566.075,44328,216,0.000,RAM
FETCH,1762883566.076,44325,921,0.000,RAM
FETCH,1762883566.076,44327,508,0.000,RAM
FETCH,1762883566.076,44326,337,0.000,RAM
FETCH,1762883566.076,44328,172,0.000,RAM
FETCH,1762883566.076,44325,761,0.000,RAM
FETCH,1762883566.076,44326,583,0.000,RAM
FETCH,1762883566.076,44327,647,0.000,RAM
FETCH,1762883566.076,44328,234,0.000,RAM
FETCH,1762883566.076,44325,734,0.000,RAM
FETCH,1762883566.076,44327,970,0.000,RAM
FETCH,1762883566.076,44325,600,0.000,RAM
FETCH,1762883566.076,44328,722,0.000,RAM
FETCH,1762883566.076,44326,596,0.000,RAM
FETCH,1762883566.076,44325,61,0.000,RAM
FETCH,1762883566.076,44328,426,0.000,RAM
FETCH,1762883566.076,44325,845,0.000,RAM
FETCH,1762883566.076,44326,623,0.000,RAM
FETCH,1762883566.076,44327,703,0.000,RAM
FETCH,1762883566.076,44328,372,0.000,RAM
FETCH,1762883566.076,44327,74,0.000,RAM
FETCH,1762883566.077,44327,194,0.000,RAM
FETCH,1762883566.077,44326,529,0.000,RAM
FETCH,1762883566.077,44325,73,0.000,RAM
FETCH,1762883566.077,44328,715,0.000,RAM
FETCH,1762883566.077,44326,93,0.000,RAM
FETCH,1762883566.077,44325,787,0.000,RAM
FETCH,1762883566.077,44328,883,0.000,RAM
FETCH,1762883566.077,44326,678,0.000,RAM
FETCH,1762883566.077,44327,809,0.000,RAM
FETCH,1762883566.077,44325,125,0.000,RAM
FETCH,1762883566.077,44328,483,0.000,RAM
FETCH,1762883566.077,44325,471,0.000,RAM
FETCH,1762883566.077,44327,195,0.000,RAM
FETCH,1762883566.077,44328,549,0.000,RAM
FETCH,1762883566.077,44325,461,0.000,RAM
FETCH,1762883566.077,44326,67,0.000,RAM
FETCH,1762883566.077,44325,315,0.000,RAM
FETCH,1762883566.077,44326,31,0.000,RAM
FETCH,1762883566.078,44328,357,0.000,RAM
FETCH,1762883566.078,44327,842,0.000,RAM
FETCH,1762883566.078,44325,397,0.000,RAM
FETCH,1762883566.078,44326,721,0.000,RAM
FETCH,1762883566.078,44325,660,0.000,RAM
FETCH,1762883566.078,44327,940,0.000,RAM
FETCH,1762883566.078,44328,309,0.000,RAM
FETCH,1762883566.078,44325,170,0.000,RAM
FETCH,1762883566.078,44327,507,0.000,RAM
FETCH,1762883566.078,44328,402,0.000,RAM
FETCH,1762883566.078,44326,871,0.000,RAM
FETCH,1762883566.078,44327,405,0.000,RAM
FETCH,1762883566.078,44328,966,0.000,RAM
FETCH,1762883566.078,44325,750,0.000,RAM
FETCH,1762883566.078,44326,169,0.000,RAM
FETCH,1762883566.078,44328,495,0.000,RAM
FETCH,1762883566.078,44325,759,0.000,RAM
FETCH,1762883566.078,44327,124,0.000,RAM
FETCH,1762883566.079,44325,705,0.000,RAM
FETCH,1762883566.079,44326,762,0.000,RAM
FETCH,1762883566.079,44325,148,0.000,RAM
FETCH,1762883566.079,44328,676,0.000,RAM
FETCH,1762883566.079,44326,490,0.000,RAM
FETCH,1762883566.079,44325,297,0.000,RAM
FETCH,1762883566.079,44327,777,0.000,RAM
FETCH,1762883566.079,44328,278,0.000,RAM
FETCH,1762883566.079,44326,42,0.000,RAM
FETCH,1762883566.079,44325,725,0.000,RAM
FETCH,1762883566.079,44328,819,0.000,RAM
FETCH,1762883566.079,44326,105,0.000,RAM
FETCH,1762883566.079,44327,806,0.000,RAM
FETCH,1762883566.079,44325,134,0.000,RAM
FETCH,1762883566.079,44326,926,0.000,RAM
FETCH,1762883566.079,44328,445,0.000,RAM
FETCH,1762883566.079,44327,744,0.000,RAM
FETCH,1762883566.079,44325,289,0.000,RAM
FETCH,1762883566.079,44326,526,0.000,RAM
FETCH,1762883566.079,44328,789,0.000,RAM
FETCH,1762883566.079,44325,822,0.000,RAM
FETCH,1762883566.079,44327,751,0.000,RAM
FETCH,1762883566.080,44328,302,0.000,RAM
FETCH,1762883566.080,44325,527,0.000,RAM
FETCH,1762883566.080,44326,264,0.000,RAM
FETCH,1762883566.080,44328,640,0.000,RAM
FETCH,1762883566.080,44327,274,0.000,RAM
FETCH,1762883566.080,44326,995,0.000,RAM
FETCH,1762883566.080,44325,160,0.000,RAM
FETCH,1762883566.080,44328,628,0.000,RAM
FETCH,1762883566.080,44328,33,0.000,RAM
FETCH,1762883566.080,44326,260,0.000,RAM
FETCH,1762883566.080,44325,19,0.000,RAM
FETCH,1762883566.080,44328,952,0.000,RAM
FETCH,1762883566.080,44326,52,0.000,RAM
FETCH,1762883566.080,44327,135,0.000,RAM
FETCH,1762883566.080,44327,399,0.000,RAM
FETCH,1762883566.080,44328,843,0.000,RAM
FETCH,1762883566.080,44325,980,0.000,RAM
FETCH,1762883566.080,44328,694,0.000,RAM
FETCH,1762883566.081,44327,503,0.000,RAM
FETCH,1762883566.081,44325,718,0.000,RAM
FETCH,1762883566.081,44328,869,0.000,RAM
FETCH,1762883566.081,44325,872,0.000,RAM
FETCH,1762883566.081,44327,441,0.000,RAM
FETCH,1762883566.081,44325,380,0.000,RAM
FETCH,1762883566.081,44327,878,0.000,RAM
FETCH,1762883566.081,44325,879,0.000,RAM
FETCH,1762883566.081,44328,788,0.000,RAM
FETCH,1762883566.081,44325,100,0.000,RAM
FETCH,1762883566.081,44328,897,0.000,RAM
FETCH,1762883566.081,44327,146,0.000,RAM
FETCH,1762883566.081,44325,608,0.000,RAM
FETCH,1762883566.082,44328,346,0.000,RAM
FETCH,1762883566.082,44325,517,0.000,RAM
FETCH,1762883566.082,44328,210,0.000,RAM
FETCH,1762883566.082,44327,553,0.000,RAM
FETCH,1762883566.082,44327,47,0.000,RAM
FETCH,1762883566.082,44325,106,0.000,RAM
FETCH,1762883566.082,44325,844,0.000,RAM
FETCH,1762883566.082,44328,178,0.000,RAM
FETCH,1762883566.082,44327,620,0.000,RAM
FETCH,1762883566.082,44325,542,0.000,RAM
FETCH,1762883566.082,44325,670,0.000,RAM
FETCH,1762883566.082,44328,711,0.000,RAM
FETCH,1762883566.082,44327,997,0.000,RAM
FETCH,1762883566.082,44325,983,0.000,RAM
FETCH,1762883566.083,44328,383,0.000,RAM
FETCH,1762883566.083,44327,778,0.000,RAM
FETCH,1762883566.083,44325,831,0.000,RAM
FETCH,1762883566.083,44328,990,0.000,RAM
FETCH,1762883566.083,44328,76,0.000,RAM
FETCH,1762883566.083,44327,30,0.000,RAM
FETCH,1762883566.083,44325,167,0.000,RAM
FETCH,1762883566.083,44327,458,0.000,RAM
FETCH,1762883566.083,44328,240,0.000,RAM
FETCH,1762883566.083,44325,59,0.000,RAM
FETCH,1762883566.083,44327,222,0.000,RAM
FETCH,1762883566.083,44328,311,0.000,RAM
FETCH,1762883566.083,44325,51,0.000,RAM
FETCH,1762883566.083,44327,928,0.000,RAM
FETCH,1762883566.083,44328,617,0.000,RAM
FETCH,1762883566.083,44325,281,0.000,RAM
FETCH,1762883566.084,44327,158,0.000,RAM
FETCH,1762883566.084,44328,562,0.000,RAM
FETCH,1762883566.084,44325,943,0.000,RAM
FETCH,1762883566.084,44325,860,0.000,RAM
FETCH,1762883566.084,44327,456,0.000,RAM
FETCH,1762883566.084,44327,665,0.000,RAM
FETCH,1762883566.084,44325,119,0.000,RAM
FETCH,1762883566.085,44327,910,0.001,RAM
FETCH,1762883566.085,44327,641,0.000,RAM
FETCH,1762883566.085,44327,190,0.000,RAM
FETCH,1762883566.085,44327,524,0.000,RAM
FETCH,1762883566.086,44327,707,0.000,RAM
FETCH,1762883566.086,44325,427,0.000,RAM
FETCH,1762883566.086,44327,886,0.000,RAM
FETCH,1762883566.086,44325,790,0.000,RAM
FETCH,1762883566.086,44327,204,0.000,RAM
FETCH,1762883566.086,44325,247,0.000,RAM
FETCH,1762883566.086,44327,642,0.000,RAM
FETCH,1762883566.086,44325,929,0.000,RAM
FETCH,1762883566.086,44327,853,0.000,RAM
FETCH,1762883566.086,44325,201,0.000,RAM
FETCH,1762883566.086,44325,911,0.000,RAM
FETCH,1762883566.086,44327,263,0.000,RAM
FETCH,1762883566.086,44325,813,0.000,RAM
FETCH,1762883566.087,44325,504,0.000,RAM
FETCH,1762883566.087,44327,595,0.000,RAM
FETCH,1762883566.087,44327,823,0.000,RAM
FETCH,1762883566.087,44325,523,0.000,RAM
FETCH,1762883566.087,44325,395,0.000,RAM
FETCH,1762883566.087,44325,706,0.000,RAM
FETCH,1762883566.087,44325,414,0.000,RAM
FETCH,1762883566.087,44325,720,0.000,RAM
FETCH,1762883566.087,44325,732,0.000,RAM
FETCH,1762883566.088,44325,87,0.000,RAM
FETCH,1762883566.088,44325,594,0.000,RAM
FETCH,1762883566.088,44325,478,0.000,RAM
FETCH,1762883566.088,44325,462,0.000,RAM
FETCH,1762883566.088,44325,984,0.000,RAM
FETCH,1762883566.089,44325,121,0.000,RAM
FETCH,1762883566.089,44325,695,0.000,RAM
FETCH,1762883566.089,44325,698,0.000,RAM
FETCH,1762883566.089,44325,768,0.000,RAM
FETCH,1762883566.089,44325,835,0.000,RAM
FETCH,1762883566.089,44325,724,0.000,RAM
FETCH,1762883566.089,44325,729,0.000,RAM
FETCH,1762883566.090,44325,982,0.000,RAM
FETCH,1762883566.090,44325,291,0.000,RAM
FETCH,1762883566.090,44325,652,0.000,RAM
FETCH,1762883566.090,44325,602,0.000,RAM
FETCH,1762883566.090,44325,5,0.000,RAM
FETCH,1762883566.090,44325,186,0.000,RAM
FETCH,1762883566.090,44325,360,0.000,RAM
FETCH,1762883566.090,44325,334,0.000,RAM
FETCH,1762883566.090,44325,363,0.000,RAM
FETCH,1762883566.091,44325,307,0.000,RAM
FETCH,1762883566.091,44325,3,0.000,RAM
FETCH,1762883566.091,44325,349,0.000,RAM
FETCH,1762883566.091,44325,671,0.000,RAM
FETCH,1762883566.092,44325,971,0.000,RAM
FETCH,1762883566.092,44325,248,0.000,RAM
FETCH,1762883566.092,44325,303,0.000,RAM
FETCH,1762883566.092,44325,150,0.000,RAM
FETCH,1762883566.092,44325,828,0.000,RAM
FETCH,1762883566.092,44325,331,0.000,RAM
FETCH,1762883566.093,44325,398,0.000,RAM
FETCH,1762883566.093,44325,730,0.000,RAM
FETCH,1762883566.093,44325,834,0.000,RAM
FETCH,1762883566.093,44325,24,0.000,RAM
FETCH,1762883566.093,44325,57,0.000,RAM
FETCH,1762883566.093,44325,918,0.000,RAM
FETCH,1762883566.093,44325,491,0.000,RAM
FETCH,1762883566.093,44325,373,0.000,RAM
FETCH,1762883566.093,44325,746,0.000,RAM
FETCH,1762883566.094,44325,40,0.000,RAM
FETCH,1762883566.095,44325,685,0.001,SSD
FETCH,1762883566.095,44325,17,0.000,RAM
FETCH,1762883566.095,44325,936,0.000,RAM
FETCH,1762883566.095,44325,465,0.000,RAM
FETCH,1762883566.095,44325,22,0.000,RAM
FETCH,1762883566.096,44325,981,0.000,RAM
FETCH,1762883566.096,44325,34,0.000,RAM
FETCH,1762883566.096,44325,757,0.000,RAM
FETCH,1762883566.096,44325,378,0.000,RAM
FETCH,1762883566.096,44325,931,0.000,RAM
FETCH,1762883566.096,44325,171,0.000,RAM
FETCH,1762883566.097,44325,455,0.000,RAM
FETCH,1762883566.097,44325,209,0.000,RAM
FETCH,1762883566.097,44325,586,0.000,RAM
FETCH,1762883566.097,44325,976,0.000,RAM
FETCH,1762883566.097,44325,821,0.000,RAM
FETCH,1762883566.097,44325,550,0.000,RAM
FETCH,1762883566.098,44325,104,0.000,RAM
FETCH,1762883566.098,44325,10,0.000,RAM
FETCH,1762883566.098,44325,182,0.000,RAM
FETCH,1762883566.098,44325,506,0.000,RAM
FETCH,1762883566.098,44325,71,0.000,RAM
FETCH,1762883566.098,44325,631,0.000,RAM
FETCH,1762883566.098,44325,120,0.000,RAM
FETCH,1762883566.098,44325,410,0.000,RAM
FETCH,1762883566.099,44325,403,0.000,RAM
FETCH,1762883566.099,44325,159,0.000,RAM
FETCH,1762883566.099,44325,612,0.000,RAM
FETCH,1762883566.099,44325,968,0.000,RAM
FETCH,1762883566.099,44325,854,0.000,RAM
FETCH,1762883566.099,44325,252,0.000,RAM
FETCH,1762883566.099,44325,296,0.000,RAM
FETCH,1762883566.099,44325,235,0.000,RAM
FETCH,1762883566.100,44325,152,0.000,RAM
FETCH,1762883566.100,44325,937,0.000,RAM
FETCH,1762883566.100,44325,258,0.000,RAM
FETCH,1762883566.100,44325,451,0.000,RAM
FETCH,1762883566.100,44325,102,0.000,RAM
FETCH,1762883566.101,44325,389,0.000,RAM
FETCH,1762883566.101,44325,385,0.000,RAM
FETCH,1762883566.101,44325,663,0.000,RAM
FETCH,1762883566.101,44325,300,0.000,RAM
FETCH,1762883566.101,44325,266,0.000,RAM
FETCH,1762883566.101,44325,459,0.000,RAM
FETCH,1762883566.101,44325,333,0.000,RAM
PROCESS,1762883566.403,44316,100,485,245,352,638,345,493,753,579,947,14,938,727,226,551,267,20,773,324,862,882,880,719,214,646,82,460,453,144,376,350,713,969,714,916,900,368,177,657,510,946,726,888,645,669,457,492,546,173,339,21,557,43,306,701,279,191,464,903,434,820,858,180,874,275,379,673,243,885,268,662,950,136,23,94,836,145,140,432,561,783,225,396,232,77,554,951,332,864,155,348,619,920,597,229,113,439,103,118,855,497
FETCH,1762883566.405,44326,977,0.001,RAM
FETCH,1762883566.405,44326,978,0.000,RAM
FETCH,1762883566.406,44326,468,0.000,RAM
FETCH,1762883566.406,44326,444,0.000,RAM
FETCH,1762883566.407,44326,939,0.000,RAM
FETCH,1762883566.409,44326,811,0.002,SSD
FETCH,1762883566.410,44326,930,0.000,RAM
FETCH,1762883566.411,44326,771,0.000,RAM
FETCH,1762883566.413,44326,870,0.002,SSD
FETCH,1762883566.420,44326,137,0.002,SSD
FETCH,1762883566.422,44326,653,0.001,SSD
FETCH,1762883566.424,44326,613,0.002,SSD
FETCH,1762883566.426,44326,429,0.002,SSD
FETCH,1762883566.428,44326,256,0.001,SSD
FETCH,1762883566.428,44326,356,0.000,RAM
FETCH,1762883566.428,44326,539,0.000,RAM
FETCH,1762883566.429,44326,316,0.000,RAM
FETCH,1762883566.429,44326,198,0.000,RAM
FETCH,1762883566.430,44326,627,0.001,RAM
FETCH,1762883566.430,44326,909,0.000,RAM
FETCH,1762883566.430,44326,66,0.000,RAM
FETCH,1762883566.431,44326,601,0.001,RAM
FETCH,1762883566.432,44326,859,0.001,RAM
FETCH,1762883566.432,44326,215,0.000,RAM
FETCH,1762883566.433,44326,846,0.001,RAM
FETCH,1762883566.433,44326,466,0.000,RAM
FETCH,1762883566.434,44326,748,0.000,RAM
FETCH,1762883566.434,44326,499,0.000,RAM
FETCH,1762883566.435,44326,63,0.001,RAM
FETCH,1762883566.437,44326,168,0.002,SSD
FETCH,1762883566.438,44326,648,0.001,SSD
FETCH,1762883566.438,44326,58,0.000,RAM
FETCH,1762883566.439,44326,800,0.001,RAM
FETCH,1762883566.440,44326,795,0.000,RAM
FETCH,1762883566.440,44326,779,0.000,RAM
FETCH,1762883566.441,44326,8,0.001,SSD
FETCH,1762883566.442,44326,840,0.001,RAM
FETCH,1762883566.442,44326,894,0.000,RAM
FETCH,1762883566.442,44326,41,0.000,RAM
FETCH,1762883566.443,44326,630,0.001,RAM
FETCH,1762883566.443,44326,227,0.000,RAM
FETCH,1762883566.445,44326,328,0.001,SSD
FETCH,1762883566.445,44326,901,0.000,RAM
FETCH,1762883566.446,44326,448,0.001,RAM
FETCH,1762883566.446,44326,588,0.000,RAM
FETCH,1762883566.447,44326,78,0.000,RAM
FETCH,1762883566.447,44326,544,0.000,RAM
FETCH,1762883566.448,44326,578,0.001,RAM
FETCH,1762883566.449,44326,585,0.000,RAM
FETCH,1762883566.450,44326,353,0.001,RAM
FETCH,1762883566.450,44326,513,0.000,RAM
FETCH,1762883566.450,44326,573,0.000,RAM
FETCH,1762883566.451,44326,141,0.000,RAM
FETCH,1762883566.452,44326,548,0.001,RAM
FETCH,1762883566.453,44326,866,0.001,RAM
FETCH,1762883566.453,44326,884,0.000,RAM
FETCH,1762883566.453,44326,851,0.000,RAM
FETCH,1762883566.453,44326,175,0.001,RAM
FETCH,1762883566.454,44326,404,0.000,RAM
FETCH,1762883566.454,44326,199,0.000,RAM
FETCH,1762883566.454,44326,44,0.000,RAM
FETCH,1762883566.454,44326,689,0.000,RAM
FETCH,1762883566.454,44326,767,0.000,RAM
FETCH,1762883566.454,44326,290,0.000,RAM
FETCH,1762883566.455,44326,254,0.000,RAM
FETCH,1762883566.455,44326,26,0.000,RAM
FETCH,1762883566.455,44326,469,0.000,RAM
FETCH,1762883566.455,44326,962,0.000,RAM
FETCH,1762883566.455,44326,430,0.000,RAM
FETCH,1762883566.455,44326,624,0.000,RAM
FETCH,1762883566.456,44326,496,0.000,RAM
FETCH,1762883566.456,44326,741,0.000,RAM
FETCH,1762883566.456,44326,682,0.000,RAM
FETCH,1762883566.456,44326,1,0.000,RAM
FETCH,1762883566.457,44326,154,0.000,RAM
FETCH,1762883566.457,44326,607,0.000,RAM
FETCH,1762883566.457,44326,207,0.000,RAM
FETCH,1762883566.457,44326,269,0.000,RAM
FETCH,1762883566.457,44326,691,0.000,RAM
FETCH,1762883566.457,44326,438,0.000,RAM
FETCH,1762883566.458,44326,388,0.001,RAM
FETCH,1762883566.458,44326,244,0.000,RAM
FETCH,1762883566.458,44326,505,0.000,RAM
FETCH,1762883566.458,44326,176,0.000,RAM
FETCH,1762883566.459,44326,408,0.000,RAM
FETCH,1762883566.459,44326,424,0.000,RAM
FETCH,1762883566.459,44326,344,0.000,RAM
FETCH,1762883566.459,44326,362,0.000,RAM
FETCH,1762883566.460,44326,500,0.000,RAM
FETCH,1762883566.460,44326,318,0.000,RAM
FETCH,1762883566.460,44326,364,0.000,RAM
FETCH,1762883566.460,44326,621,0.000,RAM
FETCH,1762883566.461,44326,786,0.000,RAM
FETCH,1762883566.461,44326,892,0.000,RAM
FETCH,1762883566.461,44326,231,0.000,RAM
FETCH,1762883566.461,44326,849,0.000,RAM
FETCH,1762883566.462,44326,797,0.000,RAM
FETCH,1762883566.462,44326,475,0.000,RAM
FETCH,1762883566.463,44326,893,0.000,RAM
FETCH,1762883566.463,44326,960,0.000,RAM
PROCESS,1762883566.730,44316,100,987,545,850,359,618,838,219,833,907,259,985,810,690,881,794,203,606,69,317,166,304,582,39,53,547,153,992,217,675,710,272,384,737,677,308,688,319,633,433,127,763,230,518,655,35,421,286,314,197,320,637,915,325,437,481,616,904,644,793,480,293,861,948,179,659,99,187,472,521,322,375,571,808,989,358,221,205,914,239,193,288,742,101,609,998,533,632,972,62,449,129,743,749,932,636,212,482,961,917,109
PROCESS,1762883566.995,44316,100,708,149,991,183,12,342,50,522,697,443,246,4,530,622,393,733,775,704,591,327,117,241,131,487,422,973,580,470,919,81,944,270,712,887,668,922,792,848,370,107,896,238,889,220,45,999,347,98,486,454,575,305,756,993,323,202,411,953,567,519,543,912,776,83,489,138,672,587,476,839,975,313,785,13,262,128,139,525,535,532,423,80,126,796,29,558,369,164,394,196,747,32,36,329,110,798,717,181,208,213
PROCESS,1762883567.260,44316,100,211,626,837,679,540,133,967,351,924,418,90,509,654,700,832,174,687,321,310,261,7,188,945,856,257,484,68,37,956,420,899,502,122,803,538,661,417,283,769,520,625,965,629,957,442,745,735,377,847,766,335,902,921,761,734,600,61,845,73,787,125,471,461,315,397,660,170,750,759,705,148,297,725,134,289,822,527,160,19,980,718,872,380,879,100,608,517,106,844,542,670,983,831,167,59,51,281,943,860,119
PROCESS,1762883567.522,44316,100,816,681,572,959,271,206,577,115,355,664,680,666,494,574,280,498,826,942,891,605,228,400,927,728,598,830,639,568,581,276,818,366,381,696,285,367,64,996,84,46,96,55,829,979,812,162,511,791,341,142,825,401,683,92,123,249,739,898,876,895,611,515,908,774,387,477,330,371,731,88,814,651,233,326,635,723,555,143,337,583,596,623,529,93,678,67,31,721,871,169,762,490,42,105,926,526,264,995,260,52
PROCESS,1762883567.785,44316,100,686,435,752,552,906,667,693,857,925,473,905,0,38,161,147,614,934,294,292,27,382,528,933,156,48,428,658,709,431,277,224,501,650,576,298,9,958,488,70,974,406,65,132,877,255,361,49,955,440,716,85,91,508,647,970,703,74,194,809,195,842,940,507,405,124,777,806,744,751,274,135,399,503,441,878,146,553,47,620,997,778,30,458,222,928,158,456,665,910,641,190,524,707,886,204,642,853,263,595,823
PROCESS,1762883568.078,44316,100,852,192,242,415,28,656,236,407,541,674,807,758,412,804,343,875,805,815,963,643,413,237,436,165,954,312,354,764,702,603,336,200,409,111,537,514,386,6,79,250,16,784,754,340,467,736,251,867,425,365,391,913,649,299,817,566,516,827,560,216,172,234,722,426,372,715,883,483,549,357,309,402,966,495,676,278,819,445,789,302,640,628,33,952,843,694,869,788,897,346,210,178,711,383,990,76,240,311,617,562
PROCESS,1762883568.359,44316,100,427,790,247,929,201,911,813,504,523,395,706,414,720,732,87,594,478,462,984,121,695,698,768,835,724,729,982,291,652,602,5,186,360,334,363,307,3,349,671,971,248,303,150,828,331,398,730,834,24,57,918,491,373,746,40,685,17,936,465,22,981,34,757,378,931,171,455,209,586,976,821,550,104,10,182,506,71,631,120,410,403,159,612,968,854,252,296,235,152,937,258,451,102,389,385,663,300,266,459,333
PROCESS,1762883568.639,44316,100,977,978,468,444,939,811,930,771,870,137,653,613,429,256,356,539,316,198,627,909,66,601,859,215,846,466,748,499,63,168,648,58,800,795,779,8,840,894,41,630,227,328,901,448,588,78,544,578,585,353,513,573,141,548,866,884,851,175,404,199,44,689,767,290,254,26,469,962,430,624,496,741,682,1,154,607,207,269,691,438,388,244,505,176,408,424,344,362,500,318,364,621,786,892,231,849,797,475,893,960
