# FETCH and PROCESS log
FETCH,1763418960.224,7105,255,0.0151,RPC
FETCH,1763418960.226,7104,337,0.0169,RPC
FETCH,1763418967.590,7106,672,7.3774,RPC
FETCH,1763418967.593,7106,579,0.0033,RPC
FETCH,1763418967.599,7106,55,0.0058,RPC
FETCH,1763418967.605,7106,795,0.0054,RPC
FETCH,1763418967.749,7104,674,7.5238,RPC
FETCH,1763418967.753,7104,204,0.0032,RPC
FETCH,1763418968.042,7106,677,0.4376,RPC
FETCH,1763418968.048,7106,191,0.0057,RPC
FETCH,1763418970.572,7103,470,10.3634,RPC
FETCH,1763418970.576,7103,780,0.0036,RPC
FETCH,1763418970.579,7103,691,0.0032,RPC
FETCH,1763418970.582,7103,23,0.0034,RPC
FETCH,1763418970.586,7103,359,0.0038,RPC
FETCH,1763418970.590,7103,565,0.0034,RPC
FETCH,1763418970.593,7103,502,0.0035,RPC
FETCH,1763418970.597,7103,218,0.0035,RPC
FETCH,1763418970.600,7103,12,0.0032,RPC
FETCH,1763418970.656,7103,471,0.0556,RPC
FETCH,1763418970.660,7103,297,0.0038,RPC
FETCH,1763418970.663,7103,414,0.0038,RPC
FETCH,1763418970.667,7103,883,0.0032,RPC
FETCH,1763418970.671,7103,324,0.0037,RPC
FETCH,1763418971.695,7105,929,11.4713,RPC
FETCH,1763418971.699,7105,343,0.0034,RPC
FETCH,1763418971.702,7105,569,0.0035,RPC
FETCH,1763418971.706,7105,327,0.0038,RPC
FETCH,1763418971.710,7105,265,0.0036,RPC
FETCH,1763418971.713,7105,820,0.0033,RPC
FETCH,1763418971.717,7105,812,0.0030,RPC
FETCH,1763418971.720,7105,144,0.0034,RPC
FETCH,1763418971.723,7105,709,0.0031,RPC
FETCH,1763418971.726,7105,134,0.0029,RPC
FETCH,1763418971.730,7105,271,0.0038,RPC
FETCH,1763418971.734,7105,852,0.0037,RPC
FETCH,1763418971.737,7105,122,0.0030,RPC
FETCH,1763418971.740,7105,18,0.0033,RPC
FETCH,1763418971.743,7105,69,0.0031,RPC
FETCH,1763418971.747,7105,549,0.0030,RPC
FETCH,1763418971.750,7105,834,0.0031,RPC
FETCH,1763418971.753,7105,676,0.0034,RPC
FETCH,1763418971.756,7105,221,0.0030,RPC
FETCH,1763418971.759,7105,619,0.0031,RPC
FETCH,1763418971.763,7105,871,0.0033,RPC
FETCH,1763418971.766,7105,869,0.0035,RPC
FETCH,1763418971.770,7105,831,0.0031,RPC
FETCH,1763418971.773,7105,813,0.0031,RPC
FETCH,1763418973.176,7104,725,5.4228,RPC
FETCH,1763418973.179,7104,0,0.0033,RPC
FETCH,1763418973.183,7104,369,0.0039,RPC
FETCH,1763418973.186,7104,724,0.0030,RPC
FETCH,1763418973.189,7104,881,0.0031,RPC
FETCH,1763418973.193,7104,358,0.0039,RPC
FETCH,1763418973.197,7104,767,0.0036,RPC
FETCH,1763418973.200,7104,922,0.0030,RPC
FETCH,1763418973.203,7104,692,0.0035,RPC
FETCH,1763418973.207,7104,559,0.0030,RPC
FETCH,1763418973.212,7104,937,0.0054,RPC
FETCH,1763418973.215,7104,212,0.0032,RPC
FETCH,1763418973.219,7104,642,0.0032,RPC
FETCH,1763418973.226,7104,378,0.0069,RPC
FETCH,1763418973.229,7104,808,0.0032,RPC
FETCH,1763418973.233,7104,316,0.0038,RPC
FETCH,1763418973.236,7104,501,0.0030,RPC
FETCH,1763418973.239,7104,833,0.0030,RPC
FETCH,1763418973.242,7104,149,0.0031,RPC
FETCH,1763418973.245,7104,82,0.0031,RPC
FETCH,1763418973.248,7104,816,0.0030,RPC
FETCH,1763418973.252,7104,658,0.0032,RPC
FETCH,1763418973.256,7104,329,0.0038,RPC
FETCH,1763418973.259,7104,825,0.0031,RPC
FETCH,1763418973.262,7104,150,0.0030,RPC
FETCH,1763418973.265,7104,243,0.0029,RPC
FETCH,1763418973.268,7104,539,0.0033,RPC
FETCH,1763418973.271,7104,898,0.0031,RPC
FETCH,1763418973.274,7104,819,0.0030,RPC
FETCH,1763418973.278,7104,778,0.0030,RPC
FETCH,1763418973.282,7104,485,0.0039,RPC
FETCH,1763418973.288,7104,620,0.0061,RPC
FETCH,1763418973.291,7104,519,0.0030,RPC
FETCH,1763418973.294,7104,647,0.0029,RPC
FETCH,1763418973.297,7104,628,0.0034,RPC
FETCH,1763418973.300,7104,664,0.0028,RPC
FETCH,1763418973.303,7104,79,0.0031,RPC
FETCH,1763418973.307,7104,33,0.0032,RPC
FETCH,1763418973.919,7104,732,0.6124,RPC
FETCH,1763418973.922,7104,668,0.0030,RPC
FETCH,1763418973.925,7104,675,0.0028,RPC
FETCH,1763418973.929,7104,360,0.0037,RPC
FETCH,1763418973.932,7104,11,0.0033,RPC
FETCH,1763418973.936,7104,66,0.0035,RPC
FETCH,1763418973.939,7104,646,0.0030,RPC
FETCH,1763418973.942,7104,81,0.0030,RPC
FETCH,1763418973.945,7104,16,0.0030,RPC
FETCH,1763418973.948,7104,49,0.0031,RPC
FETCH,1763418973.952,7104,173,0.0035,RPC
FETCH,1763418973.955,7104,508,0.0030,RPC
FETCH,1763418973.958,7104,789,0.0031,RPC
FETCH,1763418973.962,7104,609,0.0036,RPC
FETCH,1763418973.965,7104,597,0.0030,RPC
FETCH,1763418973.968,7104,38,0.0032,RPC
FETCH,1763418973.971,7104,223,0.0030,RPC
FETCH,1763418973.977,7104,63,0.0053,RPC
FETCH,1763418973.981,7104,409,0.0038,RPC
FETCH,1763418973.984,7104,863,0.0031,RPC
FETCH,1763418973.987,7104,382,0.0037,RPC
FETCH,1763418973.991,7104,236,0.0033,RPC
FETCH,1763418973.994,7104,932,0.0031,RPC
FETCH,1763418975.310,7105,746,3.5375,RPC
FETCH,1763418975.314,7105,940,0.0034,RPC
FETCH,1763418975.317,7105,726,0.0030,RPC
FETCH,1763418975.320,7105,948,0.0031,RPC
FETCH,1763418975.324,7105,488,0.0037,RPC
FETCH,1763418975.327,7105,702,0.0032,RPC
FETCH,1763418975.330,7105,703,0.0031,RPC
FETCH,1763418975.334,7105,624,0.0036,RPC
FETCH,1763418975.337,7105,673,0.0028,RPC
FETCH,1763418975.341,7105,264,0.0038,RPC
FETCH,1763418975.344,7105,712,0.0034,RPC
FETCH,1763418975.350,7105,250,0.0055,RPC
FETCH,1763418975.354,7105,492,0.0038,RPC
FETCH,1763418975.357,7105,141,0.0033,RPC
FETCH,1763418975.361,7105,259,0.0039,RPC
FETCH,1763418975.365,7105,422,0.0038,RPC
FETCH,1763418975.368,7105,822,0.0031,RPC
FETCH,1763418975.372,7105,355,0.0042,RPC
FETCH,1763418975.376,7105,710,0.0034,RPC
FETCH,1763418975.380,7105,574,0.0038,RPC
FETCH,1763418975.383,7105,751,0.0031,RPC
FETCH,1763418975.387,7105,468,0.0038,RPC
FETCH,1763418975.390,7105,367,0.0036,RPC
FETCH,1763418975.394,7105,447,0.0037,RPC
FETCH,1763418975.398,7105,862,0.0033,RPC
FETCH,1763418975.402,7105,915,0.0039,RPC
FETCH,1763418975.405,7105,115,0.0032,RPC
FETCH,1763418975.409,7105,296,0.0039,RPC
FETCH,1763418975.412,7105,27,0.0033,RPC
FETCH,1763418975.416,7105,168,0.0032,RPC
FETCH,1763418975.419,7105,765,0.0032,RPC
FETCH,1763418975.422,7105,885,0.0032,RPC
FETCH,1763418975.425,7105,41,0.0032,RPC
FETCH,1763418975.429,7105,867,0.0033,RPC
FETCH,1763418975.433,7105,321,0.0039,RPC
FETCH,1763418975.436,7105,524,0.0029,RPC
FETCH,1763418975.440,7105,411,0.0038,RPC
FETCH,1763418975.443,7105,585,0.0032,RPC
FETCH,1763418975.446,7105,723,0.0031,RPC
FETCH,1763418975.449,7105,53,0.0032,RPC
FETCH,1763418975.453,7105,214,0.0035,RPC
FETCH,1763418975.456,7105,160,0.0030,RPC
FETCH,1763418975.459,7105,239,0.0031,RPC
FETCH,1763418975.462,7105,29,0.0031,RPC
FETCH,1763418975.466,7105,633,0.0031,RPC
FETCH,1763418975.469,7105,34,0.0037,RPC
FETCH,1763418975.473,7105,797,0.0033,RPC
FETCH,1763418975.476,7105,830,0.0032,RPC
FETCH,1763418975.480,7105,351,0.0037,RPC
FETCH,1763418975.483,7105,752,0.0030,RPC
FETCH,1763418975.486,7105,581,0.0031,RPC
FETCH,1763418975.490,7105,295,0.0039,RPC
FETCH,1763418975.608,7106,749,7.5595,RPC
FETCH,1763418975.612,7106,260,0.0039,RPC
FETCH,1763418975.615,7106,532,0.0030,RPC
FETCH,1763418975.618,7106,648,0.0030,RPC
FETCH,1763418975.622,7106,426,0.0038,RPC
FETCH,1763418975.626,7106,444,0.0039,RPC
FETCH,1763418975.680,7106,965,0.0547,RPC
FETCH,1763418975.686,7106,110,0.0051,RPC
FETCH,1763418975.689,7106,45,0.0031,RPC
FETCH,1763418975.693,7106,390,0.0038,RPC
FETCH,1763418975.696,7106,679,0.0030,RPC
FETCH,1763418975.699,7106,202,0.0030,RPC
FETCH,1763418975.702,7106,136,0.0033,RPC
FETCH,1763418975.705,7106,516,0.0031,RPC
FETCH,1763418975.709,7106,418,0.0039,RPC
FETCH,1763418975.713,7106,801,0.0033,RPC
FETCH,1763418975.716,7106,917,0.0030,RPC
FETCH,1763418975.719,7106,886,0.0030,RPC
FETCH,1763418975.722,7106,91,0.0030,RPC
FETCH,1763418975.725,7106,171,0.0027,RPC
FETCH,1763418975.728,7106,921,0.0030,RPC
FETCH,1763418975.731,7106,73,0.0030,RPC
FETCH,1763418975.734,7106,156,0.0029,RPC
FETCH,1763418975.737,7106,836,0.0031,RPC
FETCH,1763418975.741,7106,395,0.0038,RPC
FETCH,1763418975.744,7106,538,0.0031,RPC
FETCH,1763418975.747,7106,873,0.0029,RPC
FETCH,1763418975.750,7106,120,0.0031,RPC
FETCH,1763418976.083,7105,969,0.5932,RPC
FETCH,1763418976.087,7105,945,0.0033,RPC
FETCH,1763418976.090,7105,649,0.0030,RPC
FETCH,1763418976.093,7105,669,0.0029,RPC
FETCH,1763418976.096,7105,108,0.0032,RPC
FETCH,1763418976.099,7105,888,0.0030,RPC
FETCH,1763418976.102,7105,8,0.0030,RPC
FETCH,1763418976.105,7105,661,0.0030,RPC
FETCH,1763418976.108,7105,590,0.0031,RPC
FETCH,1763418976.112,7105,385,0.0038,RPC
FETCH,1763418976.116,7105,85,0.0031,RPC
FETCH,1763418976.119,7105,607,0.0030,RPC
FETCH,1763418976.123,7105,275,0.0044,RPC
FETCH,1763418976.126,7105,568,0.0031,RPC
FETCH,1763418976.130,7105,828,0.0033,RPC
FETCH,1763418976.133,7105,632,0.0034,RPC
FETCH,1763418976.137,7105,140,0.0035,RPC
FETCH,1763418976.140,7105,170,0.0030,RPC
FETCH,1763418976.143,7105,100,0.0028,RPC
FETCH,1763418976.146,7105,882,0.0030,RPC
FETCH,1763418976.149,7105,912,0.0029,RPC
FETCH,1763418976.153,7105,784,0.0037,RPC
FETCH,1763418976.156,7105,305,0.0038,RPC
FETCH,1763418976.158,7106,970,0.4072,RPC
FETCH,1763418976.161,7106,459,0.0036,RPC
FETCH,1763418976.164,7105,253,0.0050,RPC
FETCH,1763418976.164,7106,137,0.0029,RPC
FETCH,1763418976.168,7105,498,0.0037,RPC
FETCH,1763418976.171,7105,145,0.0030,RPC
FETCH,1763418976.174,7105,3,0.0029,RPC
FETCH,1763418976.177,7105,700,0.0030,RPC
FETCH,1763418976.180,7105,884,0.0031,RPC
FETCH,1763418976.184,7105,283,0.0039,RPC
FETCH,1763418976.187,7105,781,0.0030,RPC
FETCH,1763418976.191,7105,311,0.0035,RPC
FETCH,1763418976.194,7105,625,0.0032,RPC
FETCH,1763418976.197,7105,90,0.0031,RPC
FETCH,1763418976.200,7105,124,0.0029,RPC
FETCH,1763418976.204,7105,704,0.0031,RPC
FETCH,1763418976.207,7105,890,0.0030,RPC
FETCH,1763418976.211,7105,330,0.0038,RPC
FETCH,1763418976.214,7105,178,0.0030,RPC
FETCH,1763418976.217,7105,203,0.0032,RPC
FETCH,1763418976.220,7105,859,0.0030,RPC
FETCH,1763418976.223,7105,131,0.0031,RPC
FETCH,1763418976.226,7105,740,0.0032,RPC
FETCH,1763418976.230,7105,318,0.0037,RPC
FETCH,1763418976.233,7105,815,0.0029,RPC
FETCH,1763418976.236,7105,872,0.0029,RPC
FETCH,1763418976.239,7105,774,0.0029,RPC
FETCH,1763418976.242,7105,562,0.0031,RPC
FETCH,1763418976.246,7105,7,0.0031,RPC
FETCH,1763418976.249,7105,587,0.0030,RPC
FETCH,1763418976.252,7105,242,0.0029,RPC
FETCH,1763418976.255,7105,810,0.0030,RPC
FETCH,1763418976.258,7105,183,0.0030,RPC
FETCH,1763418976.262,7105,301,0.0038,RPC
FETCH,1763418976.265,7105,83,0.0032,RPC
FETCH,1763418977.389,7106,983,1.2245,RPC
FETCH,1763418977.392,7106,720,0.0033,RPC
FETCH,1763418977.396,7106,981,0.0032,RPC
FETCH,1763418977.400,7106,347,0.0039,RPC
FETCH,1763418977.403,7106,713,0.0035,RPC
FETCH,1763418977.407,7106,654,0.0032,RPC
FETCH,1763418977.410,7106,467,0.0037,RPC
FETCH,1763418977.414,7106,373,0.0040,RPC
FETCH,1763418977.418,7106,916,0.0031,RPC
FETCH,1763418977.421,7106,550,0.0031,RPC
FETCH,1763418977.425,7106,314,0.0037,RPC
FETCH,1763418977.428,7106,357,0.0039,RPC
FETCH,1763418977.432,7106,323,0.0038,RPC
FETCH,1763418977.436,7106,957,0.0033,RPC
FETCH,1763418977.439,7106,736,0.0030,RPC
FETCH,1763418977.442,7106,72,0.0032,RPC
FETCH,1763418977.445,7106,920,0.0030,RPC
FETCH,1763418977.448,7106,88,0.0031,RPC
FETCH,1763418977.452,7106,612,0.0033,RPC
FETCH,1763418977.455,7106,339,0.0038,RPC
FETCH,1763418977.459,7106,537,0.0031,RPC
FETCH,1763418977.462,7106,908,0.0030,RPC
FETCH,1763418977.465,7106,876,0.0031,RPC
FETCH,1763418977.468,7106,747,0.0034,RPC
FETCH,1763418977.472,7106,412,0.0038,RPC
FETCH,1763418977.475,7106,809,0.0028,RPC
FETCH,1763418977.479,7106,552,0.0031,RPC
FETCH,1763418977.482,7106,621,0.0034,RPC
FETCH,1763418977.485,7106,853,0.0030,RPC
FETCH,1763418977.489,7106,982,0.0033,RPC
FETCH,1763418977.491,7106,978,0.0029,RPC
FETCH,1763418977.495,7106,153,0.0032,RPC
FETCH,1763418977.498,7106,844,0.0031,RPC
FETCH,1763418977.502,7106,489,0.0038,RPC
FETCH,1763418977.505,7106,745,0.0032,RPC
FETCH,1763418977.508,7106,31,0.0031,RPC
FETCH,1763418977.511,7106,60,0.0032,RPC
FETCH,1763418977.515,7106,959,0.0030,RPC
FETCH,1763418977.518,7106,942,0.0031,RPC
FETCH,1763418977.521,7106,125,0.0030,RPC
FETCH,1763418977.525,7106,477,0.0038,RPC
FETCH,1763418977.528,7106,506,0.0030,RPC
FETCH,1763418977.531,7106,762,0.0030,RPC
FETCH,1763418977.534,7106,86,0.0030,RPC
FETCH,1763418977.537,7106,133,0.0030,RPC
FETCH,1763418977.540,7106,210,0.0030,RPC
FETCH,1763418977.543,7106,602,0.0031,RPC
FETCH,1763418977.546,7106,616,0.0030,RPC
FETCH,1763418977.550,7106,399,0.0038,RPC
FETCH,1763418977.553,7106,227,0.0030,RPC
FETCH,1763418977.557,7106,167,0.0031,RPC
FETCH,1763418977.560,7106,446,0.0038,RPC
FETCH,1763418977.563,7106,46,0.0029,RPC
FETCH,1763418977.567,7106,240,0.0033,RPC
FETCH,1763418977.570,7106,829,0.0030,RPC
FETCH,1763418977.574,7106,474,0.0038,RPC
FETCH,1763418977.578,7106,466,0.0038,RPC
FETCH,1763418977.581,7106,866,0.0029,RPC
FETCH,1763418977.584,7106,682,0.0031,RPC
FETCH,1763418977.587,7106,228,0.0029,RPC
FETCH,1763418977.591,7106,366,0.0037,RPC
FETCH,1763418977.594,7106,389,0.0037,RPC
FETCH,1763418977.598,7106,687,0.0031,RPC
FETCH,1763418977.605,7106,729,0.0048,RPC
FETCH,1763418977.609,7106,356,0.0034,RPC
FETCH,1763418977.612,7106,473,0.0037,RPC
FETCH,1763418977.616,7106,17,0.0031,RPC
FETCH,1763418977.619,7106,716,0.0031,RPC
FETCH,1763418977.622,7106,257,0.0037,RPC
FETCH,1763418977.626,7106,605,0.0031,RPC
FETCH,1763418977.629,7106,572,0.0034,RPC
FETCH,1763418977.632,7106,693,0.0030,RPC
FETCH,1763418977.635,7106,707,0.0030,RPC
FETCH,1763418977.638,7106,933,0.0028,RPC
FETCH,1763418977.641,7106,158,0.0031,RPC
FETCH,1763418977.645,7106,397,0.0038,RPC
FETCH,1763418977.649,7106,892,0.0033,RPC
FETCH,1763418977.652,7106,44,0.0029,RPC
FETCH,1763418977.655,7106,490,0.0037,RPC
FETCH,1763418977.658,7106,580,0.0031,RPC
FETCH,1763418977.662,7106,435,0.0037,RPC
FETCH,1763418978.095,7105,990,1.8301,RPC
FETCH,1763418978.099,7105,14,0.0035,RPC
FETCH,1763418978.102,7105,231,0.0030,RPC
FETCH,1763418978.189,7103,991,7.5188,RPC
FETCH,1763418978.193,7103,25,0.0031,RPC
FETCH,1763418978.196,7103,775,0.0029,RPC
FETCH,1763418978.199,7103,354,0.0037,RPC
FETCH,1763418978.203,7103,310,0.0038,RPC
FETCH,1763418978.206,7103,973,0.0028,RPC
FETCH,1763418978.209,7103,728,0.0031,RPC
FETCH,1763418978.212,7103,770,0.0030,RPC
FETCH,1763418978.216,7103,103,0.0031,RPC
FETCH,1763418978.219,7103,766,0.0030,RPC
FETCH,1763418978.223,7103,306,0.0038,RPC
FETCH,1763418978.226,7103,903,0.0030,RPC
FETCH,1763418978.230,7103,269,0.0038,RPC
FETCH,1763418978.233,7103,678,0.0031,RPC
FETCH,1763418978.237,7103,408,0.0038,RPC
FETCH,1763418978.240,7103,77,0.0030,RPC
FETCH,1763418978.243,7103,925,0.0029,RPC
FETCH,1763418978.246,7103,215,0.0030,RPC
FETCH,1763418978.250,7103,475,0.0038,RPC
FETCH,1763418978.253,7103,573,0.0031,RPC
FETCH,1763418978.256,7103,47,0.0030,RPC
FETCH,1763418978.259,7103,234,0.0032,RPC
FETCH,1763418978.262,7103,895,0.0030,RPC
FETCH,1763418978.266,7103,198,0.0030,RPC
FETCH,1763418978.269,7103,591,0.0032,RPC
FETCH,1763418978.272,7103,864,0.0030,RPC
FETCH,1763418978.275,7103,738,0.0029,RPC
FETCH,1763418978.278,7103,626,0.0031,RPC
FETCH,1763418978.281,7103,129,0.0031,RPC
FETCH,1763418978.284,7103,575,0.0031,RPC
FETCH,1763418978.288,7103,787,0.0030,RPC
FETCH,1763418978.291,7103,165,0.0029,RPC
FETCH,1763418978.294,7103,266,0.0039,RPC
FETCH,1763418978.301,7103,855,0.0065,RPC
FETCH,1763418978.302,7105,992,0.1997,RPC
FETCH,1763418978.304,7103,104,0.0033,RPC
FETCH,1763418978.305,7105,497,0.0037,RPC
FETCH,1763418978.307,7103,799,0.0029,RPC
FETCH,1763418978.309,7105,652,0.0031,RPC
FETCH,1763418978.311,7103,111,0.0033,RPC
FETCH,1763418978.312,7105,548,0.0034,RPC
FETCH,1763418978.314,7103,93,0.0030,RPC
FETCH,1763418978.315,7105,698,0.0030,RPC
FETCH,1763418978.318,7103,270,0.0039,RPC
FETCH,1763418978.318,7105,157,0.0030,RPC
FETCH,1763418978.321,7103,845,0.0030,RPC
FETCH,1763418978.322,7105,322,0.0038,RPC
FETCH,1763418978.324,7103,545,0.0033,RPC
FETCH,1763418978.325,7105,630,0.0031,RPC
FETCH,1763418978.327,7103,655,0.0026,RPC
FETCH,1763418978.328,7105,87,0.0028,RPC
FETCH,1763418978.330,7103,936,0.0030,RPC
FETCH,1763418978.331,7105,556,0.0028,RPC
FETCH,1763418978.333,7103,715,0.0025,RPC
FETCH,1763418978.334,7105,989,0.0028,RPC
FETCH,1763418978.337,7103,284,0.0038,RPC
FETCH,1763418978.337,7105,531,0.0028,RPC
FETCH,1763418978.341,7105,541,0.0036,RPC
FETCH,1763418978.341,7103,566,0.0040,RPC
FETCH,1763418978.344,7105,860,0.0030,RPC
FETCH,1763418978.344,7103,304,0.0036,RPC
FETCH,1763418978.349,7105,419,0.0057,RPC
FETCH,1763418978.350,7103,342,0.0051,RPC
FETCH,1763418978.352,7105,838,0.0027,RPC
FETCH,1763418978.353,7103,5,0.0029,RPC
FETCH,1763418978.355,7105,512,0.0030,RPC
FETCH,1763418978.356,7103,487,0.0035,RPC
FETCH,1763418978.359,7105,527,0.0040,RPC
FETCH,1763418978.360,7103,731,0.0033,RPC
FETCH,1763418978.363,7105,505,0.0030,RPC
FETCH,1763418978.363,7103,335,0.0037,RPC
FETCH,1763418978.366,7105,592,0.0038,RPC
FETCH,1763418978.367,7103,577,0.0032,RPC
FETCH,1763418978.371,7105,211,0.0043,RPC
FETCH,1763418978.371,7103,244,0.0042,RPC
FETCH,1763418978.376,7103,410,0.0054,RPC
FETCH,1763418978.377,7105,454,0.0056,RPC
FETCH,1763418978.380,7105,515,0.0035,RPC
FETCH,1763418978.380,7103,721,0.0038,RPC
FETCH,1763418978.383,7105,967,0.0030,RPC
FETCH,1763418978.384,7103,423,0.0036,RPC
FETCH,1763418978.387,7105,823,0.0036,RPC
FETCH,1763418978.387,7103,622,0.0030,RPC
FETCH,1763418978.391,7105,849,0.0038,RPC
FETCH,1763418978.391,7103,841,0.0038,RPC
FETCH,1763418978.394,7105,563,0.0030,RPC
FETCH,1763418978.395,7103,307,0.0037,RPC
FETCH,1763418978.397,7105,417,0.0036,RPC
FETCH,1763418978.398,7103,604,0.0030,RPC
FETCH,1763418978.401,7103,776,0.0029,RPC
FETCH,1763418978.401,7105,401,0.0038,RPC
FETCH,1763418978.404,7103,233,0.0031,RPC
FETCH,1763418978.404,7105,837,0.0027,RPC
FETCH,1763418978.407,7103,975,0.0030,RPC
FETCH,1763418978.407,7105,578,0.0029,RPC
FETCH,1763418978.410,7105,200,0.0029,RPC
FETCH,1763418978.411,7103,472,0.0037,RPC
FETCH,1763418978.414,7105,641,0.0033,RPC
FETCH,1763418978.414,7103,238,0.0029,RPC
FETCH,1763418978.417,7103,106,0.0031,RPC
FETCH,1763418978.417,7105,463,0.0035,RPC
FETCH,1763418978.422,7105,499,0.0053,RPC
FETCH,1763418978.424,7103,493,0.0076,RPC
FETCH,1763418978.425,7105,71,0.0029,RPC
FETCH,1763418978.428,7103,415,0.0036,RPC
FETCH,1763418978.428,7105,690,0.0030,RPC
FETCH,1763418978.431,7103,848,0.0031,RPC
FETCH,1763418978.432,7105,146,0.0030,RPC
FETCH,1763418978.434,7105,503,0.0025,RPC
FETCH,1763418978.434,7103,70,0.0030,RPC
FETCH,1763418978.437,7105,553,0.0031,RPC
FETCH,1763418978.441,7105,368,0.0036,RPC
FETCH,1763418978.444,7105,163,0.0030,RPC
FETCH,1763418978.447,7105,613,0.0033,RPC
FETCH,1763418978.447,7103,993,0.0131,RPC
FETCH,1763418978.453,7105,424,0.0053,RPC
FETCH,1763418978.453,7103,431,0.0055,RPC
FETCH,1763418978.457,7105,6,0.0038,RPC
FETCH,1763418978.457,7103,174,0.0036,RPC
FETCH,1763418978.460,7105,788,0.0030,RPC
FETCH,1763418978.460,7103,195,0.0033,RPC
FETCH,1763418978.464,7105,555,0.0039,RPC
FETCH,1763418978.464,7103,734,0.0036,RPC
FETCH,1763418978.467,7103,147,0.0029,RPC
FETCH,1763418978.467,7105,254,0.0035,RPC
FETCH,1763418978.470,7103,126,0.0031,RPC
FETCH,1763418978.470,7105,637,0.0028,RPC
FETCH,1763418978.473,7105,507,0.0029,RPC
FETCH,1763418978.474,7103,267,0.0037,RPC
FETCH,1763418978.476,7105,10,0.0031,RPC
FETCH,1763418978.477,7103,438,0.0036,RPC
FETCH,1763418978.479,7105,500,0.0031,RPC
FETCH,1763418978.481,7103,116,0.0031,RPC
FETCH,1763418978.483,7105,80,0.0037,RPC
FETCH,1763418978.484,7103,67,0.0030,RPC
FETCH,1763418978.488,7105,64,0.0042,RPC
FETCH,1763418978.488,7103,164,0.0037,RPC
FETCH,1763418978.491,7105,564,0.0031,RPC
FETCH,1763418978.491,7103,413,0.0036,RPC
FETCH,1763418978.494,7105,535,0.0030,RPC
FETCH,1763418978.494,7103,910,0.0030,RPC
FETCH,1763418978.497,7105,877,0.0028,RPC
FETCH,1763418978.498,7103,480,0.0039,RPC
FETCH,1763418978.500,7105,754,0.0029,RPC
FETCH,1763418978.503,7105,299,0.0037,RPC
FETCH,1763418978.505,7103,719,0.0046,RPC
FETCH,1763418978.506,7105,800,0.0028,RPC
PROCESS,1763418978.508,7063,100,[470, 780, 691, 23, 359, 565, 502, 218, 12, 471, 297, 414, 883, 324, 991, 25, 775, 354, 310, 973, 728, 770, 103, 766, 306, 903, 269, 678, 408, 77, 925, 215, 475, 573, 47, 234, 895, 198, 591, 864, 738, 626, 129, 575, 787, 165, 266, 855, 104, 799, 111, 93, 270, 845, 545, 655, 936, 715, 284, 566, 304, 342, 5, 487, 731, 335, 577, 244, 410, 721, 423, 622, 841, 307, 604, 776, 233, 975, 472, 238, 106, 493, 415, 848, 70, 993, 431, 174, 195, 734, 147, 126, 267, 438, 116, 67, 164, 413, 910, 480]
FETCH,1763418978.508,7103,858,0.0029,RPC
FETCH,1763418978.509,7105,186,0.0031,RPC
FETCH,1763418978.511,7103,988,0.0030,RPC
FETCH,1763418978.512,7105,962,0.0028,RPC
FETCH,1763418978.515,7103,315,0.0038,RPC
FETCH,1763418978.515,7105,923,0.0028,RPC
FETCH,1763418978.518,7103,542,0.0031,RPC
FETCH,1763418978.518,7105,148,0.0029,RPC
FETCH,1763418978.522,7105,481,0.0038,RPC
FETCH,1763418978.524,7103,902,0.0055,RPC
FETCH,1763418978.527,7103,586,0.0029,RPC
FETCH,1763418978.531,7103,312,0.0037,RPC
FETCH,1763418978.534,7103,546,0.0030,RPC
FETCH,1763418978.538,7103,365,0.0037,RPC
FETCH,1763418978.541,7103,280,0.0037,RPC
FETCH,1763418978.544,7103,943,0.0030,RPC
FETCH,1763418978.548,7103,482,0.0038,RPC
FETCH,1763418978.552,7103,425,0.0039,RPC
FETCH,1763418978.556,7103,279,0.0037,RPC
FETCH,1763418978.559,7103,128,0.0031,RPC
FETCH,1763418978.562,7103,593,0.0031,RPC
FETCH,1763418978.566,7103,984,0.0032,RPC
FETCH,1763418978.569,7103,309,0.0036,RPC
FETCH,1763418978.573,7103,407,0.0036,RPC
FETCH,1763418978.577,7103,379,0.0036,RPC
FETCH,1763418978.580,7103,737,0.0030,RPC
FETCH,1763418978.583,7103,987,0.0030,RPC
FETCH,1763418978.586,7103,61,0.0031,RPC
FETCH,1763418978.590,7103,469,0.0037,RPC
FETCH,1763418978.593,7103,722,0.0032,RPC
FETCH,1763418978.596,7103,900,0.0031,RPC
FETCH,1763418978.600,7103,353,0.0036,RPC
FETCH,1763418978.603,7103,689,0.0031,RPC
FETCH,1763418978.607,7103,976,0.0041,RPC
FETCH,1763418978.611,7103,286,0.0035,RPC
FETCH,1763418978.613,7104,995,4.6187,RPC
FETCH,1763418978.614,7103,701,0.0031,RPC
FETCH,1763418978.617,7104,979,0.0037,RPC
FETCH,1763418978.617,7103,950,0.0033,RPC
FETCH,1763418978.621,7103,671,0.0033,RPC
FETCH,1763418978.621,7104,561,0.0042,RPC
FETCH,1763418978.624,7104,842,0.0033,RPC
FETCH,1763418978.625,7103,383,0.0038,RPC
FETCH,1763418978.628,7103,544,0.0030,RPC
FETCH,1763418978.628,7104,248,0.0034,RPC
FETCH,1763418978.631,7103,699,0.0029,RPC
FETCH,1763418978.631,7104,152,0.0033,RPC
FETCH,1763418978.635,7103,880,0.0039,RPC
FETCH,1763418978.635,7104,814,0.0034,RPC
FETCH,1763418978.638,7103,742,0.0030,RPC
FETCH,1763418978.638,7104,818,0.0031,RPC
FETCH,1763418978.642,7103,665,0.0042,RPC
FETCH,1763418978.642,7104,696,0.0042,RPC
FETCH,1763418978.646,7103,596,0.0037,RPC
FETCH,1763418978.646,7104,588,0.0037,RPC
FETCH,1763418978.649,7103,571,0.0029,RPC
FETCH,1763418978.649,7104,761,0.0027,RPC
FETCH,1763418978.654,7104,199,0.0047,RPC
FETCH,1763418978.654,7103,190,0.0047,RPC
FETCH,1763418978.657,7103,119,0.0031,RPC
FETCH,1763418978.657,7104,445,0.0036,RPC
FETCH,1763418978.660,7104,897,0.0028,RPC
FETCH,1763418978.661,7103,380,0.0038,RPC
FETCH,1763418978.664,7103,857,0.0031,RPC
FETCH,1763418978.664,7104,451,0.0037,RPC
FETCH,1763418978.669,7103,427,0.0052,RPC
FETCH,1763418978.669,7104,388,0.0052,RPC
FETCH,1763418978.672,7104,30,0.0029,RPC
FETCH,1763418978.673,7103,364,0.0035,RPC
FETCH,1763418978.676,7104,817,0.0036,RPC
FETCH,1763418978.676,7103,966,0.0035,RPC
FETCH,1763418978.680,7103,803,0.0037,RPC
FETCH,1763418978.680,7104,768,0.0038,RPC
FETCH,1763418978.683,7103,36,0.0030,RPC
FETCH,1763418978.683,7104,608,0.0031,RPC
FETCH,1763418978.687,7103,428,0.0036,RPC
FETCH,1763418978.689,7104,850,0.0062,RPC
FETCH,1763418978.690,7103,246,0.0030,RPC
FETCH,1763418978.692,7104,172,0.0030,RPC
FETCH,1763418978.693,7103,899,0.0030,RPC
FETCH,1763418978.695,7104,980,0.0028,RPC
FETCH,1763418978.696,7103,714,0.0028,RPC
FETCH,1763418978.699,7104,187,0.0032,RPC
FETCH,1763418978.699,7103,387,0.0036,RPC
FETCH,1763418978.702,7103,196,0.0029,RPC
FETCH,1763418978.702,7104,405,0.0037,RPC
FETCH,1763418978.706,7104,509,0.0032,RPC
FETCH,1763418978.706,7103,476,0.0040,RPC
FETCH,1763418978.709,7104,289,0.0035,RPC
FETCH,1763418978.709,7103,705,0.0029,RPC
FETCH,1763418978.712,7103,201,0.0030,RPC
FETCH,1763418978.716,7103,258,0.0034,RPC
FETCH,1763418978.719,7103,963,0.0030,RPC
FETCH,1763418978.723,7103,263,0.0036,RPC
FETCH,1763418978.726,7103,791,0.0030,RPC
FETCH,1763418978.729,7103,19,0.0031,RPC
FETCH,1763418978.732,7103,685,0.0031,RPC
FETCH,1763418978.735,7103,651,0.0029,RPC
FETCH,1763418978.738,7103,659,0.0030,RPC
FETCH,1763418978.742,7103,336,0.0036,RPC
FETCH,1763418978.746,7103,461,0.0038,RPC
FETCH,1763418978.749,7103,166,0.0030,RPC
FETCH,1763418978.753,7103,291,0.0038,RPC
FETCH,1763418978.756,7103,28,0.0029,RPC
FETCH,1763418978.759,7103,856,0.0030,RPC
FETCH,1763418978.763,7103,328,0.0038,RPC
FETCH,1763418978.766,7103,24,0.0031,RPC
FETCH,1763418978.769,7103,2,0.0030,RPC
FETCH,1763418978.772,7103,510,0.0031,RPC
FETCH,1763418978.776,7103,455,0.0037,RPC
FETCH,1763418978.779,7103,717,0.0030,RPC
FETCH,1763418978.785,7103,905,0.0060,RPC
FETCH,1763418978.788,7106,997,1.1260,RPC
FETCH,1763418978.789,7103,478,0.0036,RPC
FETCH,1763418978.791,7103,843,0.0026,RPC
FETCH,1763418978.791,7106,130,0.0030,RPC
FETCH,1763418978.796,7106,994,0.0041,RPC
FETCH,1763418978.796,7103,974,0.0043,RPC
FETCH,1763418978.799,7106,793,0.0029,RPC
FETCH,1763418978.799,7103,132,0.0029,RPC
FETCH,1763418978.802,7106,127,0.0029,RPC
FETCH,1763418978.802,7103,370,0.0037,RPC
FETCH,1763418978.805,7106,496,0.0037,RPC
FETCH,1763418978.805,7103,51,0.0030,RPC
FETCH,1763418978.809,7106,181,0.0031,RPC
FETCH,1763418978.809,7103,483,0.0034,RPC
FETCH,1763418978.812,7103,934,0.0029,RPC
FETCH,1763418978.812,7106,341,0.0037,RPC
FETCH,1763418978.815,7103,907,0.0029,RPC
FETCH,1763418978.816,7106,320,0.0035,RPC
FETCH,1763418978.818,7103,98,0.0029,RPC
FETCH,1763418978.819,7106,771,0.0030,RPC
FETCH,1763418978.821,7103,105,0.0029,RPC
FETCH,1763418978.822,7106,618,0.0029,RPC
FETCH,1763418978.824,7103,114,0.0029,RPC
FETCH,1763418978.825,7106,680,0.0028,RPC
FETCH,1763418978.828,7106,847,0.0029,RPC
FETCH,1763418978.828,7103,372,0.0038,RPC
FETCH,1763418978.831,7103,180,0.0030,RPC
FETCH,1763418978.831,7106,656,0.0034,RPC
FETCH,1763418978.835,7106,102,0.0036,RPC
FETCH,1763418978.835,7103,56,0.0041,RPC
FETCH,1763418978.838,7103,224,0.0027,RPC
FETCH,1763418978.839,7106,252,0.0036,RPC
FETCH,1763418978.842,7103,393,0.0036,RPC
FETCH,1763418978.842,7106,660,0.0029,RPC
FETCH,1763418978.844,7106,161,0.0028,RPC
FETCH,1763418978.845,7103,741,0.0030,RPC
FETCH,1763418978.851,7106,404,0.0062,RPC
FETCH,1763418978.851,7103,334,0.0062,RPC
FETCH,1763418978.855,7106,352,0.0043,RPC
FETCH,1763418978.857,7103,282,0.0046,RPC
FETCH,1763418978.859,7106,924,0.0034,RPC
FETCH,1763418978.860,7103,711,0.0032,RPC
FETCH,1763418978.861,7106,640,0.0027,RPC
FETCH,1763418978.863,7103,584,0.0027,RPC
FETCH,1763418978.865,7106,273,0.0035,RPC
FETCH,1763418978.866,7103,57,0.0027,RPC
FETCH,1763418978.866,7104,998,0.1569,RPC
FETCH,1763418978.868,7106,839,0.0027,RPC
FETCH,1763418978.869,7103,570,0.0033,RPC
FETCH,1763418978.869,7104,89,0.0028,RPC
FETCH,1763418978.871,7106,868,0.0028,RPC
FETCH,1763418978.874,7104,216,0.0051,RPC
FETCH,1763418978.875,7103,1,0.0063,RPC
FETCH,1763418978.876,7106,76,0.0048,RPC
FETCH,1763418978.877,7104,782,0.0030,RPC
FETCH,1763418978.879,7106,926,0.0030,RPC
FETCH,1763418978.879,7103,135,0.0031,RPC
FETCH,1763418978.880,7104,666,0.0030,RPC
FETCH,1763418978.882,7106,222,0.0029,RPC
FETCH,1763418978.882,7103,377,0.0036,RPC
FETCH,1763418978.883,7104,760,0.0027,RPC
FETCH,1763418978.885,7106,294,0.0033,RPC
FETCH,1763418978.886,7103,536,0.0033,RPC
FETCH,1763418978.886,7104,904,0.0029,RPC
FETCH,1763418978.888,7106,964,0.0032,RPC
FETCH,1763418978.888,7103,207,0.0027,RPC
FETCH,1763418978.890,7104,277,0.0036,RPC
FETCH,1763418978.891,7103,748,0.0025,RPC
FETCH,1763418978.892,7106,268,0.0035,RPC
FETCH,1763418978.893,7104,551,0.0029,RPC
FETCH,1763418978.894,7103,610,0.0027,RPC
FETCH,1763418978.894,7106,879,0.0025,RPC
FETCH,1763418978.898,7103,870,0.0038,RPC
FETCH,1763418978.898,7106,794,0.0034,RPC
FETCH,1763418978.900,7103,798,0.0025,RPC
FETCH,1763418978.900,7106,112,0.0026,RPC
FETCH,1763418978.902,7104,308,0.0051,RPC
FETCH,1763418978.903,7106,739,0.0027,RPC
FETCH,1763418978.904,7103,432,0.0035,RPC
FETCH,1763418978.905,7104,15,0.0027,RPC
FETCH,1763418978.906,7106,636,0.0030,RPC
FETCH,1763418978.908,7103,452,0.0036,RPC
FETCH,1763418978.908,7104,804,0.0027,RPC
FETCH,1763418978.909,7106,623,0.0031,RPC
FETCH,1763418978.911,7103,614,0.0030,RPC
FETCH,1763418978.911,7104,261,0.0029,RPC
FETCH,1763418978.913,7106,686,0.0038,RPC
FETCH,1763418978.914,7103,650,0.0032,RPC
FETCH,1763418978.914,7104,891,0.0029,RPC
FETCH,1763418978.917,7103,743,0.0028,RPC
FETCH,1763418978.917,7106,441,0.0035,RPC
FETCH,1763418978.917,7104,785,0.0029,RPC
FETCH,1763418978.920,7106,688,0.0029,RPC
FETCH,1763418978.921,7104,947,0.0036,RPC
FETCH,1763418978.921,7103,773,0.0039,RPC
FETCH,1763418978.925,7106,92,0.0052,RPC
FETCH,1763418978.925,7104,184,0.0045,RPC
FETCH,1763418978.926,7103,175,0.0050,RPC
FETCH,1763418978.930,7106,75,0.0046,RPC
FETCH,1763418978.930,7104,229,0.0046,RPC
FETCH,1763418978.930,7103,54,0.0040,RPC
FETCH,1763418978.933,7106,861,0.0028,RPC
FETCH,1763418978.934,7103,37,0.0039,RPC
FETCH,1763418978.934,7104,206,0.0040,RPC
FETCH,1763418978.937,7104,875,0.0027,RPC
FETCH,1763418978.938,7106,386,0.0052,RPC
FETCH,1763418978.938,7103,292,0.0044,RPC
FETCH,1763418978.941,7104,406,0.0038,RPC
FETCH,1763418978.942,7106,958,0.0038,RPC
FETCH,1763418978.942,7103,927,0.0033,RPC
FETCH,1763418978.943,7104,213,0.0026,RPC
FETCH,1763418978.944,7103,179,0.0025,RPC
FETCH,1763418978.945,7106,955,0.0027,RPC
FETCH,1763418978.946,7104,40,0.0024,RPC
FETCH,1763418978.947,7103,759,0.0028,RPC
FETCH,1763418978.947,7106,176,0.0025,RPC
FETCH,1763418978.949,7104,300,0.0035,RPC
FETCH,1763418978.951,7106,576,0.0039,RPC
FETCH,1763418978.951,7103,735,0.0040,RPC
FETCH,1763418978.953,7104,381,0.0033,RPC
FETCH,1763418978.954,7106,109,0.0024,RPC
FETCH,1763418978.954,7103,930,0.0030,RPC
FETCH,1763418978.956,7104,589,0.0029,RPC
FETCH,1763418978.956,7106,901,0.0025,RPC
FETCH,1763418978.957,7103,525,0.0029,RPC
FETCH,1763418978.959,7106,954,0.0028,RPC
FETCH,1763418978.959,7104,394,0.0035,RPC
FETCH,1763418978.960,7103,226,0.0027,RPC
FETCH,1763418978.962,7104,20,0.0024,RPC
FETCH,1763418978.962,7106,627,0.0030,RPC
FETCH,1763418978.963,7103,733,0.0029,RPC
FETCH,1763418978.965,7106,557,0.0028,RPC
FETCH,1763418978.966,7104,333,0.0038,RPC
FETCH,1763418978.967,7103,313,0.0039,RPC
FETCH,1763418978.968,7106,601,0.0029,RPC
FETCH,1763418978.969,7104,274,0.0033,RPC
FETCH,1763418978.970,7103,611,0.0031,RPC
FETCH,1763418978.971,7106,697,0.0031,RPC
FETCH,1763418978.973,7104,375,0.0035,RPC
FETCH,1763418978.974,7106,893,0.0028,RPC
FETCH,1763418978.974,7103,384,0.0037,RPC
FETCH,1763418978.976,7104,448,0.0035,RPC
FETCH,1763418978.977,7103,96,0.0027,RPC
FETCH,1763418978.977,7106,595,0.0028,RPC
FETCH,1763418978.980,7104,346,0.0033,RPC
FETCH,1763418978.980,7106,151,0.0027,RPC
FETCH,1763418978.980,7103,582,0.0028,RPC
FETCH,1763418978.983,7106,285,0.0031,RPC
FETCH,1763418978.983,7103,520,0.0035,RPC
FETCH,1763418978.983,7104,730,0.0037,RPC
FETCH,1763418978.986,7106,262,0.0032,RPC
FETCH,1763418978.988,7103,65,0.0041,RPC
FETCH,1763418978.988,7104,235,0.0041,RPC
FETCH,1763418978.989,7106,600,0.0029,RPC
FETCH,1763418978.990,7103,811,0.0029,RPC
FETCH,1763418978.991,7104,453,0.0035,RPC
FETCH,1763418978.992,7106,911,0.0027,RPC
FETCH,1763418978.993,7103,931,0.0028,RPC
FETCH,1763418978.994,7104,526,0.0030,RPC
FETCH,1763418978.995,7106,824,0.0028,RPC
FETCH,1763418978.996,7103,638,0.0028,RPC
FETCH,1763418978.997,7104,241,0.0024,RPC
FETCH,1763418978.998,7106,434,0.0033,RPC
FETCH,1763418978.999,7103,209,0.0026,RPC
FETCH,1763418979.000,7104,919,0.0030,RPC
FETCH,1763418979.002,7103,32,0.0029,RPC
FETCH,1763418979.002,7106,59,0.0035,RPC
FETCH,1763418979.003,7104,918,0.0029,RPC
FETCH,1763418979.006,7106,854,0.0044,RPC
FETCH,1763418979.007,7103,755,0.0048,RPC
FETCH,1763418979.007,7104,756,0.0040,RPC
FETCH,1763418979.009,7106,769,0.0027,RPC
FETCH,1763418979.010,7103,78,0.0037,RPC
FETCH,1763418979.011,7104,52,0.0036,RPC
FETCH,1763418979.013,7103,121,0.0022,RPC
FETCH,1763418979.014,7106,396,0.0045,RPC
FETCH,1763418979.015,7104,332,0.0042,RPC
FETCH,1763418979.016,7103,805,0.0030,RPC
FETCH,1763418979.017,7106,521,0.0030,RPC
FETCH,1763418979.018,7104,95,0.0035,RPC
FETCH,1763418979.018,7103,74,0.0025,RPC
FETCH,1763418979.020,7106,935,0.0030,RPC
FETCH,1763418979.022,7104,645,0.0031,RPC
FETCH,1763418979.022,7103,344,0.0036,RPC
FETCH,1763418979.023,7106,695,0.0029,RPC
FETCH,1763418979.025,7104,928,0.0030,RPC
FETCH,1763418979.027,7106,340,0.0041,RPC
FETCH,1763418979.027,7103,403,0.0051,RPC
FETCH,1763418979.028,7104,951,0.0029,RPC
FETCH,1763418979.030,7103,909,0.0029,RPC
FETCH,1763418979.030,7106,603,0.0029,RPC
FETCH,1763418979.031,7104,272,0.0032,RPC
FETCH,1763418979.033,7103,946,0.0029,RPC
FETCH,1763418979.034,7106,533,0.0038,RPC
FETCH,1763418979.034,7104,517,0.0032,RPC
FETCH,1763418979.036,7103,663,0.0030,RPC
FETCH,1763418979.037,7104,996,0.0028,RPC
FETCH,1763418979.037,7106,560,0.0030,RPC
FETCH,1763418979.039,7103,118,0.0025,RPC
FETCH,1763418979.041,7106,177,0.0038,RPC
FETCH,1763418979.041,7104,84,0.0040,RPC
FETCH,1763418979.042,7103,953,0.0029,RPC
FETCH,1763418979.044,7106,887,0.0027,RPC
FETCH,1763418979.045,7104,350,0.0032,RPC
FETCH,1763418979.046,7103,518,0.0036,RPC
FETCH,1763418979.047,7106,971,0.0029,RPC
FETCH,1763418979.048,7104,460,0.0036,RPC
FETCH,1763418979.049,7103,567,0.0029,RPC
FETCH,1763418979.050,7106,491,0.0034,RPC
FETCH,1763418979.051,7104,806,0.0030,RPC
FETCH,1763418979.051,7103,727,0.0027,RPC
FETCH,1763418979.053,7106,846,0.0028,RPC
FETCH,1763418979.054,7104,949,0.0030,RPC
FETCH,1763418979.055,7103,374,0.0032,RPC
FETCH,1763418979.056,7106,744,0.0030,RPC
FETCH,1763418979.057,7104,21,0.0030,RPC
FETCH,1763418979.058,7103,345,0.0032,RPC
FETCH,1763418979.059,7106,821,0.0029,RPC
FETCH,1763418979.062,7104,681,0.0040,RPC
FETCH,1763418979.062,7103,543,0.0037,RPC
FETCH,1763418979.065,7104,634,0.0033,RPC
FETCH,1763418979.065,7103,197,0.0032,RPC
FETCH,1763418979.069,7104,615,0.0039,RPC
FETCH,1763418979.069,7103,188,0.0039,RPC
FETCH,1763418979.073,7104,840,0.0038,RPC
FETCH,1763418979.073,7103,142,0.0038,RPC
FETCH,1763418979.077,7104,245,0.0038,RPC
FETCH,1763418979.077,7103,894,0.0038,RPC
FETCH,1763418979.081,7104,777,0.0033,RPC
FETCH,1763418979.081,7103,511,0.0034,RPC
FETCH,1763418979.084,7104,708,0.0028,RPC
FETCH,1763418979.084,7103,338,0.0033,RPC
FETCH,1763418979.087,7104,193,0.0032,RPC
FETCH,1763418979.088,7103,429,0.0038,RPC
FETCH,1763418979.090,7104,39,0.0029,RPC
FETCH,1763418979.093,7103,281,0.0050,RPC
FETCH,1763418979.094,7104,400,0.0041,RPC
FETCH,1763418979.096,7103,956,0.0029,RPC
FETCH,1763418979.097,7104,9,0.0029,RPC
FETCH,1763418979.099,7103,670,0.0029,RPC
FETCH,1763418979.100,7104,944,0.0029,RPC
FETCH,1763418979.103,7103,117,0.0042,RPC
FETCH,1763418979.104,7104,208,0.0038,RPC
FETCH,1763418979.107,7104,22,0.0028,RPC
FETCH,1763418979.107,7103,416,0.0035,RPC
FETCH,1763418979.111,7104,232,0.0040,RPC
FETCH,1763418979.111,7103,162,0.0040,RPC
FETCH,1763418979.114,7103,662,0.0033,RPC
FETCH,1763418979.114,7104,256,0.0036,RPC
FETCH,1763418979.118,7103,631,0.0042,RPC
FETCH,1763418979.118,7104,644,0.0039,RPC
FETCH,1763418979.121,7103,107,0.0028,RPC
FETCH,1763418979.122,7104,684,0.0030,RPC
FETCH,1763418979.124,7103,598,0.0030,RPC
FETCH,1763418979.125,7104,290,0.0036,RPC
FETCH,1763418979.127,7103,807,0.0029,RPC
FETCH,1763418979.128,7104,504,0.0030,RPC
FETCH,1763418979.130,7103,753,0.0027,RPC
FETCH,1763418979.131,7104,617,0.0029,RPC
FETCH,1763418979.136,7103,348,0.0057,RPC
FETCH,1763418979.136,7104,486,0.0045,RPC
FETCH,1763418979.141,7103,159,0.0046,RPC
FETCH,1763418979.141,7104,62,0.0046,RPC
FETCH,1763418979.144,7104,878,0.0031,RPC
FETCH,1763418979.144,7103,97,0.0031,RPC
FETCH,1763418979.148,7103,763,0.0038,RPC
FETCH,1763418979.148,7104,874,0.0038,RPC
FETCH,1763418979.151,7104,182,0.0030,RPC
FETCH,1763418979.152,7103,439,0.0037,RPC
FETCH,1763418979.154,7104,219,0.0029,RPC
FETCH,1763418979.155,7103,772,0.0029,RPC
FETCH,1763418979.158,7104,317,0.0037,RPC
FETCH,1763418979.158,7103,583,0.0030,RPC
FETCH,1763418979.162,7104,189,0.0043,RPC
FETCH,1763418979.162,7103,155,0.0042,RPC
FETCH,1763418979.167,7104,237,0.0046,RPC
FETCH,1763418979.167,7103,58,0.0046,RPC
FETCH,1763418979.170,7103,42,0.0029,RPC
FETCH,1763418979.171,7104,331,0.0038,RPC
FETCH,1763418979.173,7103,437,0.0037,RPC
FETCH,1763418979.173,7104,50,0.0029,RPC
FETCH,1763418979.179,7103,293,0.0056,RPC
FETCH,1763418979.179,7104,436,0.0059,RPC
FETCH,1763418979.183,7104,530,0.0031,RPC
FETCH,1763418979.183,7103,421,0.0037,RPC
FETCH,1763418979.186,7104,540,0.0031,RPC
FETCH,1763418979.186,7103,832,0.0031,RPC
FETCH,1763418979.189,7104,534,0.0030,RPC
FETCH,1763418979.190,7103,402,0.0035,RPC
FETCH,1763418979.192,7104,192,0.0029,RPC
FETCH,1763418979.193,7103,326,0.0035,RPC
FETCH,1763418979.195,7104,827,0.0029,RPC
FETCH,1763418979.196,7103,914,0.0029,RPC
FETCH,1763418979.198,7104,792,0.0028,RPC
FETCH,1763418979.199,7103,718,0.0029,RPC
FETCH,1763418979.202,7104,458,0.0036,RPC
FETCH,1763418979.202,7103,750,0.0029,RPC
FETCH,1763418979.205,7104,599,0.0030,RPC
FETCH,1763418979.208,7104,26,0.0030,RPC
FETCH,1763418979.212,7104,288,0.0037,RPC
FETCH,1763418979.215,7104,643,0.0030,RPC
FETCH,1763418979.218,7104,433,0.0037,RPC
FETCH,1763418979.223,7104,464,0.0040,RPC
FETCH,1763418979.226,7104,220,0.0032,RPC
FETCH,1763418979.230,7104,657,0.0035,RPC
FETCH,1763418979.234,7104,986,0.0041,RPC
FETCH,1763418979.239,7104,495,0.0050,RPC
FETCH,1763418979.243,7104,802,0.0039,RPC
FETCH,1763418979.247,7104,225,0.0033,RPC
FETCH,1763418979.250,7104,606,0.0031,RPC
PROCESS,1763418981.895,7063,100,[337, 674, 204, 725, 0, 369, 724, 881, 358, 767, 922, 692, 559, 937, 212, 642, 378, 808, 316, 501, 833, 149, 82, 816, 658, 329, 825, 150, 243, 539, 898, 819, 778, 485, 620, 519, 647, 628, 664, 79, 33, 732, 668, 675, 360, 11, 66, 646, 81, 16, 49, 173, 508, 789, 609, 597, 38, 223, 63, 409, 863, 382, 236, 932, 995, 979, 561, 842, 248, 152, 814, 818, 696, 588, 761, 199, 445, 897, 451, 388, 30, 817, 768, 608, 850, 172, 980, 187, 405, 509, 289, 998, 89, 216, 782, 666, 760, 904, 277, 551]
FETCH,1763418981.898,7104,865,0.0037,RPC
FETCH,1763418981.903,7104,462,0.0043,RPC
FETCH,1763418981.906,7104,889,0.0033,RPC
FETCH,1763418981.910,7104,205,0.0033,RPC
FETCH,1763418981.913,7104,48,0.0034,RPC
FETCH,1763418981.917,7104,547,0.0034,RPC
FETCH,1763418981.921,7104,479,0.0040,RPC
FETCH,1763418981.924,7104,99,0.0034,RPC
FETCH,1763418981.929,7104,287,0.0041,RPC
FETCH,1763418981.932,7104,757,0.0034,RPC
FETCH,1763418981.937,7104,376,0.0043,RPC
FETCH,1763418981.941,7104,319,0.0039,RPC
FETCH,1763418981.944,7104,972,0.0033,RPC
FETCH,1763418981.948,7104,251,0.0040,RPC
FETCH,1763418981.952,7104,420,0.0039,RPC
FETCH,1763418981.955,7104,247,0.0031,RPC
FETCH,1763418981.959,7104,758,0.0033,RPC
FETCH,1763418981.962,7104,977,0.0031,RPC
FETCH,1763418981.966,7104,371,0.0040,RPC
FETCH,1763418981.969,7104,896,0.0033,RPC
FETCH,1763418981.973,7104,43,0.0032,RPC
FETCH,1763418981.976,7104,960,0.0032,RPC
FETCH,1763418981.980,7104,443,0.0039,RPC
FETCH,1763418981.983,7104,835,0.0033,RPC
FETCH,1763418981.988,7104,391,0.0044,RPC
FETCH,1763418981.992,7104,440,0.0045,RPC
FETCH,1763418981.997,7104,302,0.0043,RPC
FETCH,1763418982.001,7104,363,0.0040,RPC
FETCH,1763418982.004,7104,169,0.0033,RPC
FETCH,1763418982.009,7104,430,0.0041,RPC
FETCH,1763418982.012,7104,154,0.0032,RPC
FETCH,1763418982.015,7104,783,0.0034,RPC
FETCH,1763418982.019,7104,764,0.0035,RPC
FETCH,1763418982.022,7104,123,0.0032,RPC
FETCH,1763418982.026,7104,796,0.0032,RPC
FETCH,1763418982.030,7104,442,0.0039,RPC
FETCH,1763418982.034,7104,456,0.0040,RPC
FETCH,1763418982.037,7104,113,0.0032,RPC
FETCH,1763418982.041,7104,68,0.0033,RPC
FETCH,1763418982.044,7104,143,0.0033,RPC
FETCH,1763418982.048,7104,349,0.0037,RPC
FETCH,1763418982.051,7104,683,0.0033,RPC
FETCH,1763418982.055,7104,494,0.0040,RPC
FETCH,1763418982.059,7104,558,0.0033,RPC
FETCH,1763418982.062,7104,779,0.0033,RPC
FETCH,1763418982.065,7104,528,0.0030,RPC
FETCH,1763418982.069,7104,629,0.0034,RPC
FETCH,1763418982.073,7104,449,0.0041,RPC
FETCH,1763418982.077,7104,694,0.0034,RPC
FETCH,1763418982.080,7104,325,0.0038,RPC
FETCH,1763418982.084,7104,138,0.0033,RPC
FETCH,1763418982.087,7104,639,0.0032,RPC
FETCH,1763418982.091,7104,522,0.0032,RPC
FETCH,1763418982.094,7104,276,0.0038,RPC
FETCH,1763418982.098,7104,101,0.0033,RPC
FETCH,1763418982.102,7104,303,0.0041,RPC
FETCH,1763418982.106,7104,398,0.0042,RPC
FETCH,1763418982.110,7104,217,0.0031,RPC
FETCH,1763418982.113,7104,985,0.0032,RPC
FETCH,1763418982.117,7104,594,0.0036,RPC
FETCH,1763418982.120,7104,961,0.0033,RPC
FETCH,1763418982.124,7104,450,0.0040,RPC
FETCH,1763418982.127,7104,194,0.0033,RPC
FETCH,1763418982.132,7104,484,0.0039,RPC
FETCH,1763418982.135,7104,35,0.0033,RPC
FETCH,1763418982.139,7104,635,0.0037,RPC
FETCH,1763418982.142,7104,790,0.0032,RPC
FETCH,1763418982.145,7104,938,0.0032,RPC
FETCH,1763418982.149,7104,392,0.0039,RPC
FETCH,1763418982.153,7104,952,0.0032,RPC
FETCH,1763418982.156,7104,653,0.0034,RPC
FETCH,1763418982.159,7104,941,0.0030,RPC
FETCH,1763418982.163,7104,851,0.0031,RPC
FETCH,1763418982.166,7104,230,0.0033,RPC
FETCH,1763418982.170,7104,786,0.0037,RPC
FETCH,1763418982.174,7104,361,0.0038,RPC
FETCH,1763418982.177,7104,913,0.0034,RPC
FETCH,1763418982.181,7104,13,0.0034,RPC
FETCH,1763418982.184,7104,968,0.0032,RPC
FETCH,1763418982.188,7104,514,0.0033,RPC
FETCH,1763418982.191,7104,529,0.0032,RPC
FETCH,1763418982.194,7104,523,0.0032,RPC
FETCH,1763418982.197,7104,554,0.0032,RPC
FETCH,1763418982.201,7104,826,0.0034,RPC
FETCH,1763418982.206,7104,457,0.0044,RPC
FETCH,1763418982.210,7104,139,0.0041,RPC
FETCH,1763418982.214,7104,185,0.0039,RPC
FETCH,1763418982.218,7104,278,0.0040,RPC
FETCH,1763418982.223,7104,298,0.0045,RPC
FETCH,1763418982.226,7104,706,0.0034,RPC
FETCH,1763418982.230,7104,94,0.0036,RPC
FETCH,1763418982.233,7104,939,0.0032,RPC
FETCH,1763418982.237,7104,4,0.0034,RPC
FETCH,1763418982.242,7104,465,0.0046,RPC
FETCH,1763418982.247,7104,906,0.0054,RPC
FETCH,1763418982.254,7104,513,0.0059,RPC
FETCH,1763418982.259,7104,362,0.0051,RPC
FETCH,1763418982.263,7104,999,0.0038,RPC
FETCH,1763418982.267,7104,249,0.0039,RPC
FETCH,1763418982.271,7104,667,0.0041,RPC
PROCESS,1763418984.028,7063,100,[255, 929, 343, 569, 327, 265, 820, 812, 144, 709, 134, 271, 852, 122, 18, 69, 549, 834, 676, 221, 619, 871, 869, 831, 813, 746, 940, 726, 948, 488, 702, 703, 624, 673, 264, 712, 250, 492, 141, 259, 422, 822, 355, 710, 574, 751, 468, 367, 447, 862, 915, 115, 296, 27, 168, 765, 885, 41, 867, 321, 524, 411, 585, 723, 53, 214, 160, 239, 29, 633, 34, 797, 830, 351, 752, 581, 295, 969, 945, 649, 669, 108, 888, 8, 661, 590, 385, 85, 607, 275, 568, 828, 632, 140, 170, 100, 882, 912, 784, 305]
PROCESS,1763418986.091,7063,100,[672, 579, 55, 795, 677, 191, 749, 260, 532, 648, 426, 444, 965, 110, 45, 390, 679, 202, 136, 516, 418, 801, 917, 886, 91, 171, 921, 73, 156, 836, 395, 538, 873, 120, 970, 459, 137, 983, 720, 981, 347, 713, 654, 467, 373, 916, 550, 314, 357, 323, 957, 736, 72, 920, 88, 612, 339, 537, 908, 876, 747, 412, 809, 552, 621, 853, 982, 978, 153, 844, 489, 745, 31, 60, 959, 942, 125, 477, 506, 762, 86, 133, 210, 602, 616, 399, 227, 167, 446, 46, 240, 829, 474, 466, 866, 682, 228, 366, 389, 687]
PROCESS,1763418988.131,7063,100,[719, 858, 988, 315, 542, 902, 586, 312, 546, 365, 280, 943, 482, 425, 279, 128, 593, 984, 309, 407, 379, 737, 987, 61, 469, 722, 900, 353, 689, 976, 286, 701, 950, 671, 383, 544, 699, 880, 742, 665, 596, 571, 190, 119, 380, 857, 427, 364, 966, 803, 36, 428, 246, 899, 714, 387, 196, 476, 705, 201, 258, 963, 263, 791, 19, 685, 651, 659, 336, 461, 166, 291, 28, 856, 328, 24, 2, 510, 455, 717, 905, 478, 843, 974, 132, 370, 51, 483, 934, 907, 98, 105, 114, 372, 180, 56, 224, 393, 741, 334]
PROCESS,1763418990.168,7063,100,[308, 15, 804, 261, 891, 785, 947, 184, 229, 206, 875, 406, 213, 40, 300, 381, 589, 394, 20, 333, 274, 375, 448, 346, 730, 235, 453, 526, 241, 919, 918, 756, 52, 332, 95, 645, 928, 951, 272, 517, 996, 84, 350, 460, 806, 949, 21, 681, 634, 615, 840, 245, 777, 708, 193, 39, 400, 9, 944, 208, 22, 232, 256, 644, 684, 290, 504, 617, 486, 62, 878, 874, 182, 219, 317, 189, 237, 331, 50, 436, 530, 540, 534, 192, 827, 792, 458, 599, 26, 288, 643, 433, 464, 220, 657, 986, 495, 802, 225, 606]
PROCESS,1763418992.205,7063,100,[253, 498, 145, 3, 700, 884, 283, 781, 311, 625, 90, 124, 704, 890, 330, 178, 203, 859, 131, 740, 318, 815, 872, 774, 562, 7, 587, 242, 810, 183, 301, 83, 990, 14, 231, 992, 497, 652, 548, 698, 157, 322, 630, 87, 556, 989, 531, 541, 860, 419, 838, 512, 527, 505, 592, 211, 454, 515, 967, 823, 849, 563, 417, 401, 837, 578, 200, 641, 463, 499, 71, 690, 146, 503, 553, 368, 163, 613, 424, 6, 788, 555, 254, 637, 507, 10, 500, 80, 64, 564, 535, 877, 754, 299, 800, 186, 962, 923, 148, 481]
PROCESS,1763418994.241,7063,100,[729, 356, 473, 17, 716, 257, 605, 572, 693, 707, 933, 158, 397, 892, 44, 490, 580, 435, 997, 130, 994, 793, 127, 496, 181, 341, 320, 771, 618, 680, 847, 656, 102, 252, 660, 161, 404, 352, 924, 640, 273, 839, 868, 76, 926, 222, 294, 964, 268, 879, 794, 112, 739, 636, 623, 686, 441, 688, 92, 75, 861, 386, 958, 955, 176, 576, 109, 901, 954, 627, 557, 601, 697, 893, 595, 151, 285, 262, 600, 911, 824, 434, 59, 854, 769, 396, 521, 935, 695, 340, 603, 533, 560, 177, 887, 971, 491, 846, 744, 821]
PROCESS,1763418996.279,7063,100,[282, 711, 584, 57, 570, 1, 135, 377, 536, 207, 748, 610, 870, 798, 432, 452, 614, 650, 743, 773, 175, 54, 37, 292, 927, 179, 759, 735, 930, 525, 226, 733, 313, 611, 384, 96, 582, 520, 65, 811, 931, 638, 209, 32, 755, 78, 121, 805, 74, 344, 403, 909, 946, 663, 118, 953, 518, 567, 727, 374, 345, 543, 197, 188, 142, 894, 511, 338, 429, 281, 956, 670, 117, 416, 162, 662, 631, 107, 598, 807, 753, 348, 159, 97, 763, 439, 772, 583, 155, 58, 42, 437, 293, 421, 832, 402, 326, 914, 718, 750]
PROCESS,1763418998.614,7063,100,[865, 462, 889, 205, 48, 547, 479, 99, 287, 757, 376, 319, 972, 251, 420, 247, 758, 977, 371, 896, 43, 960, 443, 835, 391, 440, 302, 363, 169, 430, 154, 783, 764, 123, 796, 442, 456, 113, 68, 143, 349, 683, 494, 558, 779, 528, 629, 449, 694, 325, 138, 639, 522, 276, 101, 303, 398, 217, 985, 594, 961, 450, 194, 484, 35, 635, 790, 938, 392, 952, 653, 941, 851, 230, 786, 361, 913, 13, 968, 514, 529, 523, 554, 826, 457, 139, 185, 278, 298, 706, 94, 939, 4, 465, 906, 513, 362, 999, 249, 667]
FETCH,1763419000.696,7105,927,0.0031,RPC
FETCH,1763419000.696,7103,708,0.0034,RPC
FETCH,1763419000.696,7106,222,0.0035,RPC
FETCH,1763419000.698,7104,230,0.0049,RPC
FETCH,1763419000.699,7106,669,0.0030,RPC
FETCH,1763419000.703,7106,788,0.0037,RPC
FETCH,1763419000.704,7103,423,0.0076,RPC
FETCH,1763419000.704,7104,404,0.0058,RPC
FETCH,1763419000.704,7105,270,0.0081,RPC
FETCH,1763419000.706,7106,984,0.0029,RPC
FETCH,1763419000.707,7103,324,0.0036,RPC
FETCH,1763419000.708,7104,629,0.0042,RPC
FETCH,1763419000.708,7105,603,0.0039,RPC
FETCH,1763419000.709,7106,884,0.0034,RPC
FETCH,1763419000.710,7103,747,0.0026,RPC
FETCH,1763419000.711,7104,125,0.0030,RPC
FETCH,1763419000.712,7105,251,0.0038,RPC
FETCH,1763419000.713,7106,266,0.0039,RPC
FETCH,1763419000.714,7104,955,0.0030,RPC
FETCH,1763419000.715,7105,147,0.0029,RPC
FETCH,1763419000.718,7105,688,0.0033,RPC
FETCH,1763419000.719,7103,269,0.0086,RPC
FETCH,1763419000.719,7106,406,0.0055,RPC
FETCH,1763419000.719,7104,464,0.0048,RPC
FETCH,1763419000.722,7104,777,0.0029,RPC
FETCH,1763419000.724,7103,628,0.0049,RPC
FETCH,1763419000.724,7105,532,0.0054,RPC
FETCH,1763419000.725,7106,570,0.0057,RPC
FETCH,1763419000.726,7104,585,0.0037,RPC
FETCH,1763419000.727,7105,534,0.0029,RPC
FETCH,1763419000.728,7103,244,0.0043,RPC
FETCH,1763419000.728,7106,133,0.0033,RPC
FETCH,1763419000.729,7104,658,0.0030,RPC
FETCH,1763419000.730,7105,503,0.0029,RPC
FETCH,1763419000.731,7103,950,0.0031,RPC
FETCH,1763419000.735,7103,830,0.0034,RPC
FETCH,1763419000.735,7106,341,0.0069,RPC
FETCH,1763419000.735,7104,279,0.0061,RPC
FETCH,1763419000.736,7105,298,0.0065,RPC
FETCH,1763419000.738,7103,716,0.0029,RPC
FETCH,1763419000.739,7106,142,0.0038,RPC
FETCH,1763419000.739,7104,54,0.0039,RPC
FETCH,1763419000.740,7105,383,0.0040,RPC
FETCH,1763419000.742,7106,881,0.0028,RPC
FETCH,1763419000.742,7103,353,0.0040,RPC
FETCH,1763419000.743,7104,312,0.0038,RPC
FETCH,1763419000.745,7105,340,0.0041,RPC
FETCH,1763419000.745,7103,249,0.0030,RPC
FETCH,1763419000.745,7106,748,0.0032,RPC
FETCH,1763419000.746,7104,568,0.0031,RPC
FETCH,1763419000.748,7105,95,0.0031,RPC
FETCH,1763419000.748,7103,426,0.0033,RPC
FETCH,1763419000.749,7106,966,0.0038,RPC
FETCH,1763419000.750,7104,957,0.0041,RPC
FETCH,1763419000.751,7103,915,0.0029,RPC
FETCH,1763419000.752,7105,462,0.0038,RPC
FETCH,1763419000.753,7106,336,0.0035,RPC
FETCH,1763419000.753,7104,916,0.0028,RPC
FETCH,1763419000.755,7105,650,0.0031,RPC
FETCH,1763419000.755,7103,334,0.0035,RPC
FETCH,1763419000.757,7106,160,0.0042,RPC
FETCH,1763419000.757,7104,67,0.0039,RPC
FETCH,1763419000.758,7103,681,0.0029,RPC
FETCH,1763419000.758,7105,372,0.0032,RPC
FETCH,1763419000.760,7106,161,0.0028,RPC
FETCH,1763419000.760,7104,883,0.0028,RPC
FETCH,1763419000.761,7103,553,0.0029,RPC
FETCH,1763419000.761,7105,390,0.0030,RPC
FETCH,1763419000.763,7106,858,0.0029,RPC
FETCH,1763419000.763,7104,485,0.0032,RPC
FETCH,1763419000.764,7103,123,0.0030,RPC
FETCH,1763419000.764,7105,632,0.0029,RPC
FETCH,1763419000.766,7104,699,0.0026,RPC
FETCH,1763419000.767,7106,184,0.0043,RPC
FETCH,1763419000.768,7105,75,0.0039,RPC
FETCH,1763419000.768,7103,138,0.0043,RPC
FETCH,1763419000.769,7104,855,0.0034,RPC
FETCH,1763419000.770,7106,944,0.0029,RPC
FETCH,1763419000.771,7105,44,0.0033,RPC
FETCH,1763419000.772,7103,860,0.0032,RPC
FETCH,1763419000.773,7104,906,0.0030,RPC
FETCH,1763419000.773,7106,887,0.0026,RPC
FETCH,1763419000.774,7103,782,0.0027,RPC
FETCH,1763419000.775,7105,709,0.0033,RPC
FETCH,1763419000.776,7104,671,0.0031,RPC
FETCH,1763419000.776,7106,92,0.0028,RPC
FETCH,1763419000.777,7103,779,0.0028,RPC
FETCH,1763419000.778,7105,258,0.0033,RPC
FETCH,1763419000.779,7104,760,0.0028,RPC
FETCH,1763419000.779,7106,32,0.0029,RPC
FETCH,1763419000.781,7103,548,0.0033,RPC
FETCH,1763419000.781,7105,601,0.0031,RPC
FETCH,1763419000.781,7104,2,0.0028,RPC
FETCH,1763419000.782,7106,799,0.0027,RPC
FETCH,1763419000.784,7105,57,0.0028,RPC
FETCH,1763419000.784,7104,851,0.0028,RPC
FETCH,1763419000.785,7103,357,0.0047,RPC
FETCH,1763419000.785,7106,476,0.0039,RPC
FETCH,1763419000.787,7104,958,0.0025,RPC
FETCH,1763419000.787,7105,646,0.0031,RPC
FETCH,1763419000.788,7106,940,0.0024,RPC
FETCH,1763419000.788,7103,529,0.0029,RPC
FETCH,1763419000.790,7104,913,0.0028,RPC
FETCH,1763419000.791,7105,76,0.0031,RPC
FETCH,1763419000.791,7106,606,0.0028,RPC
FETCH,1763419000.792,7103,452,0.0034,RPC
FETCH,1763419000.794,7106,576,0.0027,RPC
FETCH,1763419000.794,7104,40,0.0046,RPC
FETCH,1763419000.794,7105,223,0.0038,RPC
FETCH,1763419000.795,7103,338,0.0036,RPC
FETCH,1763419000.796,7106,23,0.0025,RPC
FETCH,1763419000.797,7105,673,0.0028,RPC
FETCH,1763419000.797,7104,763,0.0030,RPC
FETCH,1763419000.798,7103,159,0.0024,RPC
FETCH,1763419000.799,7106,518,0.0026,RPC
FETCH,1763419000.801,7105,962,0.0040,RPC
FETCH,1763419000.801,7104,951,0.0040,RPC
FETCH,1763419000.802,7103,35,0.0042,RPC
FETCH,1763419000.802,7106,24,0.0034,RPC
FETCH,1763419000.805,7105,871,0.0037,RPC
FETCH,1763419000.805,7103,795,0.0031,RPC
FETCH,1763419000.805,7104,554,0.0039,RPC
FETCH,1763419000.805,7106,521,0.0031,RPC
FETCH,1763419000.808,7103,561,0.0028,RPC
FETCH,1763419000.810,7104,143,0.0045,RPC
FETCH,1763419000.810,7106,153,0.0048,RPC
FETCH,1763419000.810,7105,99,0.0051,RPC
FETCH,1763419000.811,7103,579,0.0030,RPC
FETCH,1763419000.813,7104,792,0.0029,RPC
FETCH,1763419000.813,7105,667,0.0025,RPC
FETCH,1763419000.814,7106,83,0.0039,RPC
FETCH,1763419000.814,7103,28,0.0031,RPC
FETCH,1763419000.816,7104,225,0.0029,RPC
FETCH,1763419000.817,7105,424,0.0038,RPC
FETCH,1763419000.817,7106,890,0.0028,RPC
FETCH,1763419000.818,7103,319,0.0037,RPC
FETCH,1763419000.819,7104,922,0.0025,RPC
FETCH,1763419000.820,7106,801,0.0026,RPC
FETCH,1763419000.820,7105,619,0.0029,RPC
FETCH,1763419000.821,7103,241,0.0029,RPC
FETCH,1763419000.823,7106,767,0.0028,RPC
FETCH,1763419000.823,7104,318,0.0043,RPC
FETCH,1763419000.824,7105,379,0.0039,RPC
FETCH,1763419000.824,7103,800,0.0026,RPC
FETCH,1763419000.826,7106,862,0.0027,RPC
FETCH,1763419000.826,7104,617,0.0032,RPC
FETCH,1763419000.827,7103,580,0.0030,RPC
FETCH,1763419000.827,7105,434,0.0033,RPC
FETCH,1763419000.830,7106,898,0.0041,RPC
FETCH,1763419000.830,7104,994,0.0036,RPC
FETCH,1763419000.831,7103,825,0.0037,RPC
FETCH,1763419000.831,7105,268,0.0035,RPC
FETCH,1763419000.833,7104,943,0.0032,RPC
FETCH,1763419000.833,7106,719,0.0036,RPC
FETCH,1763419000.835,7105,731,0.0035,RPC
FETCH,1763419000.835,7103,367,0.0037,RPC
FETCH,1763419000.836,7104,936,0.0028,RPC
FETCH,1763419000.837,7106,430,0.0033,RPC
FETCH,1763419000.839,7105,129,0.0043,RPC
FETCH,1763419000.839,7103,196,0.0042,RPC
FETCH,1763419000.839,7104,902,0.0029,RPC
FETCH,1763419000.840,7106,696,0.0029,RPC
FETCH,1763419000.842,7103,693,0.0028,RPC
FETCH,1763419000.843,7106,937,0.0029,RPC
FETCH,1763419000.844,7105,416,0.0046,RPC
FETCH,1763419000.844,7104,348,0.0047,RPC
FETCH,1763419000.845,7103,625,0.0028,RPC
FETCH,1763419000.846,7106,910,0.0030,RPC
FETCH,1763419000.847,7105,194,0.0029,RPC
FETCH,1763419000.847,7104,605,0.0029,RPC
FETCH,1763419000.848,7103,918,0.0031,RPC
FETCH,1763419000.849,7106,923,0.0032,RPC
FETCH,1763419000.850,7105,543,0.0028,RPC
FETCH,1763419000.850,7104,870,0.0031,RPC
FETCH,1763419000.851,7103,627,0.0028,RPC
FETCH,1763419000.852,7106,17,0.0028,RPC
FETCH,1763419000.852,7105,510,0.0028,RPC
FETCH,1763419000.854,7104,330,0.0035,RPC
FETCH,1763419000.854,7103,976,0.0030,RPC
FETCH,1763419000.855,7106,819,0.0029,RPC
FETCH,1763419000.856,7105,374,0.0034,RPC
FETCH,1763419000.857,7103,988,0.0035,RPC
FETCH,1763419000.858,7104,756,0.0039,RPC
FETCH,1763419000.859,7106,355,0.0036,RPC
FETCH,1763419000.860,7105,450,0.0044,RPC
FETCH,1763419000.861,7104,945,0.0031,RPC
FETCH,1763419000.861,7103,203,0.0031,RPC
FETCH,1763419000.862,7106,815,0.0029,RPC
FETCH,1763419000.865,7106,730,0.0029,RPC
FETCH,1763419000.866,7103,418,0.0052,RPC
FETCH,1763419000.867,7105,325,0.0063,RPC
FETCH,1763419000.868,7104,454,0.0073,RPC
FETCH,1763419000.869,7106,369,0.0042,RPC
FETCH,1763419000.869,7103,739,0.0030,RPC
FETCH,1763419000.870,7105,193,0.0029,RPC
FETCH,1763419000.871,7104,849,0.0031,RPC
FETCH,1763419000.872,7106,514,0.0028,RPC
FETCH,1763419000.872,7103,925,0.0030,RPC
FETCH,1763419000.873,7105,87,0.0030,RPC
FETCH,1763419000.874,7104,135,0.0030,RPC
FETCH,1763419000.875,7106,472,0.0032,RPC
FETCH,1763419000.875,7103,535,0.0030,RPC
FETCH,1763419000.876,7105,51,0.0029,RPC
FETCH,1763419000.877,7104,610,0.0030,RPC
FETCH,1763419000.878,7106,575,0.0030,RPC
FETCH,1763419000.879,7103,408,0.0033,RPC
FETCH,1763419000.879,7105,859,0.0031,RPC
FETCH,1763419000.882,7103,768,0.0029,RPC
FETCH,1763419000.882,7104,304,0.0042,RPC
FETCH,1763419000.882,7106,460,0.0042,RPC
FETCH,1763419000.882,7105,1,0.0031,RPC
FETCH,1763419000.884,7104,175,0.0027,RPC
FETCH,1763419000.885,7106,516,0.0029,RPC
FETCH,1763419000.885,7103,556,0.0037,RPC
FETCH,1763419000.886,7105,310,0.0035,RPC
FETCH,1763419000.887,7104,721,0.0028,RPC
FETCH,1763419000.889,7105,698,0.0028,RPC
FETCH,1763419000.889,7106,965,0.0038,RPC
FETCH,1763419000.889,7103,914,0.0040,RPC
FETCH,1763419000.892,7104,433,0.0041,RPC
FETCH,1763419000.892,7106,789,0.0027,RPC
FETCH,1763419000.893,7105,459,0.0036,RPC
FETCH,1763419000.893,7103,19,0.0031,RPC
FETCH,1763419000.895,7104,972,0.0029,RPC
FETCH,1763419000.896,7106,171,0.0040,RPC
FETCH,1763419000.896,7103,428,0.0034,RPC
FETCH,1763419000.896,7105,65,0.0036,RPC
FETCH,1763419000.898,7104,111,0.0029,RPC
FETCH,1763419000.900,7103,48,0.0042,RPC
FETCH,1763419000.901,7106,101,0.0044,RPC
FETCH,1763419000.901,7104,409,0.0034,RPC
FETCH,1763419000.901,7105,61,0.0048,RPC
FETCH,1763419000.903,7106,242,0.0023,RPC
FETCH,1763419000.904,7103,662,0.0030,RPC
FETCH,1763419000.905,7104,308,0.0042,RPC
FETCH,1763419000.908,7105,337,0.0063,RPC
FETCH,1763419000.909,7104,96,0.0032,RPC
FETCH,1763419000.909,7106,411,0.0056,RPC
FETCH,1763419000.909,7103,486,0.0052,RPC
FETCH,1763419000.912,7105,470,0.0038,RPC
FETCH,1763419000.912,7106,500,0.0028,RPC
FETCH,1763419000.915,7104,346,0.0059,RPC
FETCH,1763419000.915,7105,895,0.0033,RPC
FETCH,1763419000.915,7103,440,0.0060,RPC
FETCH,1763419000.916,7106,398,0.0041,RPC
FETCH,1763419000.918,7105,989,0.0028,RPC
FETCH,1763419000.918,7104,60,0.0036,RPC
FETCH,1763419000.919,7106,322,0.0031,RPC
FETCH,1763419000.919,7103,66,0.0041,RPC
FETCH,1763419000.920,7105,609,0.0024,RPC
FETCH,1763419000.922,7103,776,0.0028,RPC
FETCH,1763419000.923,7104,458,0.0043,RPC
FETCH,1763419000.923,7106,377,0.0038,RPC
FETCH,1763419000.924,7105,220,0.0032,RPC
FETCH,1763419000.927,7103,97,0.0049,RPC
FETCH,1763419000.928,7106,120,0.0048,RPC
FETCH,1763419000.928,7105,201,0.0046,RPC
FETCH,1763419000.928,7104,93,0.0055,RPC
FETCH,1763419000.930,7103,36,0.0027,RPC
FETCH,1763419000.931,7106,980,0.0030,RPC
FETCH,1763419000.932,7104,645,0.0037,RPC
FETCH,1763419000.932,7105,745,0.0041,RPC
FETCH,1763419000.933,7103,14,0.0028,RPC
FETCH,1763419000.935,7106,329,0.0039,RPC
FETCH,1763419000.935,7104,395,0.0033,RPC
FETCH,1763419000.936,7103,73,0.0029,RPC
FETCH,1763419000.936,7105,911,0.0030,RPC
FETCH,1763419000.939,7106,177,0.0045,RPC
FETCH,1763419000.940,7104,190,0.0041,RPC
FETCH,1763419000.940,7105,103,0.0040,RPC
FETCH,1763419000.940,7103,64,0.0046,RPC
FETCH,1763419000.943,7104,668,0.0030,RPC
FETCH,1763419000.943,7106,946,0.0038,RPC
FETCH,1763419000.943,7105,926,0.0036,RPC
FETCH,1763419000.944,7103,659,0.0032,RPC
FETCH,1763419000.946,7104,766,0.0030,RPC
FETCH,1763419000.947,7103,803,0.0029,RPC
FETCH,1763419000.948,7105,320,0.0045,RPC
FETCH,1763419000.948,7106,483,0.0051,RPC
FETCH,1763419000.949,7104,169,0.0028,RPC
FETCH,1763419000.950,7103,552,0.0029,RPC
FETCH,1763419000.951,7106,146,0.0025,RPC
FETCH,1763419000.951,7105,299,0.0033,RPC
FETCH,1763419000.952,7104,586,0.0028,RPC
FETCH,1763419000.953,7103,828,0.0029,RPC
FETCH,1763419000.955,7106,780,0.0038,RPC
FETCH,1763419000.955,7105,853,0.0035,RPC
FETCH,1763419000.955,7104,571,0.0034,RPC
FETCH,1763419000.956,7103,569,0.0031,RPC
FETCH,1763419000.958,7105,679,0.0026,RPC
FETCH,1763419000.959,7103,933,0.0030,RPC
FETCH,1763419000.959,7106,328,0.0044,RPC
FETCH,1763419000.961,7104,468,0.0056,RPC
FETCH,1763419000.962,7105,387,0.0044,RPC
FETCH,1763419000.962,7103,631,0.0031,RPC
FETCH,1763419000.963,7106,435,0.0039,RPC
FETCH,1763419000.963,7104,248,0.0027,RPC
FETCH,1763419000.965,7105,533,0.0028,RPC
FETCH,1763419000.965,7103,796,0.0034,RPC
FETCH,1763419000.966,7106,959,0.0028,RPC
FETCH,1763419000.966,7104,590,0.0026,RPC
FETCH,1763419000.968,7105,69,0.0028,RPC
FETCH,1763419000.969,7103,624,0.0030,RPC
FETCH,1763419000.970,7106,39,0.0033,RPC
FETCH,1763419000.970,7104,112,0.0034,RPC
FETCH,1763419000.971,7103,199,0.0024,RPC
FETCH,1763419000.971,7105,484,0.0035,RPC
FETCH,1763419000.973,7104,621,0.0030,RPC
FETCH,1763419000.973,7106,425,0.0034,RPC
FETCH,1763419000.974,7105,189,0.0029,RPC
FETCH,1763419000.974,7103,511,0.0032,RPC
FETCH,1763419000.976,7104,794,0.0030,RPC
FETCH,1763419000.977,7106,393,0.0038,RPC
FETCH,1763419000.977,7105,891,0.0027,RPC
FETCH,1763419000.978,7103,360,0.0034,RPC
FETCH,1763419000.979,7104,920,0.0027,RPC
FETCH,1763419000.981,7106,6,0.0040,RPC
FETCH,1763419000.982,7105,156,0.0042,RPC
FETCH,1763419000.982,7103,494,0.0036,RPC
FETCH,1763419000.982,7104,857,0.0030,RPC
FETCH,1763419000.985,7106,865,0.0037,RPC
FETCH,1763419000.985,7105,924,0.0032,RPC
FETCH,1763419000.986,7104,641,0.0038,RPC
FETCH,1763419000.986,7103,656,0.0039,RPC
FETCH,1763419000.990,7106,139,0.0054,RPC
FETCH,1763419000.990,7103,20,0.0048,RPC
FETCH,1763419000.991,7105,247,0.0057,RPC
FETCH,1763419000.991,7104,191,0.0050,RPC
FETCH,1763419000.994,7105,148,0.0028,RPC
FETCH,1763419000.994,7103,482,0.0036,RPC
FETCH,1763419000.994,7106,759,0.0038,RPC
FETCH,1763419000.994,7104,807,0.0036,RPC
FETCH,1763419000.997,7105,935,0.0030,RPC
FETCH,1763419000.997,7106,676,0.0029,RPC
FETCH,1763419000.998,7103,127,0.0041,RPC
FETCH,1763419000.998,7104,13,0.0040,RPC
FETCH,1763419001.000,7106,648,0.0029,RPC
FETCH,1763419001.000,7105,463,0.0033,RPC
FETCH,1763419001.003,7103,683,0.0041,RPC
FETCH,1763419001.003,7104,639,0.0041,RPC
FETCH,1763419001.003,7105,772,0.0030,RPC
FETCH,1763419001.003,7106,115,0.0033,RPC
FETCH,1763419001.006,7104,829,0.0034,RPC
FETCH,1763419001.007,7106,869,0.0030,RPC
FETCH,1763419001.008,7105,354,0.0045,RPC
FETCH,1763419001.008,7103,254,0.0052,RPC
FETCH,1763419001.011,7104,358,0.0047,RPC
FETCH,1763419001.012,7106,342,0.0054,RPC
FETCH,1763419001.014,7104,79,0.0028,RPC
FETCH,1763419001.015,7103,361,0.0066,RPC
FETCH,1763419001.015,7105,333,0.0067,RPC
FETCH,1763419001.015,7106,840,0.0029,RPC
FETCH,1763419001.018,7104,326,0.0040,RPC
FETCH,1763419001.019,7106,29,0.0037,RPC
FETCH,1763419001.019,7103,198,0.0042,RPC
FETCH,1763419001.019,7105,382,0.0042,RPC
FETCH,1763419001.021,7104,705,0.0030,RPC
FETCH,1763419001.022,7106,786,0.0030,RPC
FETCH,1763419001.022,7103,116,0.0030,RPC
FETCH,1763419001.023,7105,256,0.0035,RPC
FETCH,1763419001.024,7104,806,0.0031,RPC
FETCH,1763419001.025,7106,804,0.0031,RPC
FETCH,1763419001.025,7103,567,0.0030,RPC
FETCH,1763419001.026,7105,493,0.0033,RPC
FETCH,1763419001.027,7104,727,0.0026,RPC
FETCH,1763419001.028,7103,977,0.0028,RPC
FETCH,1763419001.029,7106,282,0.0034,RPC
FETCH,1763419001.029,7105,0,0.0029,RPC
FETCH,1763419001.030,7104,732,0.0028,RPC
FETCH,1763419001.032,7105,723,0.0028,RPC
FETCH,1763419001.032,7103,297,0.0043,RPC
FETCH,1763419001.033,7104,981,0.0030,RPC
FETCH,1763419001.033,7106,356,0.0044,RPC
FETCH,1763419001.036,7103,961,0.0035,RPC
FETCH,1763419001.036,7105,974,0.0041,RPC
FETCH,1763419001.037,7104,263,0.0046,RPC
FETCH,1763419001.038,7106,250,0.0046,RPC
FETCH,1763419001.039,7105,744,0.0032,RPC
FETCH,1763419001.039,7103,140,0.0033,RPC
FETCH,1763419001.040,7104,638,0.0029,RPC
FETCH,1763419001.041,7106,49,0.0028,RPC
FETCH,1763419001.042,7103,515,0.0030,RPC
FETCH,1763419001.043,7105,217,0.0037,RPC
FETCH,1763419001.044,7104,811,0.0030,RPC
FETCH,1763419001.044,7106,224,0.0030,RPC
FETCH,1763419001.046,7103,53,0.0039,RPC
FETCH,1763419001.047,7104,487,0.0030,RPC
FETCH,1763419001.047,7105,27,0.0037,RPC
FETCH,1763419001.047,7106,71,0.0035,RPC
FETCH,1763419001.050,7104,644,0.0030,RPC
FETCH,1763419001.050,7106,208,0.0026,RPC
FETCH,1763419001.051,7103,277,0.0049,RPC
FETCH,1763419001.051,7105,405,0.0044,RPC
FETCH,1763419001.053,7104,907,0.0030,RPC
FETCH,1763419001.056,7106,245,0.0048,RPC
FETCH,1763419001.057,7105,183,0.0050,RPC
FETCH,1763419001.057,7103,168,0.0057,RPC
FETCH,1763419001.060,7105,987,0.0032,RPC
FETCH,1763419001.061,7104,447,0.0056,RPC
FETCH,1763419001.061,7106,496,0.0051,RPC
FETCH,1763419001.062,7103,422,0.0044,RPC
FETCH,1763419001.063,7105,137,0.0031,RPC
FETCH,1763419001.064,7106,504,0.0028,RPC
FETCH,1763419001.064,7104,417,0.0030,RPC
FETCH,1763419001.067,7104,750,0.0029,RPC
FETCH,1763419001.067,7106,359,0.0031,RPC
PROCESS,1763419001.067,7063,100,[708, 423, 324, 747, 269, 628, 244, 950, 830, 716, 353, 249, 426, 915, 334, 681, 553, 123, 138, 860, 782, 779, 548, 357, 529, 452, 338, 159, 35, 795, 561, 579, 28, 319, 241, 800, 580, 825, 367, 196, 693, 625, 918, 627, 976, 988, 203, 418, 739, 925, 535, 408, 768, 556, 914, 19, 428, 48, 662, 486, 440, 66, 776, 97, 36, 14, 73, 64, 659, 803, 552, 828, 569, 933, 631, 796, 624, 199, 511, 360, 494, 656, 20, 482, 127, 683, 254, 361, 198, 116, 567, 977, 297, 961, 140, 515, 53, 277, 168, 422]
FETCH,1763419001.067,7105,577,0.0040,RPC
FETCH,1763419001.067,7103,649,0.0034,RPC
FETCH,1763419001.070,7106,607,0.0032,RPC
FETCH,1763419001.071,7104,998,0.0037,RPC
FETCH,1763419001.071,7103,878,0.0034,RPC
FETCH,1763419001.071,7105,343,0.0031,RPC
FETCH,1763419001.074,7106,292,0.0039,RPC
FETCH,1763419001.074,7103,888,0.0034,RPC
FETCH,1763419001.074,7104,996,0.0036,RPC
FETCH,1763419001.075,7105,275,0.0039,RPC
FETCH,1763419001.077,7106,164,0.0027,RPC
FETCH,1763419001.077,7104,947,0.0029,RPC
FETCH,1763419001.078,7103,687,0.0038,RPC
FETCH,1763419001.079,7105,507,0.0031,RPC
FETCH,1763419001.080,7106,316,0.0029,RPC
FETCH,1763419001.080,7104,736,0.0031,RPC
FETCH,1763419001.083,7103,109,0.0044,RPC
FETCH,1763419001.083,7105,131,0.0040,RPC
FETCH,1763419001.085,7106,265,0.0047,RPC
FETCH,1763419001.085,7104,441,0.0046,RPC
FETCH,1763419001.086,7103,174,0.0030,RPC
FETCH,1763419001.086,7105,652,0.0030,RPC
FETCH,1763419001.088,7106,550,0.0030,RPC
FETCH,1763419001.088,7104,999,0.0031,RPC
FETCH,1763419001.091,7105,313,0.0047,RPC
FETCH,1763419001.091,7103,253,0.0051,RPC
FETCH,1763419001.091,7106,824,0.0030,RPC
FETCH,1763419001.092,7104,218,0.0033,RPC
FETCH,1763419001.094,7105,880,0.0032,RPC
FETCH,1763419001.094,7103,499,0.0035,RPC
FETCH,1763419001.095,7106,612,0.0035,RPC
FETCH,1763419001.095,7104,582,0.0032,RPC
FETCH,1763419001.097,7105,993,0.0033,RPC
FETCH,1763419001.098,7103,604,0.0032,RPC
FETCH,1763419001.098,7106,376,0.0033,RPC
FETCH,1763419001.098,7104,770,0.0031,RPC
FETCH,1763419001.102,7103,886,0.0038,RPC
FETCH,1763419001.102,7105,784,0.0042,RPC
FETCH,1763419001.102,7104,105,0.0036,RPC
FETCH,1763419001.107,7104,204,0.0047,RPC
FETCH,1763419001.107,7103,236,0.0052,RPC
FETCH,1763419001.107,7106,288,0.0089,RPC
FETCH,1763419001.109,7105,478,0.0069,RPC
FETCH,1763419001.114,7103,323,0.0064,RPC
FETCH,1763419001.116,7104,259,0.0085,RPC
FETCH,1763419001.116,7106,381,0.0089,RPC
FETCH,1763419001.117,7105,295,0.0073,RPC
FETCH,1763419001.117,7103,216,0.0035,RPC
FETCH,1763419001.119,7104,608,0.0035,RPC
FETCH,1763419001.120,7106,179,0.0035,RPC
FETCH,1763419001.120,7105,615,0.0033,RPC
FETCH,1763419001.120,7103,882,0.0031,RPC
FETCH,1763419001.124,7105,591,0.0032,RPC
FETCH,1763419001.124,7104,80,0.0043,RPC
FETCH,1763419001.124,7103,401,0.0033,RPC
FETCH,1763419001.124,7106,78,0.0040,RPC
FETCH,1763419001.127,7105,122,0.0032,RPC
FETCH,1763419001.127,7104,903,0.0031,RPC
FETCH,1763419001.128,7103,311,0.0045,RPC
FETCH,1763419001.129,7106,335,0.0048,RPC
FETCH,1763419001.130,7105,702,0.0031,RPC
FETCH,1763419001.130,7104,22,0.0031,RPC
FETCH,1763419001.132,7103,975,0.0033,RPC
FETCH,1763419001.132,7106,540,0.0033,RPC
FETCH,1763419001.134,7104,979,0.0035,RPC
FETCH,1763419001.134,7105,15,0.0038,RPC
FETCH,1763419001.135,7103,718,0.0032,RPC
FETCH,1763419001.136,7106,240,0.0037,RPC
FETCH,1763419001.137,7104,45,0.0031,RPC
FETCH,1763419001.138,7105,414,0.0035,RPC
FETCH,1763419001.139,7103,107,0.0032,RPC
FETCH,1763419001.140,7104,893,0.0035,RPC
FETCH,1763419001.140,7106,919,0.0041,RPC
FETCH,1763419001.142,7105,290,0.0039,RPC
FETCH,1763419001.142,7103,864,0.0033,RPC
FETCH,1763419001.144,7106,885,0.0029,RPC
FETCH,1763419001.144,7104,185,0.0033,RPC
FETCH,1763419001.146,7105,538,0.0042,RPC
FETCH,1763419001.146,7103,602,0.0040,RPC
FETCH,1763419001.148,7104,581,0.0045,RPC
FETCH,1763419001.149,7106,704,0.0049,RPC
FETCH,1763419001.149,7105,7,0.0034,RPC
FETCH,1763419001.150,7103,432,0.0035,RPC
FETCH,1763419001.152,7106,735,0.0035,RPC
FETCH,1763419001.152,7104,128,0.0038,RPC
FETCH,1763419001.153,7105,162,0.0033,RPC
FETCH,1763419001.153,7103,400,0.0033,RPC
FETCH,1763419001.156,7104,969,0.0032,RPC
FETCH,1763419001.156,7106,611,0.0041,RPC
FETCH,1763419001.157,7103,626,0.0035,RPC
FETCH,1763419001.157,7105,317,0.0038,RPC
FETCH,1763419001.159,7104,720,0.0034,RPC
FETCH,1763419001.160,7103,593,0.0034,RPC
FETCH,1763419001.160,7106,274,0.0036,RPC
FETCH,1763419001.160,7105,178,0.0033,RPC
FETCH,1763419001.163,7104,695,0.0035,RPC
FETCH,1763419001.164,7103,592,0.0033,RPC
FETCH,1763419001.164,7106,797,0.0034,RPC
FETCH,1763419001.164,7105,491,0.0036,RPC
FETCH,1763419001.166,7104,104,0.0033,RPC
FETCH,1763419001.167,7105,429,0.0033,RPC
FETCH,1763419001.168,7103,738,0.0045,RPC
FETCH,1763419001.169,7106,555,0.0046,RPC
FETCH,1763419001.170,7104,850,0.0041,RPC
FETCH,1763419001.171,7105,841,0.0040,RPC
FETCH,1763419001.172,7103,453,0.0035,RPC
FETCH,1763419001.172,7106,100,0.0035,RPC
FETCH,1763419001.173,7104,845,0.0030,RPC
FETCH,1763419001.175,7105,176,0.0037,RPC
FETCH,1763419001.175,7103,737,0.0035,RPC
FETCH,1763419001.175,7106,836,0.0031,RPC
FETCH,1763419001.177,7104,444,0.0036,RPC
FETCH,1763419001.179,7105,520,0.0031,RPC
FETCH,1763419001.181,7104,839,0.0034,RPC
FETCH,1763419001.181,7106,347,0.0052,RPC
FETCH,1763419001.181,7103,362,0.0057,RPC
FETCH,1763419001.183,7105,345,0.0040,RPC
FETCH,1763419001.184,7104,563,0.0031,RPC
FETCH,1763419001.184,7103,113,0.0032,RPC
FETCH,1763419001.185,7106,465,0.0038,RPC
FETCH,1763419001.186,7105,790,0.0033,RPC
FETCH,1763419001.187,7103,817,0.0030,RPC
FETCH,1763419001.190,7104,257,0.0058,RPC
FETCH,1763419001.190,7106,455,0.0054,RPC
FETCH,1763419001.191,7105,495,0.0047,RPC
FETCH,1763419001.191,7103,519,0.0034,RPC
FETCH,1763419001.193,7104,557,0.0031,RPC
FETCH,1763419001.194,7105,307,0.0033,RPC
FETCH,1763419001.195,7106,904,0.0044,RPC
FETCH,1763419001.195,7103,908,0.0035,RPC
FETCH,1763419001.196,7104,956,0.0028,RPC
FETCH,1763419001.198,7103,740,0.0031,RPC
FETCH,1763419001.199,7106,37,0.0044,RPC
FETCH,1763419001.199,7105,130,0.0048,RPC
FETCH,1763419001.199,7104,506,0.0032,RPC
FETCH,1763419001.202,7103,986,0.0038,RPC
FETCH,1763419001.203,7106,808,0.0033,RPC
FETCH,1763419001.203,7105,195,0.0034,RPC
FETCH,1763419001.203,7104,402,0.0034,RPC
FETCH,1763419001.205,7103,810,0.0032,RPC
FETCH,1763419001.206,7104,480,0.0035,RPC
FETCH,1763419001.207,7105,166,0.0045,RPC
FETCH,1763419001.207,7106,145,0.0048,RPC
FETCH,1763419001.209,7103,942,0.0033,RPC
FETCH,1763419001.209,7104,126,0.0029,RPC
FETCH,1763419001.210,7105,863,0.0031,RPC
FETCH,1763419001.211,7106,451,0.0038,RPC
FETCH,1763419001.212,7103,589,0.0029,RPC
FETCH,1763419001.212,7104,973,0.0029,RPC
FETCH,1763419001.214,7105,210,0.0037,RPC
FETCH,1763419001.215,7106,498,0.0035,RPC
FETCH,1763419001.216,7104,102,0.0036,RPC
FETCH,1763419001.216,7103,46,0.0045,RPC
FETCH,1763419001.217,7105,897,0.0031,RPC
FETCH,1763419001.218,7106,42,0.0027,RPC
FETCH,1763419001.219,7104,55,0.0027,RPC
FETCH,1763419001.220,7103,715,0.0032,RPC
FETCH,1763419001.221,7105,635,0.0032,RPC
FETCH,1763419001.224,7105,595,0.0032,RPC
FETCH,1763419001.224,7104,419,0.0050,RPC
FETCH,1763419001.224,7106,271,0.0061,RPC
FETCH,1763419001.225,7103,448,0.0054,RPC
FETCH,1763419001.228,7104,172,0.0041,RPC
FETCH,1763419001.228,7106,968,0.0041,RPC
FETCH,1763419001.228,7105,180,0.0043,RPC
FETCH,1763419001.229,7103,844,0.0035,RPC
FETCH,1763419001.232,7104,691,0.0033,RPC
FETCH,1763419001.232,7106,410,0.0035,RPC
FETCH,1763419001.232,7105,232,0.0038,RPC
FETCH,1763419001.232,7103,90,0.0037,RPC
FETCH,1763419001.236,7104,983,0.0039,RPC
FETCH,1763419001.236,7103,712,0.0031,RPC
FETCH,1763419001.236,7105,847,0.0034,RPC
FETCH,1763419001.236,7106,302,0.0037,RPC
FETCH,1763419001.240,7104,565,0.0041,RPC
FETCH,1763419001.240,7105,692,0.0041,RPC
FETCH,1763419001.240,7106,18,0.0040,RPC
FETCH,1763419001.240,7103,192,0.0043,RPC
FETCH,1763419001.244,7104,202,0.0039,RPC
FETCH,1763419001.244,7106,775,0.0038,RPC
FETCH,1763419001.244,7105,158,0.0041,RPC
FETCH,1763419001.244,7103,997,0.0041,RPC
FETCH,1763419001.247,7104,63,0.0031,RPC
FETCH,1763419001.248,7103,710,0.0032,RPC
FETCH,1763419001.248,7106,854,0.0042,RPC
FETCH,1763419001.248,7105,802,0.0041,RPC
FETCH,1763419001.250,7104,724,0.0032,RPC
FETCH,1763419001.251,7103,132,0.0032,RPC
FETCH,1763419001.251,7105,526,0.0029,RPC
FETCH,1763419001.251,7106,812,0.0032,RPC
FETCH,1763419001.253,7104,838,0.0030,RPC
FETCH,1763419001.255,7103,117,0.0040,RPC
FETCH,1763419001.255,7105,56,0.0035,RPC
FETCH,1763419001.255,7106,252,0.0036,RPC
FETCH,1763419001.257,7104,932,0.0032,RPC
FETCH,1763419001.259,7105,238,0.0040,RPC
FETCH,1763419001.259,7106,706,0.0038,RPC
FETCH,1763419001.259,7103,173,0.0041,RPC
FETCH,1763419001.260,7104,524,0.0032,RPC
FETCH,1763419001.263,7103,200,0.0040,RPC
FETCH,1763419001.263,7104,205,0.0032,RPC
FETCH,1763419001.263,7105,842,0.0042,RPC
FETCH,1763419001.264,7106,901,0.0043,RPC
FETCH,1763419001.268,7104,475,0.0041,RPC
FETCH,1763419001.268,7105,150,0.0048,RPC
FETCH,1763419001.268,7103,72,0.0051,RPC
FETCH,1763419001.269,7106,16,0.0051,RPC
FETCH,1763419001.271,7104,182,0.0033,RPC
FETCH,1763419001.271,7103,209,0.0028,RPC
FETCH,1763419001.272,7105,909,0.0032,RPC
FETCH,1763419001.273,7106,264,0.0039,RPC
FETCH,1763419001.276,7104,991,0.0047,RPC
FETCH,1763419001.276,7103,781,0.0044,RPC
FETCH,1763419001.276,7106,187,0.0033,RPC
FETCH,1763419001.276,7105,866,0.0046,RPC
FETCH,1763419001.279,7103,152,0.0031,RPC
FETCH,1763419001.280,7105,894,0.0034,RPC
FETCH,1763419001.280,7104,713,0.0043,RPC
FETCH,1763419001.280,7106,653,0.0040,RPC
FETCH,1763419001.282,7103,765,0.0030,RPC
FETCH,1763419001.285,7105,186,0.0031,RPC
FETCH,1763419001.285,7104,846,0.0032,RPC
FETCH,1763419001.286,7103,558,0.0035,RPC
FETCH,1763419001.286,7106,597,0.0042,RPC
FETCH,1763419001.288,7105,144,0.0036,RPC
FETCH,1763419001.288,7104,818,0.0035,RPC
FETCH,1763419001.289,7106,820,0.0034,RPC
FETCH,1763419001.290,7103,461,0.0039,RPC
FETCH,1763419001.292,7104,564,0.0031,RPC
FETCH,1763419001.293,7105,303,0.0041,RPC
FETCH,1763419001.293,7106,213,0.0036,RPC
FETCH,1763419001.293,7103,930,0.0032,RPC
FETCH,1763419001.295,7104,952,0.0030,RPC
FETCH,1763419001.297,7105,445,0.0040,RPC
FETCH,1763419001.297,7103,700,0.0039,RPC
FETCH,1763419001.297,7106,742,0.0042,RPC
FETCH,1763419001.298,7104,286,0.0037,RPC
FETCH,1763419001.300,7105,694,0.0032,RPC
FETCH,1763419001.300,7103,74,0.0028,RPC
FETCH,1763419001.301,7106,764,0.0032,RPC
FETCH,1763419001.302,7104,363,0.0037,RPC
FETCH,1763419001.303,7105,584,0.0033,RPC
FETCH,1763419001.305,7103,814,0.0045,RPC
FETCH,1763419001.305,7106,769,0.0041,RPC
FETCH,1763419001.306,7105,861,0.0028,RPC
FETCH,1763419001.306,7104,415,0.0040,RPC
FETCH,1763419001.308,7106,212,0.0031,RPC
FETCH,1763419001.308,7103,364,0.0037,RPC
FETCH,1763419001.311,7104,711,0.0041,RPC
FETCH,1763419001.311,7105,689,0.0043,RPC
FETCH,1763419001.312,7106,442,0.0035,RPC
FETCH,1763419001.312,7103,912,0.0031,RPC
FETCH,1763419001.316,7103,86,0.0040,RPC
FETCH,1763419001.316,7105,62,0.0049,RPC
FETCH,1763419001.316,7106,260,0.0042,RPC
FETCH,1763419001.316,7104,490,0.0054,RPC
FETCH,1763419001.319,7105,655,0.0032,RPC
FETCH,1763419001.319,7106,822,0.0031,RPC
FETCH,1763419001.319,7103,273,0.0034,RPC
FETCH,1763419001.319,7104,197,0.0031,RPC
FETCH,1763419001.323,7106,583,0.0039,RPC
FETCH,1763419001.323,7103,654,0.0038,RPC
FETCH,1763419001.325,7104,305,0.0051,RPC
FETCH,1763419001.325,7105,349,0.0053,RPC
FETCH,1763419001.327,7103,11,0.0040,RPC
FETCH,1763419001.327,7106,773,0.0040,RPC
FETCH,1763419001.328,7105,239,0.0031,RPC
FETCH,1763419001.328,7104,834,0.0033,RPC
FETCH,1763419001.331,7103,949,0.0032,RPC
FETCH,1763419001.331,7104,477,0.0034,RPC
FETCH,1763419001.331,7106,523,0.0041,RPC
FETCH,1763419001.332,7105,572,0.0038,RPC
FETCH,1763419001.334,7103,992,0.0029,RPC
FETCH,1763419001.335,7104,9,0.0033,RPC
FETCH,1763419001.335,7105,684,0.0031,RPC
FETCH,1763419001.335,7106,384,0.0036,RPC
FETCH,1763419001.337,7103,368,0.0036,RPC
FETCH,1763419001.338,7104,562,0.0033,RPC
FETCH,1763419001.339,7105,954,0.0039,RPC
FETCH,1763419001.339,7106,953,0.0038,RPC
FETCH,1763419001.340,7103,755,0.0029,RPC
FETCH,1763419001.342,7106,545,0.0030,RPC
FETCH,1763419001.343,7104,392,0.0047,RPC
FETCH,1763419001.344,7105,391,0.0045,RPC
FETCH,1763419001.344,7103,77,0.0036,RPC
FETCH,1763419001.345,7106,276,0.0031,RPC
FETCH,1763419001.347,7103,971,0.0031,RPC
FETCH,1763419001.347,7104,85,0.0041,RPC
FETCH,1763419001.348,7105,246,0.0040,RPC
FETCH,1763419001.349,7106,686,0.0033,RPC
FETCH,1763419001.351,7103,497,0.0035,RPC
FETCH,1763419001.351,7104,211,0.0038,RPC
FETCH,1763419001.352,7105,89,0.0037,RPC
FETCH,1763419001.352,7106,798,0.0034,RPC
FETCH,1763419001.355,7104,843,0.0032,RPC
FETCH,1763419001.355,7103,666,0.0043,RPC
FETCH,1763419001.355,7105,637,0.0038,RPC
FETCH,1763419001.356,7106,33,0.0035,RPC
FETCH,1763419001.358,7104,896,0.0035,RPC
FETCH,1763419001.359,7106,874,0.0035,RPC
FETCH,1763419001.360,7103,327,0.0048,RPC
FETCH,1763419001.360,7105,267,0.0046,RPC
FETCH,1763419001.362,7104,52,0.0033,RPC
FETCH,1763419001.364,7105,351,0.0033,RPC
FETCH,1763419001.364,7103,643,0.0034,RPC
FETCH,1763419001.364,7106,657,0.0045,RPC
FETCH,1763419001.365,7104,771,0.0033,RPC
FETCH,1763419001.367,7105,227,0.0032,RPC
FETCH,1763419001.368,7103,960,0.0041,RPC
FETCH,1763419001.368,7106,929,0.0040,RPC
FETCH,1763419001.368,7104,58,0.0033,RPC
FETCH,1763419001.370,7105,967,0.0029,RPC
FETCH,1763419001.371,7103,163,0.0031,RPC
FETCH,1763419001.371,7104,677,0.0028,RPC
FETCH,1763419001.371,7106,785,0.0031,RPC
FETCH,1763419001.376,7105,10,0.0056,RPC
FETCH,1763419001.377,7106,206,0.0052,RPC
FETCH,1763419001.377,7104,233,0.0059,RPC
FETCH,1763419001.378,7103,226,0.0065,RPC
FETCH,1763419001.380,7105,938,0.0042,RPC
FETCH,1763419001.381,7104,868,0.0032,RPC
FETCH,1763419001.383,7103,469,0.0050,RPC
FETCH,1763419001.383,7106,413,0.0061,RPC
FETCH,1763419001.384,7104,964,0.0034,RPC
FETCH,1763419001.385,7105,386,0.0044,RPC
FETCH,1763419001.387,7103,616,0.0038,RPC
FETCH,1763419001.389,7106,488,0.0057,RPC
FETCH,1763419001.390,7104,281,0.0061,RPC
FETCH,1763419001.390,7103,651,0.0036,RPC
FETCH,1763419001.391,7105,474,0.0057,RPC
FETCH,1763419001.394,7106,420,0.0048,RPC
FETCH,1763419001.394,7103,821,0.0033,RPC
FETCH,1763419001.394,7105,546,0.0033,RPC
FETCH,1763419001.394,7104,296,0.0037,RPC
FETCH,1763419001.397,7106,664,0.0032,RPC
FETCH,1763419001.398,7104,331,0.0041,RPC
FETCH,1763419001.399,7103,134,0.0045,RPC
FETCH,1763419001.399,7105,149,0.0047,RPC
FETCH,1763419001.400,7106,805,0.0033,RPC
FETCH,1763419001.402,7103,547,0.0033,RPC
FETCH,1763419001.402,7104,114,0.0037,RPC
FETCH,1763419001.403,7105,385,0.0037,RPC
FETCH,1763419001.404,7106,136,0.0032,RPC
FETCH,1763419001.406,7105,948,0.0033,RPC
FETCH,1763419001.406,7104,620,0.0038,RPC
FETCH,1763419001.406,7103,647,0.0042,RPC
FETCH,1763419001.408,7106,370,0.0038,RPC
FETCH,1763419001.411,7103,501,0.0051,RPC
FETCH,1763419001.412,7104,663,0.0054,RPC
FETCH,1763419001.412,7105,536,0.0057,RPC
FETCH,1763419001.412,7106,255,0.0042,RPC
FETCH,1763419001.417,7104,12,0.0051,RPC
FETCH,1763419001.417,7105,832,0.0048,RPC
FETCH,1763419001.417,7106,566,0.0047,RPC
FETCH,1763419001.417,7103,50,0.0055,RPC
FETCH,1763419001.423,7103,380,0.0056,RPC
FETCH,1763419001.423,7104,672,0.0057,RPC
FETCH,1763419001.423,7105,778,0.0059,RPC
FETCH,1763419001.423,7106,717,0.0060,RPC
FETCH,1763419001.430,7106,690,0.0061,RPC
FETCH,1763419001.430,7105,479,0.0061,RPC
FETCH,1763419001.430,7104,701,0.0067,RPC
FETCH,1763419001.430,7103,636,0.0069,RPC
FETCH,1763419001.434,7105,598,0.0039,RPC
FETCH,1763419001.434,7104,678,0.0035,RPC
FETCH,1763419001.435,7106,389,0.0047,RPC
FETCH,1763419001.435,7103,394,0.0044,RPC
FETCH,1763419001.438,7103,98,0.0034,RPC
FETCH,1763419001.439,7104,642,0.0047,RPC
FETCH,1763419001.439,7105,505,0.0052,RPC
FETCH,1763419001.439,7106,661,0.0048,RPC
FETCH,1763419001.442,7104,892,0.0036,RPC
FETCH,1763419001.442,7103,443,0.0040,RPC
FETCH,1763419001.444,7106,630,0.0039,RPC
FETCH,1763419001.444,7105,743,0.0046,RPC
FETCH,1763419001.446,7104,522,0.0037,RPC
FETCH,1763419001.447,7103,30,0.0039,RPC
FETCH,1763419001.448,7105,614,0.0038,RPC
FETCH,1763419001.448,7106,457,0.0043,RPC
FETCH,1763419001.451,7103,783,0.0043,RPC
FETCH,1763419001.453,7106,835,0.0043,RPC
FETCH,1763419001.453,7105,407,0.0046,RPC
FETCH,1763419001.457,7103,291,0.0060,RPC
FETCH,1763419001.458,7106,990,0.0053,RPC
FETCH,1763419001.459,7105,332,0.0055,RPC
FETCH,1763419001.463,7103,5,0.0055,RPC
FETCH,1763419001.464,7106,921,0.0051,RPC
FETCH,1763419001.464,7105,531,0.0050,RPC
FETCH,1763419001.470,7106,941,0.0058,RPC
FETCH,1763419001.470,7105,489,0.0057,RPC
FETCH,1763419001.474,7103,665,0.0063,RPC
FETCH,1763419001.475,7105,848,0.0046,RPC
FETCH,1763419001.475,7106,502,0.0049,RPC
FETCH,1763419001.480,7103,754,0.0053,RPC
FETCH,1763419001.480,7105,492,0.0047,RPC
FETCH,1763419001.487,7103,21,0.0069,RPC
FETCH,1763419001.488,7105,94,0.0075,RPC
FETCH,1763419001.492,7103,375,0.0048,RPC
FETCH,1763419001.495,7103,525,0.0031,RPC
FETCH,1763419001.499,7103,339,0.0039,RPC
FETCH,1763419001.503,7103,412,0.0041,RPC
FETCH,1763419001.507,7103,188,0.0039,RPC
FETCH,1763419001.513,7103,697,0.0052,RPC
FETCH,1763419001.519,7103,793,0.0056,RPC
FETCH,1763419001.525,7103,243,0.0054,RPC
FETCH,1763419001.528,7103,928,0.0037,RPC
FETCH,1763419001.532,7103,41,0.0033,RPC
FETCH,1763419001.537,7103,399,0.0046,RPC
FETCH,1763419001.542,7103,670,0.0053,RPC
FETCH,1763419001.549,7103,350,0.0066,RPC
FETCH,1763419001.554,7103,365,0.0048,RPC
FETCH,1763419001.559,7103,284,0.0041,RPC
FETCH,1763419001.562,7103,537,0.0036,RPC
FETCH,1763419001.566,7103,544,0.0039,RPC
FETCH,1763419001.571,7103,809,0.0042,RPC
FETCH,1763419001.576,7103,873,0.0049,RPC
FETCH,1763419001.582,7103,599,0.0058,RPC
FETCH,1763419001.589,7103,231,0.0059,RPC
FETCH,1763419001.595,7103,31,0.0058,RPC
FETCH,1763419001.601,7103,852,0.0058,RPC
FETCH,1763419001.608,7103,366,0.0063,RPC
FETCH,1763419001.612,7103,215,0.0038,RPC
FETCH,1763419001.615,7103,746,0.0031,RPC
FETCH,1763419001.618,7103,118,0.0030,RPC
FETCH,1763419001.621,7103,588,0.0032,RPC
FETCH,1763419001.625,7103,527,0.0034,RPC
FETCH,1763419001.636,7103,151,0.0105,RPC
FETCH,1763419001.642,7103,528,0.0055,RPC
FETCH,1763419001.647,7103,293,0.0046,RPC
FETCH,1763419001.651,7103,827,0.0038,RPC
FETCH,1763419001.654,7103,541,0.0036,RPC
FETCH,1763419001.658,7103,978,0.0033,RPC
FETCH,1763419001.662,7103,8,0.0041,RPC
FETCH,1763419001.667,7103,733,0.0044,RPC
FETCH,1763419001.673,7103,876,0.0055,RPC
FETCH,1763419001.679,7103,278,0.0064,RPC
FETCH,1763419001.685,7103,587,0.0056,RPC
FETCH,1763419001.691,7103,594,0.0054,RPC
FETCH,1763419001.698,7103,371,0.0064,RPC
FETCH,1763419001.703,7103,70,0.0046,RPC
FETCH,1763419001.707,7103,826,0.0033,RPC
FETCH,1763419001.710,7103,728,0.0030,RPC
FETCH,1763419001.713,7103,613,0.0034,RPC
FETCH,1763419001.717,7103,165,0.0039,RPC
FETCH,1763419001.723,7103,549,0.0051,RPC
FETCH,1763419001.729,7103,508,0.0054,RPC
FETCH,1763419001.734,7103,675,0.0053,RPC
FETCH,1763419001.738,7103,539,0.0035,RPC
FETCH,1763419001.742,7103,396,0.0041,RPC
FETCH,1763419001.747,7103,471,0.0041,RPC
FETCH,1763419001.751,7103,272,0.0042,RPC
FETCH,1763419001.755,7103,970,0.0040,RPC
FETCH,1763419001.761,7103,261,0.0059,RPC
FETCH,1763419001.768,7103,306,0.0066,RPC
FETCH,1763419001.775,7103,228,0.0061,RPC
FETCH,1763419001.781,7103,833,0.0059,RPC
FETCH,1763419001.788,7103,559,0.0060,RPC
FETCH,1763419001.792,7103,816,0.0041,RPC
FETCH,1763419001.797,7103,761,0.0048,RPC
FETCH,1763419001.801,7103,388,0.0039,RPC
FETCH,1763419001.805,7103,751,0.0036,RPC
FETCH,1763419001.808,7103,124,0.0032,RPC
FETCH,1763419001.813,7103,446,0.0045,RPC
FETCH,1763419001.817,7103,106,0.0038,RPC
FETCH,1763419001.822,7103,352,0.0047,RPC
FETCH,1763419001.825,7103,229,0.0036,RPC
FETCH,1763419001.830,7103,262,0.0042,RPC
FETCH,1763419001.833,7103,734,0.0033,RPC
FETCH,1763419001.838,7103,321,0.0047,RPC
FETCH,1763419001.842,7103,722,0.0037,RPC
FETCH,1763419001.846,7103,889,0.0039,RPC
FETCH,1763419001.850,7103,397,0.0042,RPC
FETCH,1763419001.854,7103,640,0.0033,RPC
FETCH,1763419001.857,7103,762,0.0034,RPC
FETCH,1763419001.861,7103,344,0.0041,RPC
FETCH,1763419001.865,7103,995,0.0033,RPC
FETCH,1763419001.869,7103,181,0.0040,RPC
FETCH,1763419001.873,7103,59,0.0037,RPC
FETCH,1763419001.876,7103,25,0.0033,RPC
FETCH,1763419001.880,7103,633,0.0035,RPC
FETCH,1763419001.883,7103,574,0.0034,RPC
FETCH,1763419001.888,7103,373,0.0041,RPC
FETCH,1763419001.891,7103,982,0.0034,RPC
FETCH,1763419001.895,7103,280,0.0040,RPC
FETCH,1763419001.900,7103,403,0.0046,RPC
FETCH,1763419001.904,7103,899,0.0037,RPC
FETCH,1763419001.907,7103,110,0.0034,RPC
FETCH,1763419001.911,7103,68,0.0034,RPC
FETCH,1763419001.914,7103,931,0.0034,RPC
FETCH,1763419001.918,7103,749,0.0034,RPC
FETCH,1763419001.922,7103,427,0.0039,RPC
FETCH,1763419001.926,7103,294,0.0044,RPC
FETCH,1763419001.931,7103,725,0.0048,RPC
FETCH,1763419001.935,7103,900,0.0033,RPC
PROCESS,1763419003.219,7063,100,[230, 404, 629, 125, 955, 464, 777, 585, 658, 279, 54, 312, 568, 957, 916, 67, 883, 485, 699, 855, 906, 671, 760, 2, 851, 958, 913, 40, 763, 951, 554, 143, 792, 225, 922, 318, 617, 994, 943, 936, 902, 348, 605, 870, 330, 756, 945, 454, 849, 135, 610, 304, 175, 721, 433, 972, 111, 409, 308, 96, 346, 60, 458, 93, 645, 395, 190, 668, 766, 169, 586, 571, 468, 248, 590, 112, 621, 794, 920, 857, 641, 191, 807, 13, 639, 829, 358, 79, 326, 705, 806, 727, 732, 981, 263, 638, 811, 487, 644, 907]
FETCH,1763419003.223,7104,91,0.0041,RPC
FETCH,1763419003.227,7104,703,0.0032,RPC
FETCH,1763419003.230,7104,439,0.0038,RPC
FETCH,1763419003.233,7104,623,0.0030,RPC
FETCH,1763419003.237,7104,509,0.0031,RPC
FETCH,1763419003.241,7104,309,0.0039,RPC
FETCH,1763419003.244,7104,905,0.0030,RPC
FETCH,1763419003.248,7104,289,0.0038,RPC
FETCH,1763419003.251,7104,573,0.0031,RPC
FETCH,1763419003.254,7104,542,0.0034,RPC
FETCH,1763419003.257,7104,917,0.0030,RPC
FETCH,1763419003.261,7104,157,0.0031,RPC
FETCH,1763419003.264,7104,207,0.0029,RPC
FETCH,1763419003.268,7104,456,0.0038,RPC
FETCH,1763419003.271,7104,378,0.0038,RPC
FETCH,1763419003.275,7104,466,0.0036,RPC
FETCH,1763419003.278,7104,856,0.0032,RPC
FETCH,1763419003.281,7104,235,0.0030,RPC
FETCH,1763419003.284,7104,837,0.0028,RPC
FETCH,1763419003.288,7104,560,0.0033,RPC
FETCH,1763419003.291,7104,155,0.0031,RPC
FETCH,1763419003.294,7104,791,0.0034,RPC
FETCH,1763419003.298,7104,963,0.0033,RPC
FETCH,1763419003.301,7104,3,0.0032,RPC
FETCH,1763419003.305,7104,879,0.0033,RPC
FETCH,1763419003.311,7104,729,0.0062,RPC
FETCH,1763419003.315,7104,551,0.0036,RPC
FETCH,1763419003.318,7104,741,0.0033,RPC
FETCH,1763419003.322,7104,774,0.0037,RPC
FETCH,1763419003.325,7104,4,0.0034,RPC
FETCH,1763419003.329,7104,622,0.0033,RPC
FETCH,1763419003.333,7104,287,0.0040,RPC
FETCH,1763419003.337,7104,84,0.0035,RPC
FETCH,1763419003.340,7104,43,0.0033,RPC
FETCH,1763419003.344,7104,119,0.0034,RPC
FETCH,1763419003.347,7104,707,0.0033,RPC
FETCH,1763419003.351,7104,823,0.0038,RPC
FETCH,1763419003.354,7104,758,0.0033,RPC
FETCH,1763419003.358,7104,314,0.0040,RPC
FETCH,1763419003.362,7104,530,0.0032,RPC
FETCH,1763419003.366,7104,285,0.0047,RPC
FETCH,1763419003.370,7104,939,0.0033,RPC
FETCH,1763419003.373,7104,752,0.0034,RPC
FETCH,1763419003.377,7104,867,0.0032,RPC
FETCH,1763419003.381,7104,421,0.0039,RPC
FETCH,1763419003.384,7104,234,0.0033,RPC
FETCH,1763419003.388,7104,517,0.0035,RPC
FETCH,1763419003.391,7104,682,0.0032,RPC
FETCH,1763419003.394,7104,714,0.0032,RPC
FETCH,1763419003.398,7104,34,0.0033,RPC
FETCH,1763419003.402,7104,449,0.0040,RPC
FETCH,1763419003.406,7104,600,0.0036,RPC
FETCH,1763419003.409,7104,170,0.0033,RPC
FETCH,1763419003.413,7104,875,0.0033,RPC
FETCH,1763419003.416,7104,154,0.0033,RPC
FETCH,1763419003.419,7104,934,0.0033,RPC
FETCH,1763419003.423,7104,596,0.0034,RPC
FETCH,1763419003.426,7104,578,0.0035,RPC
FETCH,1763419003.430,7104,88,0.0033,RPC
FETCH,1763419003.433,7104,214,0.0033,RPC
FETCH,1763419003.437,7104,301,0.0041,RPC
FETCH,1763419003.441,7104,237,0.0034,RPC
FETCH,1763419003.444,7104,219,0.0033,RPC
FETCH,1763419003.448,7104,753,0.0037,RPC
FETCH,1763419003.452,7104,467,0.0040,RPC
FETCH,1763419003.456,7104,674,0.0033,RPC
FETCH,1763419003.459,7104,877,0.0038,RPC
FETCH,1763419003.463,7104,141,0.0033,RPC
FETCH,1763419003.466,7104,872,0.0033,RPC
FETCH,1763419003.470,7104,82,0.0032,RPC
FETCH,1763419003.473,7104,618,0.0033,RPC
FETCH,1763419003.477,7104,431,0.0042,RPC
FETCH,1763419003.481,7104,47,0.0034,RPC
FETCH,1763419003.484,7104,685,0.0033,RPC
FETCH,1763419003.488,7104,283,0.0042,RPC
FETCH,1763419003.492,7104,108,0.0034,RPC
FETCH,1763419003.495,7104,121,0.0033,RPC
FETCH,1763419003.499,7104,38,0.0033,RPC
FETCH,1763419003.502,7104,985,0.0033,RPC
FETCH,1763419003.506,7104,300,0.0039,RPC
FETCH,1763419003.510,7104,436,0.0039,RPC
FETCH,1763419003.514,7104,26,0.0034,RPC
FETCH,1763419003.517,7104,167,0.0036,RPC
FETCH,1763419003.521,7104,660,0.0035,RPC
FETCH,1763419003.525,7104,757,0.0039,RPC
FETCH,1763419003.529,7104,831,0.0035,RPC
FETCH,1763419003.532,7104,634,0.0032,RPC
FETCH,1763419003.536,7104,512,0.0036,RPC
FETCH,1763419003.540,7104,473,0.0042,RPC
FETCH,1763419003.544,7104,813,0.0036,RPC
FETCH,1763419003.547,7104,513,0.0033,RPC
FETCH,1763419003.552,7104,438,0.0047,RPC
FETCH,1763419003.559,7104,437,0.0065,RPC
FETCH,1763419003.566,7104,481,0.0062,RPC
FETCH,1763419003.570,7104,726,0.0038,RPC
FETCH,1763419003.573,7104,221,0.0032,RPC
FETCH,1763419003.577,7104,680,0.0038,RPC
FETCH,1763419003.581,7104,81,0.0038,RPC
FETCH,1763419003.586,7104,315,0.0050,RPC
FETCH,1763419003.592,7104,787,0.0052,RPC
PROCESS,1763419005.342,7063,100,[927, 270, 603, 251, 147, 688, 532, 534, 503, 298, 383, 340, 95, 462, 650, 372, 390, 632, 75, 44, 709, 258, 601, 57, 646, 76, 223, 673, 962, 871, 99, 667, 424, 619, 379, 434, 268, 731, 129, 416, 194, 543, 510, 374, 450, 325, 193, 87, 51, 859, 1, 310, 698, 459, 65, 61, 337, 470, 895, 989, 609, 220, 201, 745, 911, 103, 926, 320, 299, 853, 679, 387, 533, 69, 484, 189, 891, 156, 924, 247, 148, 935, 463, 772, 354, 333, 382, 256, 493, 0, 723, 974, 744, 217, 27, 405, 183, 987, 137, 577]
PROCESS,1763419007.440,7063,100,[222, 669, 788, 984, 884, 266, 406, 570, 133, 341, 142, 881, 748, 966, 336, 160, 161, 858, 184, 944, 887, 92, 32, 799, 476, 940, 606, 576, 23, 518, 24, 521, 153, 83, 890, 801, 767, 862, 898, 719, 430, 696, 937, 910, 923, 17, 819, 355, 815, 730, 369, 514, 472, 575, 460, 516, 965, 789, 171, 101, 242, 411, 500, 398, 322, 377, 120, 980, 329, 177, 946, 483, 146, 780, 328, 435, 959, 39, 425, 393, 6, 865, 139, 759, 676, 648, 115, 869, 342, 840, 29, 786, 804, 282, 356, 250, 49, 224, 71, 208]
PROCESS,1763419009.518,7063,100,[649, 878, 888, 687, 109, 174, 253, 499, 604, 886, 236, 323, 216, 882, 401, 311, 975, 718, 107, 864, 602, 432, 400, 626, 593, 592, 738, 453, 737, 362, 113, 817, 519, 908, 740, 986, 810, 942, 589, 46, 715, 448, 844, 90, 712, 192, 997, 710, 132, 117, 173, 200, 72, 209, 781, 152, 765, 558, 461, 930, 700, 74, 814, 364, 912, 86, 273, 654, 11, 949, 992, 368, 755, 77, 971, 497, 666, 327, 643, 960, 163, 226, 469, 616, 651, 821, 134, 547, 647, 501, 50, 380, 636, 394, 98, 443, 30, 783, 291, 5]
PROCESS,1763419011.609,7063,100,[447, 417, 750, 998, 996, 947, 736, 441, 999, 218, 582, 770, 105, 204, 259, 608, 80, 903, 22, 979, 45, 893, 185, 581, 128, 969, 720, 695, 104, 850, 845, 444, 839, 563, 257, 557, 956, 506, 402, 480, 126, 973, 102, 55, 419, 172, 691, 983, 565, 202, 63, 724, 838, 932, 524, 205, 475, 182, 991, 713, 846, 818, 564, 952, 286, 363, 415, 711, 490, 197, 305, 834, 477, 9, 562, 392, 85, 211, 843, 896, 52, 771, 58, 677, 233, 868, 964, 281, 296, 331, 114, 620, 663, 12, 672, 701, 678, 642, 892, 522]
PROCESS,1763419013.727,7063,100,[343, 275, 507, 131, 652, 313, 880, 993, 784, 478, 295, 615, 591, 122, 702, 15, 414, 290, 538, 7, 162, 317, 178, 491, 429, 841, 176, 520, 345, 790, 495, 307, 130, 195, 166, 863, 210, 897, 635, 595, 180, 232, 847, 692, 158, 802, 526, 56, 238, 842, 150, 909, 866, 894, 186, 144, 303, 445, 694, 584, 861, 689, 62, 655, 349, 239, 572, 684, 954, 391, 246, 89, 637, 267, 351, 227, 967, 10, 938, 386, 474, 546, 149, 385, 948, 536, 832, 778, 479, 598, 505, 743, 614, 407, 332, 531, 489, 848, 492, 94]
PROCESS,1763419015.807,7063,100,[245, 496, 504, 359, 607, 292, 164, 316, 265, 550, 824, 612, 376, 288, 381, 179, 78, 335, 540, 240, 919, 885, 704, 735, 611, 274, 797, 555, 100, 836, 347, 465, 455, 904, 37, 808, 145, 451, 498, 42, 271, 968, 410, 302, 18, 775, 854, 812, 252, 706, 901, 16, 264, 187, 653, 597, 820, 213, 742, 764, 769, 212, 442, 260, 822, 583, 773, 523, 384, 953, 545, 276, 686, 798, 33, 874, 657, 929, 785, 206, 413, 488, 420, 664, 805, 136, 370, 255, 566, 717, 690, 389, 661, 630, 457, 835, 990, 921, 941, 502]
PROCESS,1763419017.896,7063,100,[665, 754, 21, 375, 525, 339, 412, 188, 697, 793, 243, 928, 41, 399, 670, 350, 365, 284, 537, 544, 809, 873, 599, 231, 31, 852, 366, 215, 746, 118, 588, 527, 151, 528, 293, 827, 541, 978, 8, 733, 876, 278, 587, 594, 371, 70, 826, 728, 613, 165, 549, 508, 675, 539, 396, 471, 272, 970, 261, 306, 228, 833, 559, 816, 761, 388, 751, 124, 446, 106, 352, 229, 262, 734, 321, 722, 889, 397, 640, 762, 344, 995, 181, 59, 25, 633, 574, 373, 982, 280, 403, 899, 110, 68, 931, 749, 427, 294, 725, 900]
PROCESS,1763419020.099,7063,100,[91, 703, 439, 623, 509, 309, 905, 289, 573, 542, 917, 157, 207, 456, 378, 466, 856, 235, 837, 560, 155, 791, 963, 3, 879, 729, 551, 741, 774, 4, 622, 287, 84, 43, 119, 707, 823, 758, 314, 530, 285, 939, 752, 867, 421, 234, 517, 682, 714, 34, 449, 600, 170, 875, 154, 934, 596, 578, 88, 214, 301, 237, 219, 753, 467, 674, 877, 141, 872, 82, 618, 431, 47, 685, 283, 108, 121, 38, 985, 300, 436, 26, 167, 660, 757, 831, 634, 512, 473, 813, 513, 438, 437, 481, 726, 221, 680, 81, 315, 787]
FETCH,1763419022.252,7105,847,0.0034,RPC
FETCH,1763419022.253,7103,541,0.0048,RPC
FETCH,1763419022.253,7104,398,0.0044,RPC
FETCH,1763419022.253,7106,672,0.0049,RPC
FETCH,1763419022.256,7105,581,0.0039,RPC
FETCH,1763419022.257,7106,166,0.0033,RPC
FETCH,1763419022.258,7104,567,0.0042,RPC
FETCH,1763419022.258,7103,654,0.0043,RPC
FETCH,1763419022.260,7106,656,0.0027,RPC
FETCH,1763419022.261,7103,101,0.0029,RPC
FETCH,1763419022.262,7105,272,0.0057,RPC
FETCH,1763419022.262,7104,290,0.0047,RPC
FETCH,1763419022.262,7106,556,0.0028,RPC
FETCH,1763419022.264,7103,8,0.0035,RPC
FETCH,1763419022.265,7105,693,0.0028,RPC
FETCH,1763419022.265,7104,978,0.0029,RPC
FETCH,1763419022.266,7106,453,0.0036,RPC
FETCH,1763419022.267,7103,809,0.0026,RPC
FETCH,1763419022.268,7104,559,0.0030,RPC
FETCH,1763419022.270,7105,496,0.0048,RPC
FETCH,1763419022.270,7103,586,0.0032,RPC
FETCH,1763419022.273,7103,151,0.0030,RPC
FETCH,1763419022.274,7106,343,0.0073,RPC
FETCH,1763419022.274,7104,442,0.0051,RPC
FETCH,1763419022.275,7105,338,0.0050,RPC
FETCH,1763419022.276,7103,2,0.0030,RPC
FETCH,1763419022.277,7106,976,0.0031,RPC
FETCH,1763419022.277,7104,309,0.0034,RPC
FETCH,1763419022.278,7105,91,0.0029,RPC
FETCH,1763419022.280,7104,202,0.0027,RPC
FETCH,1763419022.280,7103,982,0.0041,RPC
FETCH,1763419022.280,7106,968,0.0037,RPC
FETCH,1763419022.281,7105,257,0.0034,RPC
FETCH,1763419022.284,7106,709,0.0030,RPC
FETCH,1763419022.286,7104,251,0.0056,RPC
FETCH,1763419022.286,7103,382,0.0050,RPC
FETCH,1763419022.287,7105,266,0.0052,RPC
FETCH,1763419022.287,7106,576,0.0030,RPC
FETCH,1763419022.288,7103,193,0.0026,RPC
FETCH,1763419022.288,7104,651,0.0027,RPC
FETCH,1763419022.291,7106,875,0.0041,RPC
FETCH,1763419022.291,7105,906,0.0042,RPC
FETCH,1763419022.293,7104,47,0.0046,RPC
FETCH,1763419022.293,7103,98,0.0047,RPC
FETCH,1763419022.294,7106,850,0.0028,RPC
FETCH,1763419022.295,7105,188,0.0046,RPC
FETCH,1763419022.296,7103,799,0.0026,RPC
FETCH,1763419022.296,7104,194,0.0031,RPC
FETCH,1763419022.297,7106,533,0.0029,RPC
FETCH,1763419022.300,7106,579,0.0029,RPC
FETCH,1763419022.301,7105,339,0.0052,RPC
FETCH,1763419022.301,7104,372,0.0053,RPC
FETCH,1763419022.302,7103,429,0.0058,RPC
FETCH,1763419022.303,7106,932,0.0029,RPC
FETCH,1763419022.304,7103,791,0.0027,RPC
FETCH,1763419022.305,7105,56,0.0037,RPC
FETCH,1763419022.305,7104,66,0.0031,RPC
FETCH,1763419022.306,7106,505,0.0029,RPC
FETCH,1763419022.307,7105,951,0.0025,RPC
FETCH,1763419022.307,7103,69,0.0028,RPC
FETCH,1763419022.308,7104,497,0.0033,RPC
FETCH,1763419022.309,7106,323,0.0036,RPC
FETCH,1763419022.310,7103,20,0.0028,RPC
FETCH,1763419022.310,7105,638,0.0030,RPC
FETCH,1763419022.311,7104,475,0.0032,RPC
FETCH,1763419022.312,7106,663,0.0028,RPC
FETCH,1763419022.313,7105,177,0.0025,RPC
FETCH,1763419022.313,7103,583,0.0028,RPC
FETCH,1763419022.315,7104,451,0.0035,RPC
FETCH,1763419022.316,7106,853,0.0038,RPC
FETCH,1763419022.316,7103,961,0.0030,RPC
FETCH,1763419022.316,7105,386,0.0034,RPC
FETCH,1763419022.319,7103,765,0.0025,RPC
FETCH,1763419022.319,7106,131,0.0028,RPC
FETCH,1763419022.319,7104,459,0.0042,RPC
FETCH,1763419022.319,7105,431,0.0030,RPC
FETCH,1763419022.322,7103,83,0.0029,RPC
FETCH,1763419022.322,7105,785,0.0024,RPC
FETCH,1763419022.323,7106,598,0.0035,RPC
FETCH,1763419022.323,7104,739,0.0035,RPC
FETCH,1763419022.324,7105,987,0.0022,RPC
FETCH,1763419022.325,7103,79,0.0028,RPC
FETCH,1763419022.325,7106,878,0.0025,RPC
FETCH,1763419022.325,7104,511,0.0027,RPC
FETCH,1763419022.328,7103,580,0.0030,RPC
FETCH,1763419022.328,7105,118,0.0035,RPC
FETCH,1763419022.328,7106,120,0.0032,RPC
FETCH,1763419022.328,7104,625,0.0029,RPC
FETCH,1763419022.330,7103,797,0.0022,RPC
FETCH,1763419022.331,7106,595,0.0028,RPC
FETCH,1763419022.332,7105,433,0.0043,RPC
FETCH,1763419022.332,7104,276,0.0037,RPC
FETCH,1763419022.333,7103,727,0.0030,RPC
FETCH,1763419022.335,7106,235,0.0033,RPC
FETCH,1763419022.336,7103,629,0.0027,RPC
FETCH,1763419022.337,7105,482,0.0043,RPC
FETCH,1763419022.337,7104,325,0.0048,RPC
FETCH,1763419022.339,7103,159,0.0028,RPC
FETCH,1763419022.340,7106,373,0.0050,RPC
FETCH,1763419022.340,7104,681,0.0027,RPC
FETCH,1763419022.340,7105,367,0.0033,RPC
FETCH,1763419022.343,7104,614,0.0028,RPC
FETCH,1763419022.343,7103,280,0.0040,RPC
FETCH,1763419022.345,7105,483,0.0047,RPC
FETCH,1763419022.346,7106,366,0.0061,RPC
FETCH,1763419022.349,7104,318,0.0057,RPC
FETCH,1763419022.350,7103,408,0.0068,RPC
FETCH,1763419022.351,7104,798,0.0025,RPC
FETCH,1763419022.351,7105,326,0.0063,RPC
FETCH,1763419022.351,7106,432,0.0052,RPC
FETCH,1763419022.354,7104,971,0.0028,RPC
FETCH,1763419022.354,7103,196,0.0042,RPC
FETCH,1763419022.355,7106,161,0.0035,RPC
FETCH,1763419022.356,7105,224,0.0044,RPC
FETCH,1763419022.358,7104,88,0.0037,RPC
FETCH,1763419022.358,7103,211,0.0037,RPC
FETCH,1763419022.359,7106,401,0.0039,RPC
FETCH,1763419022.359,7105,301,0.0037,RPC
FETCH,1763419022.362,7104,830,0.0037,RPC
FETCH,1763419022.362,7103,755,0.0037,RPC
FETCH,1763419022.362,7106,64,0.0027,RPC
FETCH,1763419022.363,7105,274,0.0032,RPC
FETCH,1763419022.364,7104,858,0.0025,RPC
FETCH,1763419022.365,7106,175,0.0037,RPC
FETCH,1763419022.366,7103,78,0.0039,RPC
FETCH,1763419022.366,7105,726,0.0030,RPC
FETCH,1763419022.367,7104,218,0.0025,RPC
FETCH,1763419022.369,7106,439,0.0032,RPC
FETCH,1763419022.370,7103,107,0.0047,RPC
FETCH,1763419022.370,7105,28,0.0046,RPC
FETCH,1763419022.371,7104,245,0.0039,RPC
FETCH,1763419022.372,7106,405,0.0031,RPC
FETCH,1763419022.373,7105,768,0.0028,RPC
FETCH,1763419022.375,7106,803,0.0028,RPC
FETCH,1763419022.375,7103,261,0.0044,RPC
FETCH,1763419022.375,7104,417,0.0044,RPC
FETCH,1763419022.376,7105,870,0.0028,RPC
FETCH,1763419022.378,7103,294,0.0030,RPC
FETCH,1763419022.379,7106,718,0.0038,RPC
FETCH,1763419022.379,7104,698,0.0035,RPC
FETCH,1763419022.380,7105,377,0.0033,RPC
FETCH,1763419022.381,7103,733,0.0028,RPC
FETCH,1763419022.382,7104,992,0.0029,RPC
FETCH,1763419022.382,7106,476,0.0030,RPC
FETCH,1763419022.383,7105,662,0.0029,RPC
FETCH,1763419022.385,7103,751,0.0037,RPC
FETCH,1763419022.385,7104,959,0.0029,RPC
FETCH,1763419022.385,7106,219,0.0032,RPC
FETCH,1763419022.386,7105,102,0.0029,RPC
FETCH,1763419022.388,7104,254,0.0031,RPC
FETCH,1763419022.388,7103,74,0.0037,RPC
FETCH,1763419022.388,7106,59,0.0034,RPC
FETCH,1763419022.389,7105,980,0.0028,RPC
FETCH,1763419022.392,7106,477,0.0032,RPC
FETCH,1763419022.392,7104,704,0.0041,RPC
FETCH,1763419022.392,7103,730,0.0036,RPC
FETCH,1763419022.393,7105,692,0.0039,RPC
FETCH,1763419022.396,7106,795,0.0040,RPC
FETCH,1763419022.396,7103,752,0.0037,RPC
FETCH,1763419022.396,7105,173,0.0032,RPC
FETCH,1763419022.396,7104,50,0.0038,RPC
FETCH,1763419022.399,7104,775,0.0026,RPC
FETCH,1763419022.399,7105,286,0.0030,RPC
FETCH,1763419022.399,7103,121,0.0035,RPC
FETCH,1763419022.399,7106,15,0.0035,RPC
FETCH,1763419022.402,7104,217,0.0030,RPC
FETCH,1763419022.402,7105,597,0.0028,RPC
FETCH,1763419022.402,7103,169,0.0027,RPC
FETCH,1763419022.403,7106,320,0.0032,RPC
FETCH,1763419022.406,7106,619,0.0029,RPC
FETCH,1763419022.406,7103,848,0.0038,RPC
FETCH,1763419022.406,7105,873,0.0042,RPC
FETCH,1763419022.406,7104,817,0.0045,RPC
FETCH,1763419022.409,7106,149,0.0029,RPC
FETCH,1763419022.409,7105,574,0.0026,RPC
FETCH,1763419022.410,7103,943,0.0037,RPC
FETCH,1763419022.410,7104,788,0.0038,RPC
FETCH,1763419022.411,7106,119,0.0026,RPC
FETCH,1763419022.412,7105,416,0.0030,RPC
FETCH,1763419022.413,7103,888,0.0027,RPC
FETCH,1763419022.414,7104,96,0.0040,RPC
FETCH,1763419022.414,7106,241,0.0029,RPC
FETCH,1763419022.415,7105,444,0.0031,RPC
FETCH,1763419022.416,7103,691,0.0029,RPC
FETCH,1763419022.417,7104,509,0.0027,RPC
FETCH,1763419022.418,7106,146,0.0038,RPC
FETCH,1763419022.419,7105,130,0.0036,RPC
FETCH,1763419022.419,7103,57,0.0036,RPC
FETCH,1763419022.420,7104,134,0.0032,RPC
FETCH,1763419022.423,7106,440,0.0046,RPC
FETCH,1763419022.423,7103,771,0.0035,RPC
FETCH,1763419022.423,7104,789,0.0029,RPC
FETCH,1763419022.423,7105,499,0.0043,RPC
FETCH,1763419022.426,7103,347,0.0030,RPC
FETCH,1763419022.428,7104,616,0.0045,RPC
FETCH,1763419022.428,7106,641,0.0049,RPC
FETCH,1763419022.428,7105,600,0.0046,RPC
FETCH,1763419022.429,7103,198,0.0028,RPC
FETCH,1763419022.431,7105,897,0.0026,RPC
FETCH,1763419022.431,7106,32,0.0027,RPC
FETCH,1763419022.431,7104,668,0.0029,RPC
FETCH,1763419022.432,7103,450,0.0032,RPC
FETCH,1763419022.434,7106,703,0.0035,RPC
FETCH,1763419022.434,7105,105,0.0035,RPC
FETCH,1763419022.434,7104,152,0.0036,RPC
FETCH,1763419022.435,7103,519,0.0029,RPC
FETCH,1763419022.437,7104,145,0.0026,RPC
FETCH,1763419022.437,7105,772,0.0030,RPC
FETCH,1763419022.437,7106,577,0.0031,RPC
FETCH,1763419022.438,7103,687,0.0027,RPC
FETCH,1763419022.440,7104,984,0.0028,RPC
FETCH,1763419022.440,7106,634,0.0024,RPC
FETCH,1763419022.440,7105,485,0.0029,RPC
FETCH,1763419022.441,7103,5,0.0028,RPC
FETCH,1763419022.442,7104,100,0.0026,RPC
FETCH,1763419022.443,7106,562,0.0030,RPC
FETCH,1763419022.444,7103,684,0.0028,RPC
FETCH,1763419022.444,7105,424,0.0035,RPC
FETCH,1763419022.445,7106,818,0.0025,RPC
FETCH,1763419022.446,7104,392,0.0033,RPC
FETCH,1763419022.449,7103,819,0.0047,RPC
FETCH,1763419022.449,7105,991,0.0047,RPC
FETCH,1763419022.449,7106,960,0.0032,RPC
FETCH,1763419022.449,7104,493,0.0030,RPC
FETCH,1763419022.452,7104,671,0.0028,RPC
FETCH,1763419022.452,7105,376,0.0031,RPC
FETCH,1763419022.453,7103,887,0.0044,RPC
FETCH,1763419022.453,7106,900,0.0043,RPC
FETCH,1763419022.455,7105,164,0.0026,RPC
FETCH,1763419022.455,7104,852,0.0028,RPC
FETCH,1763419022.457,7104,877,0.0026,RPC
FETCH,1763419022.457,7106,17,0.0041,RPC
FETCH,1763419022.458,7103,223,0.0048,RPC
FETCH,1763419022.459,7105,60,0.0040,RPC
FETCH,1763419022.462,7104,43,0.0041,RPC
FETCH,1763419022.462,7106,139,0.0041,RPC
FETCH,1763419022.462,7103,587,0.0039,RPC
FETCH,1763419022.462,7105,549,0.0034,RPC
FETCH,1763419022.465,7105,736,0.0026,RPC
FETCH,1763419022.465,7103,207,0.0030,RPC
FETCH,1763419022.466,7104,342,0.0045,RPC
FETCH,1763419022.466,7106,334,0.0048,RPC
FETCH,1763419022.468,7103,661,0.0033,RPC
FETCH,1763419022.469,7105,860,0.0040,RPC
FETCH,1763419022.470,7104,814,0.0039,RPC
FETCH,1763419022.470,7106,934,0.0037,RPC
FETCH,1763419022.471,7103,524,0.0029,RPC
FETCH,1763419022.471,7105,216,0.0026,RPC
FETCH,1763419022.473,7106,25,0.0024,RPC
FETCH,1763419022.473,7104,783,0.0028,RPC
FETCH,1763419022.474,7103,933,0.0027,RPC
FETCH,1763419022.474,7105,712,0.0028,RPC
FETCH,1763419022.475,7104,812,0.0024,RPC
FETCH,1763419022.475,7106,204,0.0026,RPC
FETCH,1763419022.478,7105,141,0.0036,RPC
FETCH,1763419022.478,7103,97,0.0040,RPC
FETCH,1763419022.480,7106,396,0.0046,RPC
FETCH,1763419022.480,7104,332,0.0049,RPC
FETCH,1763419022.481,7105,867,0.0027,RPC
FETCH,1763419022.481,7103,29,0.0025,RPC
FETCH,1763419022.484,7106,560,0.0035,RPC
FETCH,1763419022.484,7105,994,0.0028,RPC
FETCH,1763419022.484,7104,714,0.0033,RPC
FETCH,1763419022.484,7103,371,0.0030,RPC
FETCH,1763419022.486,7104,823,0.0025,RPC
FETCH,1763419022.486,7106,103,0.0026,RPC
FETCH,1763419022.488,7105,543,0.0037,RPC
FETCH,1763419022.488,7103,592,0.0036,RPC
FETCH,1763419022.489,7106,673,0.0024,RPC
FETCH,1763419022.489,7104,942,0.0025,RPC
FETCH,1763419022.490,7103,790,0.0023,RPC
FETCH,1763419022.491,7105,348,0.0034,RPC
FETCH,1763419022.492,7104,808,0.0031,RPC
FETCH,1763419022.493,7106,895,0.0037,RPC
FETCH,1763419022.493,7103,732,0.0027,RPC
FETCH,1763419022.494,7105,209,0.0027,RPC
FETCH,1763419022.495,7104,761,0.0028,RPC
FETCH,1763419022.497,7105,989,0.0029,RPC
FETCH,1763419022.497,7106,445,0.0044,RPC
FETCH,1763419022.498,7103,430,0.0047,RPC
FETCH,1763419022.498,7104,981,0.0028,RPC
FETCH,1763419022.500,7105,395,0.0035,RPC
FETCH,1763419022.501,7103,624,0.0030,RPC
FETCH,1763419022.501,7106,185,0.0033,RPC
FETCH,1763419022.501,7104,61,0.0031,RPC
FETCH,1763419022.504,7105,820,0.0037,RPC
FETCH,1763419022.504,7104,855,0.0032,RPC
FETCH,1763419022.505,7103,674,0.0039,RPC
FETCH,1763419022.505,7106,593,0.0039,RPC
FETCH,1763419022.507,7105,735,0.0025,RPC
FETCH,1763419022.508,7104,854,0.0032,RPC
FETCH,1763419022.510,7105,508,0.0029,RPC
FETCH,1763419022.510,7106,284,0.0049,RPC
FETCH,1763419022.510,7103,494,0.0051,RPC
FETCH,1763419022.511,7104,777,0.0030,RPC
FETCH,1763419022.512,7106,930,0.0027,RPC
FETCH,1763419022.512,7105,34,0.0027,RPC
FETCH,1763419022.513,7103,438,0.0035,RPC
FETCH,1763419022.513,7104,153,0.0026,RPC
FETCH,1763419022.516,7104,652,0.0029,RPC
FETCH,1763419022.517,7103,767,0.0031,RPC
FETCH,1763419022.517,7106,267,0.0045,RPC
FETCH,1763419022.517,7105,288,0.0048,RPC
FETCH,1763419022.519,7103,841,0.0027,RPC
FETCH,1763419022.520,7104,522,0.0038,RPC
FETCH,1763419022.520,7106,554,0.0034,RPC
FETCH,1763419022.521,7105,278,0.0035,RPC
FETCH,1763419022.522,7103,720,0.0024,RPC
FETCH,1763419022.523,7104,594,0.0028,RPC
FETCH,1763419022.523,7106,111,0.0029,RPC
FETCH,1763419022.524,7105,201,0.0033,RPC
FETCH,1763419022.525,7103,40,0.0027,RPC
FETCH,1763419022.526,7104,170,0.0024,RPC
FETCH,1763419022.527,7106,335,0.0032,RPC
FETCH,1763419022.527,7105,966,0.0028,RPC
FETCH,1763419022.528,7103,365,0.0037,RPC
FETCH,1763419022.529,7104,564,0.0029,RPC
FETCH,1763419022.530,7106,16,0.0027,RPC
FETCH,1763419022.531,7105,949,0.0036,RPC
FETCH,1763419022.532,7103,794,0.0032,RPC
FETCH,1763419022.533,7104,292,0.0041,RPC
FETCH,1763419022.534,7106,389,0.0041,RPC
FETCH,1763419022.535,7103,95,0.0031,RPC
FETCH,1763419022.535,7105,167,0.0038,RPC
FETCH,1763419022.536,7104,510,0.0029,RPC
FETCH,1763419022.537,7106,815,0.0030,RPC
FETCH,1763419022.537,7105,137,0.0024,RPC
FETCH,1763419022.538,7103,390,0.0037,RPC
FETCH,1763419022.540,7106,762,0.0029,RPC
FETCH,1763419022.540,7104,317,0.0043,RPC
FETCH,1763419022.541,7105,299,0.0036,RPC
FETCH,1763419022.541,7103,677,0.0029,RPC
FETCH,1763419022.543,7104,117,0.0031,RPC
FETCH,1763419022.543,7106,246,0.0034,RPC
FETCH,1763419022.546,7104,106,0.0025,RPC
FETCH,1763419022.546,7105,420,0.0053,RPC
FETCH,1763419022.547,7103,421,0.0056,RPC
FETCH,1763419022.547,7106,275,0.0039,RPC
FETCH,1763419022.549,7104,621,0.0029,RPC
FETCH,1763419022.550,7105,425,0.0032,RPC
FETCH,1763419022.550,7103,686,0.0026,RPC
FETCH,1763419022.550,7106,147,0.0026,RPC
FETCH,1763419022.552,7104,427,0.0031,RPC
FETCH,1763419022.553,7106,844,0.0027,RPC
FETCH,1763419022.553,7105,627,0.0037,RPC
FETCH,1763419022.554,7103,538,0.0036,RPC
FETCH,1763419022.556,7104,729,0.0038,RPC
FETCH,1763419022.556,7106,544,0.0031,RPC
FETCH,1763419022.556,7105,160,0.0030,RPC
FETCH,1763419022.557,7103,319,0.0031,RPC
FETCH,1763419022.559,7104,178,0.0026,RPC
FETCH,1763419022.560,7106,695,0.0041,RPC
FETCH,1763419022.560,7105,635,0.0035,RPC
FETCH,1763419022.561,7103,742,0.0039,RPC
FETCH,1763419022.561,7104,759,0.0028,RPC
FETCH,1763419022.563,7105,711,0.0024,RPC
FETCH,1763419022.564,7106,441,0.0036,RPC
FETCH,1763419022.564,7103,200,0.0036,RPC
FETCH,1763419022.565,7104,203,0.0032,RPC
FETCH,1763419022.565,7105,611,0.0028,RPC
FETCH,1763419022.568,7103,958,0.0031,RPC
FETCH,1763419022.568,7106,277,0.0045,RPC
FETCH,1763419022.568,7105,582,0.0029,RPC
FETCH,1763419022.568,7104,262,0.0036,RPC
FETCH,1763419022.571,7104,898,0.0029,RPC
FETCH,1763419022.573,7103,406,0.0054,RPC
FETCH,1763419022.574,7105,443,0.0058,RPC
FETCH,1763419022.574,7106,311,0.0060,RPC
FETCH,1763419022.574,7104,864,0.0028,RPC
FETCH,1763419022.576,7103,484,0.0034,RPC
FETCH,1763419022.577,7106,1,0.0025,RPC
FETCH,1763419022.577,7105,946,0.0030,RPC
FETCH,1763419022.577,7104,558,0.0029,RPC
FETCH,1763419022.579,7103,861,0.0029,RPC
FETCH,1763419022.580,7104,463,0.0030,RPC
FETCH,1763419022.581,7106,620,0.0036,RPC
FETCH,1763419022.581,7105,667,0.0033,RPC
FETCH,1763419022.583,7103,140,0.0033,RPC
FETCH,1763419022.583,7106,172,0.0021,RPC
FETCH,1763419022.585,7104,329,0.0047,RPC
FETCH,1763419022.585,7105,487,0.0046,RPC
FETCH,1763419022.587,7103,534,0.0040,RPC
FETCH,1763419022.587,7106,716,0.0042,RPC
FETCH,1763419022.588,7104,126,0.0032,RPC
FETCH,1763419022.590,7106,504,0.0026,RPC
FETCH,1763419022.591,7103,70,0.0039,RPC
FETCH,1763419022.591,7105,205,0.0055,RPC
FETCH,1763419022.592,7104,303,0.0032,RPC
FETCH,1763419022.594,7106,523,0.0041,RPC
FETCH,1763419022.595,7105,613,0.0038,RPC
FETCH,1763419022.596,7103,731,0.0051,RPC
FETCH,1763419022.596,7106,45,0.0022,RPC
FETCH,1763419022.597,7104,578,0.0041,RPC
FETCH,1763419022.598,7105,322,0.0030,RPC
FETCH,1763419022.599,7106,41,0.0023,RPC
FETCH,1763419022.599,7103,921,0.0029,RPC
FETCH,1763419022.600,7104,351,0.0031,RPC
FETCH,1763419022.601,7105,626,0.0028,RPC
FETCH,1763419022.602,7103,917,0.0028,RPC
FETCH,1763419022.603,7106,340,0.0039,RPC
FETCH,1763419022.603,7105,80,0.0024,RPC
FETCH,1763419022.603,7104,374,0.0034,RPC
PROCESS,1763419022.606,7063,100,[541, 654, 101, 8, 809, 586, 151, 2, 982, 382, 193, 98, 799, 429, 791, 69, 20, 583, 961, 765, 83, 79, 580, 797, 727, 629, 159, 280, 408, 196, 211, 755, 78, 107, 261, 294, 733, 751, 74, 730, 752, 121, 169, 848, 943, 888, 691, 57, 771, 347, 198, 450, 519, 687, 5, 684, 819, 887, 223, 587, 207, 661, 524, 933, 97, 29, 371, 592, 790, 732, 430, 624, 674, 494, 438, 767, 841, 720, 40, 365, 794, 95, 390, 677, 421, 686, 538, 319, 742, 200, 958, 406, 484, 861, 140, 534, 70, 731, 921, 917]
FETCH,1763419022.607,7103,502,0.0040,RPC
FETCH,1763419022.607,7105,507,0.0035,RPC
FETCH,1763419022.608,7104,375,0.0044,RPC
FETCH,1763419022.608,7106,307,0.0046,RPC
FETCH,1763419022.610,7103,422,0.0034,RPC
FETCH,1763419022.611,7105,199,0.0026,RPC
FETCH,1763419022.612,7104,786,0.0040,RPC
FETCH,1763419022.612,7106,876,0.0037,RPC
FETCH,1763419022.613,7103,707,0.0031,RPC
FETCH,1763419022.615,7105,300,0.0038,RPC
FETCH,1763419022.615,7106,158,0.0031,RPC
FETCH,1763419022.616,7104,423,0.0043,RPC
FETCH,1763419022.617,7103,550,0.0029,RPC
FETCH,1763419022.618,7105,359,0.0034,RPC
FETCH,1763419022.618,7106,575,0.0032,RPC
FETCH,1763419022.620,7103,7,0.0031,RPC
FETCH,1763419022.620,7104,82,0.0037,RPC
FETCH,1763419022.621,7106,816,0.0027,RPC
FETCH,1763419022.621,7105,666,0.0032,RPC
FETCH,1763419022.623,7103,636,0.0031,RPC
FETCH,1763419022.623,7104,792,0.0029,RPC
FETCH,1763419022.624,7105,179,0.0028,RPC
FETCH,1763419022.625,7106,486,0.0036,RPC
FETCH,1763419022.629,7104,479,0.0062,RPC
FETCH,1763419022.630,7103,364,0.0071,RPC
FETCH,1763419022.631,7105,404,0.0065,RPC
FETCH,1763419022.632,7106,269,0.0071,RPC
FETCH,1763419022.633,7104,546,0.0033,RPC
FETCH,1763419022.633,7103,220,0.0031,RPC
FETCH,1763419022.635,7105,724,0.0043,RPC
FETCH,1763419022.636,7103,231,0.0028,RPC
FETCH,1763419022.637,7106,531,0.0042,RPC
FETCH,1763419022.637,7104,678,0.0037,RPC
FETCH,1763419022.639,7105,313,0.0037,RPC
FETCH,1763419022.642,7103,871,0.0053,RPC
FETCH,1763419022.642,7104,963,0.0050,RPC
FETCH,1763419022.642,7106,954,0.0055,RPC
FETCH,1763419022.643,7105,585,0.0033,RPC
FETCH,1763419022.646,7104,665,0.0043,RPC
FETCH,1763419022.646,7103,603,0.0044,RPC
FETCH,1763419022.647,7106,363,0.0044,RPC
FETCH,1763419022.647,7105,428,0.0043,RPC
FETCH,1763419022.650,7103,907,0.0037,RPC
FETCH,1763419022.651,7104,520,0.0046,RPC
FETCH,1763419022.651,7106,599,0.0042,RPC
FETCH,1763419022.652,7105,545,0.0046,RPC
FETCH,1763419022.655,7103,813,0.0051,RPC
FETCH,1763419022.655,7105,21,0.0035,RPC
FETCH,1763419022.656,7104,770,0.0046,RPC
FETCH,1763419022.656,7106,950,0.0047,RPC
FETCH,1763419022.659,7105,148,0.0033,RPC
FETCH,1763419022.659,7104,514,0.0031,RPC
FETCH,1763419022.659,7103,807,0.0038,RPC
FETCH,1763419022.659,7106,828,0.0032,RPC
FETCH,1763419022.662,7105,804,0.0034,RPC
FETCH,1763419022.662,7103,832,0.0030,RPC
FETCH,1763419022.664,7106,214,0.0044,RPC
FETCH,1763419022.664,7104,156,0.0048,RPC
FETCH,1763419022.665,7103,957,0.0029,RPC
FETCH,1763419022.667,7105,468,0.0043,RPC
FETCH,1763419022.667,7104,952,0.0028,RPC
FETCH,1763419022.668,7106,466,0.0038,RPC
FETCH,1763419022.668,7103,769,0.0029,RPC
FETCH,1763419022.670,7104,606,0.0030,RPC
FETCH,1763419022.671,7105,212,0.0039,RPC
FETCH,1763419022.671,7106,35,0.0031,RPC
FETCH,1763419022.671,7103,884,0.0029,RPC
FETCH,1763419022.674,7106,644,0.0030,RPC
FETCH,1763419022.675,7103,123,0.0031,RPC
FETCH,1763419022.675,7104,402,0.0053,RPC
FETCH,1763419022.676,7105,490,0.0049,RPC
FETCH,1763419022.677,7106,893,0.0032,RPC
FETCH,1763419022.678,7103,728,0.0028,RPC
FETCH,1763419022.679,7104,412,0.0039,RPC
FETCH,1763419022.680,7105,675,0.0038,RPC
FETCH,1763419022.680,7106,602,0.0032,RPC
FETCH,1763419022.681,7103,995,0.0030,RPC
FETCH,1763419022.682,7104,793,0.0028,RPC
FETCH,1763419022.683,7105,491,0.0036,RPC
FETCH,1763419022.685,7103,526,0.0039,RPC
FETCH,1763419022.685,7106,623,0.0042,RPC
FETCH,1763419022.686,7104,985,0.0038,RPC
FETCH,1763419022.687,7105,856,0.0034,RPC
FETCH,1763419022.688,7103,748,0.0031,RPC
FETCH,1763419022.689,7106,413,0.0037,RPC
FETCH,1763419022.690,7104,206,0.0034,RPC
FETCH,1763419022.690,7105,974,0.0031,RPC
FETCH,1763419022.691,7103,513,0.0031,RPC
FETCH,1763419022.692,7106,851,0.0033,RPC
FETCH,1763419022.693,7104,998,0.0032,RPC
FETCH,1763419022.694,7105,54,0.0042,RPC
FETCH,1763419022.695,7103,221,0.0034,RPC
FETCH,1763419022.696,7106,874,0.0043,RPC
FETCH,1763419022.697,7104,975,0.0042,RPC
FETCH,1763419022.698,7105,754,0.0033,RPC
FETCH,1763419022.698,7103,639,0.0030,RPC
FETCH,1763419022.700,7106,515,0.0039,RPC
FETCH,1763419022.700,7104,705,0.0033,RPC
FETCH,1763419022.702,7103,165,0.0043,RPC
FETCH,1763419022.702,7105,222,0.0044,RPC
FETCH,1763419022.705,7106,899,0.0042,RPC
FETCH,1763419022.705,7104,891,0.0043,RPC
FETCH,1763419022.705,7105,12,0.0031,RPC
FETCH,1763419022.706,7103,548,0.0032,RPC
FETCH,1763419022.708,7106,236,0.0030,RPC
FETCH,1763419022.709,7104,749,0.0035,RPC
FETCH,1763419022.710,7105,801,0.0042,RPC
FETCH,1763419022.710,7103,940,0.0041,RPC
FETCH,1763419022.711,7106,622,0.0031,RPC
FETCH,1763419022.712,7104,964,0.0029,RPC
FETCH,1763419022.714,7106,631,0.0032,RPC
FETCH,1763419022.714,7105,750,0.0044,RPC
FETCH,1763419022.715,7103,764,0.0047,RPC
FETCH,1763419022.715,7104,163,0.0032,RPC
FETCH,1763419022.718,7105,552,0.0039,RPC
FETCH,1763419022.718,7104,612,0.0035,RPC
FETCH,1763419022.719,7106,909,0.0042,RPC
FETCH,1763419022.719,7103,845,0.0040,RPC
FETCH,1763419022.721,7105,225,0.0030,RPC
FETCH,1763419022.723,7106,609,0.0039,RPC
FETCH,1763419022.723,7103,708,0.0038,RPC
FETCH,1763419022.723,7104,302,0.0041,RPC
FETCH,1763419022.725,7105,81,0.0036,RPC
FETCH,1763419022.726,7103,744,0.0032,RPC
FETCH,1763419022.727,7104,122,0.0040,RPC
FETCH,1763419022.727,7106,39,0.0042,RPC
FETCH,1763419022.728,7105,77,0.0033,RPC
FETCH,1763419022.730,7103,312,0.0042,RPC
FETCH,1763419022.731,7104,781,0.0040,RPC
FETCH,1763419022.731,7106,904,0.0040,RPC
FETCH,1763419022.733,7105,446,0.0040,RPC
FETCH,1763419022.733,7103,700,0.0030,RPC
FETCH,1763419022.734,7104,972,0.0029,RPC
FETCH,1763419022.735,7106,480,0.0039,RPC
FETCH,1763419022.736,7105,734,0.0029,RPC
FETCH,1763419022.736,7103,889,0.0029,RPC
FETCH,1763419022.738,7104,330,0.0038,RPC
FETCH,1763419022.738,7106,571,0.0030,RPC
FETCH,1763419022.740,7103,157,0.0033,RPC
FETCH,1763419022.740,7105,356,0.0045,RPC
FETCH,1763419022.743,7103,953,0.0031,RPC
FETCH,1763419022.744,7104,407,0.0059,RPC
FETCH,1763419022.744,7106,470,0.0058,RPC
FETCH,1763419022.747,7105,293,0.0062,RPC
FETCH,1763419022.748,7103,383,0.0044,RPC
FETCH,1763419022.748,7104,596,0.0041,RPC
FETCH,1763419022.748,7106,696,0.0041,RPC
FETCH,1763419022.750,7105,956,0.0030,RPC
FETCH,1763419022.751,7106,920,0.0028,RPC
FETCH,1763419022.751,7104,516,0.0031,RPC
FETCH,1763419022.752,7103,76,0.0037,RPC
FETCH,1763419022.753,7105,862,0.0029,RPC
FETCH,1763419022.757,7105,316,0.0038,RPC
FETCH,1763419022.757,7106,945,0.0058,RPC
FETCH,1763419022.757,7103,840,0.0055,RPC
FETCH,1763419022.757,7104,773,0.0058,RPC
FETCH,1763419022.761,7106,230,0.0036,RPC
FETCH,1763419022.761,7105,249,0.0040,RPC
FETCH,1763419022.762,7104,353,0.0052,RPC
FETCH,1763419022.762,7103,379,0.0052,RPC
FETCH,1763419022.764,7106,902,0.0031,RPC
FETCH,1763419022.764,7105,192,0.0034,RPC
FETCH,1763419022.767,7106,918,0.0031,RPC
FETCH,1763419022.767,7105,116,0.0026,RPC
FETCH,1763419022.767,7104,270,0.0047,RPC
FETCH,1763419022.768,7103,260,0.0051,RPC
FETCH,1763419022.770,7105,190,0.0030,RPC
FETCH,1763419022.771,7106,305,0.0036,RPC
FETCH,1763419022.772,7103,610,0.0039,RPC
FETCH,1763419022.772,7104,738,0.0043,RPC
FETCH,1763419022.774,7105,419,0.0034,RPC
FETCH,1763419022.774,7106,90,0.0034,RPC
FETCH,1763419022.775,7104,10,0.0027,RPC
FETCH,1763419022.775,7103,495,0.0035,RPC
FETCH,1763419022.778,7106,337,0.0034,RPC
FETCH,1763419022.778,7105,670,0.0039,RPC
FETCH,1763419022.779,7104,630,0.0041,RPC
FETCH,1763419022.779,7103,643,0.0035,RPC
FETCH,1763419022.781,7105,553,0.0029,RPC
FETCH,1763419022.782,7103,244,0.0028,RPC
FETCH,1763419022.782,7106,464,0.0042,RPC
FETCH,1763419022.783,7104,370,0.0041,RPC
FETCH,1763419022.784,7105,174,0.0028,RPC
FETCH,1763419022.785,7106,965,0.0031,RPC
FETCH,1763419022.786,7103,447,0.0042,RPC
FETCH,1763419022.787,7105,935,0.0032,RPC
FETCH,1763419022.787,7104,415,0.0039,RPC
FETCH,1763419022.789,7106,929,0.0034,RPC
FETCH,1763419022.790,7105,143,0.0032,RPC
FETCH,1763419022.791,7103,255,0.0048,RPC
FETCH,1763419022.792,7104,465,0.0045,RPC
FETCH,1763419022.792,7106,910,0.0032,RPC
FETCH,1763419022.794,7105,454,0.0038,RPC
FETCH,1763419022.795,7104,743,0.0033,RPC
FETCH,1763419022.796,7103,324,0.0051,RPC
FETCH,1763419022.797,7106,281,0.0044,RPC
FETCH,1763419022.797,7105,30,0.0029,RPC
FETCH,1763419022.798,7104,838,0.0033,RPC
FETCH,1763419022.800,7103,263,0.0033,RPC
FETCH,1763419022.800,7106,916,0.0030,RPC
FETCH,1763419022.801,7105,176,0.0039,RPC
FETCH,1763419022.803,7104,228,0.0044,RPC
FETCH,1763419022.803,7106,756,0.0029,RPC
FETCH,1763419022.803,7103,128,0.0035,RPC
FETCH,1763419022.805,7105,283,0.0035,RPC
FETCH,1763419022.806,7106,833,0.0032,RPC
FETCH,1763419022.806,7104,647,0.0033,RPC
FETCH,1763419022.807,7103,308,0.0034,RPC
FETCH,1763419022.808,7105,721,0.0030,RPC
FETCH,1763419022.809,7104,315,0.0032,RPC
FETCH,1763419022.811,7106,142,0.0044,RPC
FETCH,1763419022.811,7103,22,0.0036,RPC
FETCH,1763419022.811,7105,253,0.0032,RPC
FETCH,1763419022.813,7104,414,0.0039,RPC
FETCH,1763419022.814,7105,11,0.0031,RPC
FETCH,1763419022.816,7106,458,0.0054,RPC
FETCH,1763419022.816,7103,287,0.0056,RPC
FETCH,1763419022.817,7104,903,0.0030,RPC
FETCH,1763419022.818,7105,501,0.0031,RPC
FETCH,1763419022.819,7106,806,0.0026,RPC
FETCH,1763419022.819,7103,570,0.0028,RPC
FETCH,1763419022.820,7104,452,0.0033,RPC
FETCH,1763419022.822,7105,89,0.0046,RPC
FETCH,1763419022.823,7103,67,0.0039,RPC
FETCH,1763419022.823,7106,247,0.0044,RPC
FETCH,1763419022.825,7104,227,0.0046,RPC
FETCH,1763419022.826,7105,285,0.0036,RPC
FETCH,1763419022.827,7103,779,0.0037,RPC
FETCH,1763419022.827,7106,869,0.0036,RPC
FETCH,1763419022.828,7104,537,0.0030,RPC
FETCH,1763419022.831,7105,760,0.0045,RPC
FETCH,1763419022.831,7104,529,0.0031,RPC
FETCH,1763419022.831,7106,938,0.0042,RPC
FETCH,1763419022.832,7103,866,0.0052,RPC
FETCH,1763419022.836,7104,71,0.0049,RPC
FETCH,1763419022.837,7105,590,0.0061,RPC
FETCH,1763419022.837,7106,168,0.0055,RPC
FETCH,1763419022.837,7103,84,0.0045,RPC
FETCH,1763419022.840,7104,810,0.0036,RPC
FETCH,1763419022.840,7105,48,0.0034,RPC
FETCH,1763419022.841,7103,462,0.0035,RPC
FETCH,1763419022.841,7106,525,0.0038,RPC
FETCH,1763419022.844,7103,26,0.0033,RPC
FETCH,1763419022.844,7105,919,0.0035,RPC
FETCH,1763419022.844,7104,108,0.0042,RPC
FETCH,1763419022.844,7106,85,0.0035,RPC
FETCH,1763419022.847,7103,912,0.0033,RPC
FETCH,1763419022.852,7104,306,0.0075,RPC
FETCH,1763419022.855,7106,296,0.0100,RPC
FETCH,1763419022.855,7105,391,0.0113,RPC
FETCH,1763419022.856,7103,310,0.0081,RPC
FETCH,1763419022.857,7104,345,0.0052,RPC
FETCH,1763419022.858,7106,58,0.0035,RPC
FETCH,1763419022.860,7105,532,0.0041,RPC
FETCH,1763419022.860,7103,563,0.0039,RPC
FETCH,1763419022.861,7104,336,0.0035,RPC
FETCH,1763419022.861,7106,588,0.0027,RPC
FETCH,1763419022.864,7105,737,0.0043,RPC
FETCH,1763419022.864,7106,215,0.0030,RPC
FETCH,1763419022.864,7103,679,0.0044,RPC
FETCH,1763419022.865,7104,723,0.0039,RPC
FETCH,1763419022.867,7103,915,0.0032,RPC
FETCH,1763419022.868,7105,127,0.0039,RPC
FETCH,1763419022.868,7104,93,0.0034,RPC
FETCH,1763419022.871,7103,180,0.0030,RPC
FETCH,1763419022.871,7104,573,0.0030,RPC
FETCH,1763419022.871,7105,977,0.0033,RPC
FETCH,1763419022.872,7106,892,0.0074,RPC
FETCH,1763419022.874,7103,719,0.0032,RPC
FETCH,1763419022.874,7104,843,0.0030,RPC
FETCH,1763419022.876,7105,38,0.0042,RPC
FETCH,1763419022.877,7106,248,0.0048,RPC
FETCH,1763419022.877,7103,184,0.0034,RPC
FETCH,1763419022.877,7104,947,0.0029,RPC
FETCH,1763419022.879,7105,282,0.0033,RPC
FETCH,1763419022.880,7106,189,0.0037,RPC
FETCH,1763419022.882,7103,182,0.0041,RPC
FETCH,1763419022.882,7104,498,0.0041,RPC
FETCH,1763419022.882,7105,133,0.0028,RPC
FETCH,1763419022.886,7106,536,0.0051,RPC
FETCH,1763419022.887,7103,565,0.0051,RPC
FETCH,1763419022.887,7104,632,0.0052,RPC
FETCH,1763419022.887,7105,517,0.0050,RPC
FETCH,1763419022.890,7106,896,0.0039,RPC
FETCH,1763419022.890,7103,753,0.0034,RPC
FETCH,1763419022.891,7104,633,0.0041,RPC
FETCH,1763419022.891,7105,500,0.0038,RPC
FETCH,1763419022.893,7106,646,0.0030,RPC
FETCH,1763419022.894,7105,238,0.0032,RPC
FETCH,1763419022.894,7103,68,0.0041,RPC
FETCH,1763419022.895,7104,259,0.0037,RPC
FETCH,1763419022.896,7106,776,0.0031,RPC
FETCH,1763419022.899,7103,237,0.0039,RPC
FETCH,1763419022.899,7105,183,0.0042,RPC
FETCH,1763419022.899,7104,327,0.0039,RPC
FETCH,1763419022.899,7106,849,0.0031,RPC
FETCH,1763419022.902,7103,979,0.0032,RPC
FETCH,1763419022.906,7103,591,0.0036,RPC
FETCH,1763419022.906,7105,397,0.0070,RPC
FETCH,1763419022.906,7104,426,0.0074,RPC
FETCH,1763419022.907,7106,380,0.0077,RPC
FETCH,1763419022.911,7103,449,0.0050,RPC
FETCH,1763419022.911,7106,394,0.0036,RPC
FETCH,1763419022.911,7104,36,0.0042,RPC
FETCH,1763419022.911,7105,63,0.0048,RPC
FETCH,1763419022.914,7103,72,0.0032,RPC
FETCH,1763419022.914,7106,973,0.0034,RPC
FETCH,1763419022.916,7104,381,0.0054,RPC
FETCH,1763419022.917,7105,321,0.0055,RPC
FETCH,1763419022.918,7103,774,0.0036,RPC
FETCH,1763419022.918,7106,689,0.0035,RPC
FETCH,1763419022.920,7104,782,0.0035,RPC
FETCH,1763419022.921,7105,6,0.0045,RPC
FETCH,1763419022.922,7103,114,0.0046,RPC
FETCH,1763419022.923,7106,112,0.0045,RPC
FETCH,1763419022.923,7104,615,0.0033,RPC
FETCH,1763419022.924,7105,53,0.0029,RPC
FETCH,1763419022.926,7106,195,0.0034,RPC
FETCH,1763419022.926,7103,928,0.0037,RPC
FETCH,1763419022.928,7104,722,0.0042,RPC
FETCH,1763419022.928,7105,506,0.0037,RPC
FETCH,1763419022.929,7106,73,0.0033,RPC
FETCH,1763419022.930,7103,829,0.0032,RPC
FETCH,1763419022.931,7104,33,0.0034,RPC
FETCH,1763419022.933,7106,997,0.0031,RPC
FETCH,1763419022.934,7103,410,0.0041,RPC
FETCH,1763419022.934,7105,358,0.0057,RPC
FETCH,1763419022.934,7104,210,0.0030,RPC
FETCH,1763419022.936,7106,660,0.0032,RPC
FETCH,1763419022.937,7105,680,0.0029,RPC
FETCH,1763419022.937,7103,341,0.0035,RPC
FETCH,1763419022.937,7104,87,0.0030,RPC
FETCH,1763419022.939,7106,162,0.0031,RPC
FETCH,1763419022.941,7105,357,0.0037,RPC
FETCH,1763419022.942,7104,970,0.0044,RPC
FETCH,1763419022.942,7103,894,0.0045,RPC
FETCH,1763419022.943,7106,213,0.0034,RPC
FETCH,1763419022.946,7105,435,0.0047,RPC
FETCH,1763419022.948,7104,478,0.0053,RPC
FETCH,1763419022.948,7106,757,0.0048,RPC
FETCH,1763419022.948,7103,885,0.0053,RPC
FETCH,1763419022.951,7105,530,0.0052,RPC
FETCH,1763419022.952,7103,886,0.0046,RPC
FETCH,1763419022.952,7104,645,0.0046,RPC
FETCH,1763419022.952,7106,4,0.0046,RPC
FETCH,1763419022.957,7105,655,0.0049,RPC
FETCH,1763419022.957,7106,388,0.0040,RPC
FETCH,1763419022.957,7103,967,0.0043,RPC
FETCH,1763419022.958,7104,983,0.0053,RPC
FETCH,1763419022.961,7106,589,0.0040,RPC
FETCH,1763419022.961,7103,62,0.0038,RPC
FETCH,1763419022.962,7105,279,0.0050,RPC
FETCH,1763419022.964,7104,457,0.0054,RPC
FETCH,1763419022.965,7106,378,0.0037,RPC
FETCH,1763419022.965,7103,863,0.0039,RPC
FETCH,1763419022.965,7105,939,0.0030,RPC
FETCH,1763419022.967,7104,191,0.0036,RPC
FETCH,1763419022.968,7105,113,0.0033,RPC
FETCH,1763419022.969,7106,608,0.0044,RPC
FETCH,1763419022.969,7103,566,0.0041,RPC
FETCH,1763419022.971,7104,822,0.0033,RPC
FETCH,1763419022.972,7103,584,0.0033,RPC
FETCH,1763419022.972,7105,355,0.0040,RPC
FETCH,1763419022.972,7106,924,0.0033,RPC
FETCH,1763419022.975,7104,434,0.0044,RPC
FETCH,1763419022.977,7106,31,0.0039,RPC
FETCH,1763419022.977,7103,990,0.0048,RPC
FETCH,1763419022.977,7105,859,0.0048,RPC
FETCH,1763419022.979,7104,109,0.0039,RPC
FETCH,1763419022.983,7105,653,0.0050,RPC
FETCH,1763419022.983,7106,740,0.0059,RPC
FETCH,1763419022.983,7103,715,0.0053,RPC
FETCH,1763419022.985,7104,385,0.0050,RPC
FETCH,1763419022.988,7105,746,0.0049,RPC
FETCH,1763419022.988,7103,948,0.0048,RPC
FETCH,1763419022.988,7106,264,0.0051,RPC
FETCH,1763419022.990,7104,699,0.0047,RPC
FETCH,1763419022.993,7106,879,0.0048,RPC
FETCH,1763419022.994,7105,527,0.0054,RPC
FETCH,1763419022.994,7103,725,0.0055,RPC
FETCH,1763419022.995,7104,393,0.0050,RPC
FETCH,1763419022.999,7105,706,0.0048,RPC
FETCH,1763419023.002,7103,331,0.0080,RPC
FETCH,1763419023.002,7106,461,0.0084,RPC
FETCH,1763419023.003,7104,368,0.0074,RPC
FETCH,1763419023.004,7105,784,0.0050,RPC
FETCH,1763419023.007,7106,710,0.0049,RPC
FETCH,1763419023.007,7104,18,0.0044,RPC
FETCH,1763419023.007,7103,780,0.0049,RPC
FETCH,1763419023.009,7105,637,0.0043,RPC
FETCH,1763419023.012,7103,846,0.0043,RPC
FETCH,1763419023.013,7105,132,0.0039,RPC
FETCH,1763419023.013,7106,488,0.0056,RPC
FETCH,1763419023.013,7104,349,0.0057,RPC
FETCH,1763419023.020,7106,13,0.0066,RPC
FETCH,1763419023.020,7105,99,0.0069,RPC
FETCH,1763419023.020,7103,75,0.0061,RPC
FETCH,1763419023.024,7105,569,0.0040,RPC
FETCH,1763419023.024,7106,171,0.0040,RPC
FETCH,1763419023.025,7103,273,0.0043,RPC
FETCH,1763419023.028,7103,658,0.0030,RPC
FETCH,1763419023.031,7103,913,0.0029,RPC
FETCH,1763419023.034,7103,914,0.0030,RPC
FETCH,1763419023.037,7103,503,0.0035,RPC
FETCH,1763419023.041,7103,926,0.0039,RPC
FETCH,1763419023.047,7103,208,0.0051,RPC
FETCH,1763419023.053,7103,905,0.0055,RPC
FETCH,1763419023.057,7103,802,0.0041,RPC
FETCH,1763419023.061,7103,758,0.0040,RPC
FETCH,1763419023.065,7103,352,0.0040,RPC
FETCH,1763419023.070,7103,448,0.0039,RPC
FETCH,1763419023.074,7103,962,0.0039,RPC
FETCH,1763419023.079,7103,154,0.0056,RPC
FETCH,1763419023.085,7103,155,0.0053,RPC
FETCH,1763419023.091,7103,456,0.0056,RPC
FETCH,1763419023.095,7103,467,0.0038,RPC
FETCH,1763419023.099,7103,825,0.0036,RPC
FETCH,1763419023.103,7103,369,0.0047,RPC
FETCH,1763419023.108,7103,9,0.0043,RPC
FETCH,1763419023.113,7103,540,0.0052,RPC
FETCH,1763419023.120,7103,657,0.0059,RPC
FETCH,1763419023.126,7103,890,0.0059,RPC
FETCH,1763419023.133,7103,436,0.0067,RPC
FETCH,1763419023.143,7103,694,0.0055,RPC
FETCH,1763419023.149,7103,291,0.0052,RPC
FETCH,1763419023.153,7103,628,0.0045,RPC
FETCH,1763419023.157,7103,304,0.0041,RPC
FETCH,1763419023.161,7103,882,0.0032,RPC
FETCH,1763419023.164,7103,572,0.0031,RPC
FETCH,1763419023.168,7103,682,0.0035,RPC
FETCH,1763419023.172,7103,489,0.0045,RPC
FETCH,1763419023.177,7103,110,0.0045,RPC
FETCH,1763419023.183,7103,697,0.0051,RPC
FETCH,1763419023.188,7103,387,0.0051,RPC
FETCH,1763419023.193,7103,865,0.0046,RPC
FETCH,1763419023.196,7103,676,0.0034,RPC
FETCH,1763419023.200,7103,521,0.0034,RPC
FETCH,1763419023.204,7103,239,0.0036,RPC
FETCH,1763419023.209,7103,437,0.0049,RPC
FETCH,1763419023.214,7103,42,0.0046,RPC
FETCH,1763419023.220,7103,607,0.0058,RPC
FETCH,1763419023.226,7103,243,0.0058,RPC
FETCH,1763419023.232,7103,787,0.0060,RPC
FETCH,1763419023.237,7103,944,0.0047,RPC
FETCH,1763419023.241,7103,701,0.0038,RPC
FETCH,1763419023.245,7103,649,0.0032,RPC
FETCH,1763419023.250,7103,999,0.0050,RPC
FETCH,1763419023.254,7103,94,0.0038,RPC
FETCH,1763419023.257,7103,605,0.0032,RPC
FETCH,1763419023.260,7103,44,0.0030,RPC
FETCH,1763419023.263,7103,901,0.0030,RPC
FETCH,1763419023.267,7103,835,0.0037,RPC
FETCH,1763419023.273,7103,551,0.0059,RPC
FETCH,1763419023.279,7103,411,0.0059,RPC
FETCH,1763419023.283,7103,542,0.0033,RPC
FETCH,1763419023.286,7103,922,0.0036,RPC
FETCH,1763419023.289,7103,836,0.0030,RPC
FETCH,1763419023.293,7103,55,0.0030,RPC
FETCH,1763419023.296,7103,226,0.0034,RPC
FETCH,1763419023.300,7103,135,0.0035,RPC
FETCH,1763419023.304,7103,240,0.0041,RPC
FETCH,1763419023.310,7103,268,0.0053,RPC
FETCH,1763419023.316,7103,265,0.0064,RPC
FETCH,1763419023.324,7103,360,0.0072,RPC
FETCH,1763419023.331,7103,923,0.0065,RPC
FETCH,1763419023.338,7103,821,0.0065,RPC
FETCH,1763419023.343,7103,346,0.0049,RPC
FETCH,1763419023.347,7103,409,0.0042,RPC
FETCH,1763419023.353,7103,747,0.0057,RPC
FETCH,1763419023.357,7103,555,0.0033,RPC
FETCH,1763419023.360,7103,883,0.0033,RPC
FETCH,1763419023.364,7103,46,0.0037,RPC
FETCH,1763419023.367,7103,37,0.0029,RPC
FETCH,1763419023.370,7103,659,0.0030,RPC
FETCH,1763419023.373,7103,186,0.0031,RPC
FETCH,1763419023.378,7103,314,0.0045,RPC
FETCH,1763419023.383,7103,460,0.0048,RPC
FETCH,1763419023.387,7103,232,0.0037,RPC
FETCH,1763419023.390,7103,826,0.0035,RPC
FETCH,1763419023.395,7103,271,0.0041,RPC
FETCH,1763419023.399,7103,295,0.0040,RPC
FETCH,1763419023.404,7103,354,0.0048,RPC
FETCH,1763419023.407,7103,136,0.0037,RPC
FETCH,1763419023.411,7103,252,0.0038,RPC
FETCH,1763419023.415,7103,927,0.0034,RPC
FETCH,1763419023.419,7103,568,0.0038,RPC
FETCH,1763419023.422,7103,993,0.0034,RPC
FETCH,1763419023.426,7103,92,0.0036,RPC
FETCH,1763419023.429,7103,669,0.0031,RPC
FETCH,1763419023.432,7103,24,0.0026,RPC
FETCH,1763419023.435,7103,741,0.0033,RPC
FETCH,1763419023.440,7103,298,0.0049,RPC
FETCH,1763419023.445,7103,872,0.0040,RPC
FETCH,1763419023.448,7103,955,0.0035,RPC
FETCH,1763419023.452,7103,512,0.0033,RPC
FETCH,1763419023.456,7103,361,0.0041,RPC
FETCH,1763419023.460,7103,648,0.0036,RPC
FETCH,1763419023.463,7103,557,0.0034,RPC
PROCESS,1763419024.749,7063,100,[398, 567, 290, 978, 559, 442, 309, 202, 251, 651, 47, 194, 372, 66, 497, 475, 451, 459, 739, 511, 625, 276, 325, 681, 614, 318, 798, 971, 88, 830, 858, 218, 245, 417, 698, 992, 959, 254, 704, 50, 775, 217, 817, 788, 96, 509, 134, 789, 616, 668, 152, 145, 984, 100, 392, 493, 671, 852, 877, 43, 342, 814, 783, 812, 332, 714, 823, 942, 808, 761, 981, 61, 855, 854, 777, 153, 652, 522, 594, 170, 564, 292, 510, 317, 117, 106, 621, 427, 729, 178, 759, 203, 262, 898, 864, 558, 463, 329, 126, 303]
FETCH,1763419024.753,7104,683,0.0039,RPC
FETCH,1763419024.760,7104,229,0.0065,RPC
FETCH,1763419024.765,7104,778,0.0053,RPC
FETCH,1763419024.769,7104,197,0.0035,RPC
FETCH,1763419024.773,7104,811,0.0036,RPC
FETCH,1763419024.776,7104,233,0.0034,RPC
FETCH,1763419024.780,7104,150,0.0036,RPC
FETCH,1763419024.784,7104,796,0.0034,RPC
FETCH,1763419024.787,7104,936,0.0035,RPC
FETCH,1763419024.792,7104,384,0.0041,RPC
FETCH,1763419024.796,7104,344,0.0040,RPC
FETCH,1763419024.799,7104,617,0.0033,RPC
FETCH,1763419024.802,7104,51,0.0033,RPC
FETCH,1763419024.807,7104,474,0.0041,RPC
FETCH,1763419024.811,7104,492,0.0040,RPC
FETCH,1763419024.814,7104,49,0.0034,RPC
FETCH,1763419024.818,7104,688,0.0033,RPC
FETCH,1763419024.821,7104,187,0.0035,RPC
FETCH,1763419024.825,7104,908,0.0036,RPC
FETCH,1763419024.828,7104,561,0.0034,RPC
FETCH,1763419024.832,7104,125,0.0039,RPC
FETCH,1763419024.837,7104,362,0.0041,RPC
FETCH,1763419024.841,7104,400,0.0040,RPC
FETCH,1763419024.844,7104,988,0.0033,RPC
FETCH,1763419024.848,7104,539,0.0039,RPC
FETCH,1763419024.852,7104,650,0.0034,RPC
FETCH,1763419024.855,7104,839,0.0034,RPC
FETCH,1763419024.859,7104,242,0.0033,RPC
FETCH,1763419024.863,7104,713,0.0038,RPC
FETCH,1763419024.866,7104,129,0.0034,RPC
FETCH,1763419024.870,7104,471,0.0041,RPC
FETCH,1763419024.874,7104,604,0.0034,RPC
FETCH,1763419024.878,7104,455,0.0040,RPC
FETCH,1763419024.882,7104,250,0.0041,RPC
FETCH,1763419024.886,7104,868,0.0033,RPC
FETCH,1763419024.889,7104,824,0.0032,RPC
FETCH,1763419024.892,7104,911,0.0033,RPC
FETCH,1763419024.896,7104,547,0.0033,RPC
FETCH,1763419024.899,7104,144,0.0034,RPC
FETCH,1763419024.903,7104,834,0.0033,RPC
FETCH,1763419024.906,7104,690,0.0036,RPC
FETCH,1763419024.910,7104,837,0.0032,RPC
FETCH,1763419024.913,7104,842,0.0033,RPC
FETCH,1763419024.916,7104,745,0.0033,RPC
FETCH,1763419024.920,7104,763,0.0033,RPC
FETCH,1763419024.923,7104,115,0.0035,RPC
FETCH,1763419024.927,7104,827,0.0032,RPC
FETCH,1763419024.930,7104,14,0.0034,RPC
FETCH,1763419024.934,7104,473,0.0040,RPC
FETCH,1763419024.938,7104,234,0.0033,RPC
FETCH,1763419024.941,7104,931,0.0033,RPC
FETCH,1763419024.945,7104,350,0.0040,RPC
FETCH,1763419024.949,7104,881,0.0033,RPC
FETCH,1763419024.952,7104,535,0.0034,RPC
FETCH,1763419024.956,7104,528,0.0035,RPC
FETCH,1763419024.959,7104,19,0.0034,RPC
FETCH,1763419024.963,7104,138,0.0034,RPC
FETCH,1763419024.966,7104,805,0.0032,RPC
FETCH,1763419024.969,7104,618,0.0032,RPC
FETCH,1763419024.973,7104,86,0.0033,RPC
FETCH,1763419024.976,7104,124,0.0033,RPC
FETCH,1763419024.980,7104,333,0.0038,RPC
FETCH,1763419024.984,7104,256,0.0040,RPC
FETCH,1763419024.988,7104,472,0.0040,RPC
FETCH,1763419024.992,7104,0,0.0034,RPC
FETCH,1763419024.996,7104,831,0.0035,RPC
FETCH,1763419024.999,7104,880,0.0034,RPC
FETCH,1763419025.003,7104,65,0.0034,RPC
FETCH,1763419025.006,7104,857,0.0034,RPC
FETCH,1763419025.010,7104,418,0.0040,RPC
FETCH,1763419025.014,7104,717,0.0035,RPC
FETCH,1763419025.017,7104,986,0.0036,RPC
FETCH,1763419025.022,7104,403,0.0047,RPC
FETCH,1763419025.026,7104,104,0.0038,RPC
FETCH,1763419025.030,7104,937,0.0037,RPC
FETCH,1763419025.033,7104,23,0.0033,RPC
FETCH,1763419025.037,7104,766,0.0038,RPC
FETCH,1763419025.041,7104,640,0.0037,RPC
FETCH,1763419025.045,7104,469,0.0041,RPC
FETCH,1763419025.050,7104,297,0.0043,RPC
FETCH,1763419025.055,7104,52,0.0046,RPC
FETCH,1763419025.062,7104,481,0.0067,RPC
FETCH,1763419025.068,7104,399,0.0060,RPC
FETCH,1763419025.073,7104,996,0.0043,RPC
FETCH,1763419025.076,7104,601,0.0038,RPC
FETCH,1763419025.081,7104,289,0.0048,RPC
FETCH,1763419025.086,7104,642,0.0039,RPC
FETCH,1763419025.092,7104,328,0.0058,RPC
FETCH,1763419025.099,7104,258,0.0068,RPC
FETCH,1763419025.105,7104,664,0.0056,RPC
FETCH,1763419025.111,7104,518,0.0056,RPC
FETCH,1763419025.117,7104,27,0.0057,RPC
FETCH,1763419025.121,7104,3,0.0038,RPC
FETCH,1763419025.124,7104,800,0.0030,RPC
FETCH,1763419025.130,7104,702,0.0052,RPC
FETCH,1763419025.133,7104,969,0.0036,RPC
FETCH,1763419025.137,7104,181,0.0032,RPC
FETCH,1763419025.140,7104,941,0.0030,RPC
FETCH,1763419025.143,7104,925,0.0029,RPC
FETCH,1763419025.146,7104,685,0.0030,RPC
PROCESS,1763419026.817,7063,100,[847, 581, 272, 693, 496, 338, 91, 257, 266, 906, 188, 339, 56, 951, 638, 177, 386, 431, 785, 987, 118, 433, 482, 367, 483, 326, 224, 301, 274, 726, 28, 768, 870, 377, 662, 102, 980, 692, 173, 286, 597, 873, 574, 416, 444, 130, 499, 600, 897, 105, 772, 485, 424, 991, 376, 164, 60, 549, 736, 860, 216, 712, 141, 867, 994, 543, 348, 209, 989, 395, 820, 735, 508, 34, 288, 278, 201, 966, 949, 167, 137, 299, 420, 425, 627, 160, 635, 711, 611, 582, 443, 946, 667, 487, 205, 613, 322, 626, 80, 507]
PROCESS,1763419028.860,7063,100,[672, 166, 656, 556, 453, 343, 976, 968, 709, 576, 875, 850, 533, 579, 932, 505, 323, 663, 853, 131, 598, 878, 120, 595, 235, 373, 366, 432, 161, 401, 64, 175, 439, 405, 803, 718, 476, 219, 59, 477, 795, 15, 320, 619, 149, 119, 241, 146, 440, 641, 32, 703, 577, 634, 562, 818, 960, 900, 17, 139, 334, 934, 25, 204, 396, 560, 103, 673, 895, 445, 185, 593, 284, 930, 267, 554, 111, 335, 16, 389, 815, 762, 246, 275, 147, 844, 544, 695, 441, 277, 311, 1, 620, 172, 716, 504, 523, 45, 41, 340]
PROCESS,1763419030.949,7063,100,[502, 422, 707, 550, 7, 636, 364, 220, 231, 871, 603, 907, 813, 807, 832, 957, 769, 884, 123, 728, 995, 526, 748, 513, 221, 639, 165, 548, 940, 764, 845, 708, 744, 312, 700, 889, 157, 953, 383, 76, 840, 379, 260, 610, 495, 643, 244, 447, 255, 324, 263, 128, 308, 22, 287, 570, 67, 779, 866, 84, 462, 26, 912, 310, 563, 679, 915, 180, 719, 184, 182, 565, 753, 68, 237, 979, 591, 449, 72, 774, 114, 928, 829, 410, 341, 894, 885, 886, 967, 62, 863, 566, 584, 990, 715, 948, 725, 331, 780, 846]
PROCESS,1763419033.066,7063,100,[578, 351, 374, 375, 786, 423, 82, 792, 479, 546, 678, 963, 665, 520, 770, 514, 156, 952, 606, 402, 412, 793, 985, 206, 998, 975, 705, 891, 749, 964, 163, 612, 302, 122, 781, 972, 330, 407, 596, 516, 773, 353, 270, 738, 10, 630, 370, 415, 465, 743, 838, 228, 647, 315, 414, 903, 452, 227, 537, 529, 71, 810, 108, 306, 345, 336, 723, 93, 573, 843, 947, 498, 632, 633, 259, 327, 426, 36, 381, 782, 615, 722, 33, 210, 87, 970, 478, 645, 983, 457, 191, 822, 434, 109, 385, 699, 393, 368, 18, 349]
PROCESS,1763419035.150,7063,100,[199, 300, 359, 666, 179, 404, 724, 313, 585, 428, 545, 21, 148, 804, 468, 212, 490, 675, 491, 856, 974, 54, 754, 222, 12, 801, 750, 552, 225, 81, 77, 446, 734, 356, 293, 956, 862, 316, 249, 192, 116, 190, 419, 670, 553, 174, 935, 143, 454, 30, 176, 283, 721, 253, 11, 501, 89, 285, 760, 590, 48, 919, 391, 532, 737, 127, 977, 38, 282, 133, 517, 500, 238, 183, 397, 63, 321, 6, 53, 506, 358, 680, 357, 435, 530, 655, 279, 939, 113, 355, 859, 653, 746, 527, 706, 784, 637, 132, 99, 569]
PROCESS,1763419037.221,7063,100,[307, 876, 158, 575, 816, 486, 269, 531, 954, 363, 599, 950, 828, 214, 466, 35, 644, 893, 602, 623, 413, 851, 874, 515, 899, 236, 622, 631, 909, 609, 39, 904, 480, 571, 470, 696, 920, 945, 230, 902, 918, 305, 90, 337, 464, 965, 929, 910, 281, 916, 756, 833, 142, 458, 806, 247, 869, 938, 168, 525, 85, 296, 58, 588, 215, 892, 248, 189, 536, 896, 646, 776, 849, 380, 394, 973, 689, 112, 195, 73, 997, 660, 162, 213, 757, 4, 388, 589, 378, 608, 924, 31, 740, 264, 879, 461, 710, 488, 13, 171]
PROCESS,1763419039.336,7063,100,[75, 273, 658, 913, 914, 503, 926, 208, 905, 802, 758, 352, 448, 962, 154, 155, 456, 467, 825, 369, 9, 540, 657, 890, 436, 694, 291, 628, 304, 882, 572, 682, 489, 110, 697, 387, 865, 676, 521, 239, 437, 42, 607, 243, 787, 944, 701, 649, 999, 94, 605, 44, 901, 835, 551, 411, 542, 922, 836, 55, 226, 135, 240, 268, 265, 360, 923, 821, 346, 409, 747, 555, 883, 46, 37, 659, 186, 314, 460, 232, 826, 271, 295, 354, 136, 252, 927, 568, 993, 92, 669, 24, 741, 298, 872, 955, 512, 361, 648, 557]
PROCESS,1763419041.397,7063,100,[683, 229, 778, 197, 811, 233, 150, 796, 936, 384, 344, 617, 51, 474, 492, 49, 688, 187, 908, 561, 125, 362, 400, 988, 539, 650, 839, 242, 713, 129, 471, 604, 455, 250, 868, 824, 911, 547, 144, 834, 690, 837, 842, 745, 763, 115, 827, 14, 473, 234, 931, 350, 881, 535, 528, 19, 138, 805, 618, 86, 124, 333, 256, 472, 0, 831, 880, 65, 857, 418, 717, 986, 403, 104, 937, 23, 766, 640, 469, 297, 52, 481, 399, 996, 601, 289, 642, 328, 258, 664, 518, 27, 3, 800, 702, 969, 181, 941, 925, 685]
